date,fold,strategy_label,paired_trade_id,bar_entry,side,strike,contract_idx,delta_at_entry,spread_at_entry,context_spread_at_entry,entry_mid,trigger_vwap_dist_min_prior,trigger_vwap_dist_now,first15_acceptance_at_entry,bar_delta_at_entry,bar_exit,exit_mid,bars_held,exit_reason,gross_pct,spread_cost_pct,net_pct,net_pnl_dollars,vix_regime_at_entry,predicted_net_pct,score_rank_in_day,n_candidates_in_day,coverage,argmax_pred,threshold_used
2024-12-19,0,strategy,-1,114,C,5910.0,195,0.5231439471244812,0.019999999552965164,0.05183098465204239,17.600000381469727,0.0,0.000604640634264797,-1.0,0.3263888955116272,120,18.0,6,time_stop,0.022727250560256557,0.006360000157356262,0.016367250402900296,28.806361333465574,0.33000001311302185,0.008375796123471365,1,142,0.2,0.008375796123471365,0.003231614388411791
2025-01-08,0,strategy,-1,109,C,5905.0,140,0.4975437819957733,0.019999999552965164,0.029197080060839653,13.699999809265137,0.0,0.0008666717330925167,0.2032710313796997,0.75,110,15.5,1,target_first15,0.13138687706532273,0.006,0.12538687706532273,171.78001918792725,-0.33000001311302185,0.00640843123394154,1,178,0.2,0.00640843123394154,0.003231614388411791
2025-01-14,0,strategy,-1,45,C,5865.0,155,0.5039198398590088,0.020723683759570122,0.06101695075631142,15.199999809265137,0.0,0.0007924041128717363,0.012820512987673283,0.9951691031455994,51,12.600000381469727,6,stop_vwap,-0.17105259608033577,0.008,-0.17905259608033577,-272.1599426269532,-0.33000001311302185,0.004639640349820581,1,172,0.2,0.004639640349820581,0.003231614388411791
2025-01-16,0,strategy,-1,93,C,5960.0,148,0.4941514730453491,0.022361110895872116,0.06304248422384262,10.800000190734863,0.0,0.0013258530525490642,0.16870415210723877,0.06172839552164078,98,13.279999732971191,5,target_first15,0.22962958318870008,0.006,0.22362958318870008,241.51995410919187,-0.33000001311302185,0.00430253545957589,1,162,0.2,0.00430253545957589,0.003231614388411791
2025-01-21,0,strategy,-1,92,P,6020.0,205,-0.46555590629577637,0.026538461446762085,0.1004566177725792,9.100000381469727,0.0,-0.00041175607475452125,-0.2383503019809723,-0.8623188138008118,95,7.400000095367432,3,stop_vwap,-0.18681321042183632,0.006,-0.19281321042183633,-175.46002883911132,-0.33000001311302185,0.010890054913620916,1,172,0.2,0.010890054913620916,0.003231614388411791
2025-01-27,0,strategy,-1,115,C,5985.0,200,0.522610604763031,0.019999999552965164,0.0391618013381958,14.300000190734863,0.0,-0.0016293791122734547,0.16296669840812683,-0.8907563090324402,116,14.199999809265137,1,stop_vwap,-0.00699303357593785,0.006,-0.01299303357593785,-18.580038261413577,-0.33000001311302185,0.013927198162123823,1,176,0.2,0.013927198162123823,0.003231614388411791
2025-01-28,0,strategy,-1,40,C,6025.0,145,0.47940921783447266,0.02800000086426735,0.07847151160240173,12.5,0.0,0.0008874922059476376,0.5507246255874634,0.6212121248245239,42,14.800000190734863,2,target_first15,0.18400001525878906,0.008,0.17600001525878906,220.00001907348633,-0.33000001311302185,0.003287357741687456,1,166,0.2,0.003287357741687456,0.003231614388411791
2025-02-04,0,strategy,-1,119,C,6040.0,154,0.509331464767456,0.04010416567325592,0.11891891807317734,9.600000381469727,0.0,0.0043707541190087795,1.0,0.9692307710647583,120,8.5,1,target_first15,-0.1145833685166292,0.006,-0.12058336851662921,-115.76003837585449,-0.33000001311302185,0.027953829302050773,1,174,0.2,0.027953829302050773,0.003231614388411791
2025-02-05,0,strategy,-1,117,C,6030.0,140,0.47595158219337463,0.023333333432674408,0.06666667014360428,9.0,0.0,0.0008388234418816864,0.3451824188232422,0.429824560880661,119,10.970000267028809,2,target_first15,0.2188889185587565,0.006,0.2128889185587565,191.60002670288085,-0.33000001311302185,0.014579879849357255,1,156,0.2,0.014579879849357255,0.003231614388411791
2025-02-06,0,strategy,-1,95,C,6070.0,152,0.4842410683631897,0.019999999552965164,0.04444444552063942,9.199999809265137,0.0,-0.000710353022441268,-1.0,0.0,96,9.430000305175781,1,stop_vwap,0.025000054421633316,0.006,0.019000054421633314,17.480049705505373,-0.33000001311302185,0.008547623399771411,1,152,0.2,0.008547623399771411,0.003231614388411791
2025-02-12,0,strategy,-1,117,C,6020.0,128,0.5109114050865173,0.03581395372748375,0.10107197612524033,12.899999618530273,0.0,-0.0008345641545020044,0.5344203114509583,-0.8843283653259277,118,13.899999618530273,1,stop_vwap,0.07751938213730988,0.006,0.07151938213730988,92.26000022888184,-0.33000001311302185,0.00875885378032919,1,166,0.2,0.00875885378032919,0.003231614388411791
2025-02-27,0,strategy,-1,57,C,5970.0,156,0.48694249987602234,0.03459302335977554,0.06438631564378738,17.200000762939453,0.0,0.0012362577253952622,-0.8054128289222717,-0.0881458967924118,62,13.819999694824219,5,stop_vwap,-0.19651168129004185,0.008,-0.20451168129004185,-351.76010742187503,-0.33000001311302185,0.008321425778999931,1,160,0.2,0.008321425778999931,0.003231614388411791
2025-03-13,0,strategy,-1,59,C,5580.0,149,0.5031514167785645,0.033149778842926025,0.09178228676319122,22.700000762939453,0.0,0.00016859998868312687,-1.0,-0.7308642268180847,66,19.100000381469727,7,stop_vwap,-0.1585903198447099,0.00848000020980835,-0.16707032005451825,-379.24963927021025,0.33000001311302185,0.006169882332629968,1,148,0.2,0.006169882332629968,0.003231614388411791
2025-03-17,0,strategy,-1,119,P,5650.0,167,-0.5055408477783203,0.062468353658914566,0.1733333319425583,15.800000190734863,0.0,-0.0009014041861519217,-0.040462426841259,-0.8522727489471436,120,14.0,1,time_stop,-0.11392406132946664,0.006360000157356262,-0.1202840614868229,-190.0488194434166,0.33000001311302185,0.011455742183028562,1,174,0.2,0.011455742183028562,0.003231614388411791
2025-04-25,1,strategy,-1,83,C,5490.0,260,0.47963061928749084,0.04254143685102463,0.10784313827753067,18.100000381469727,0.0,0.001232451875694096,-0.06131451204419136,0.9136363863945007,86,13.279999732971191,3,stop_vwap,-0.2662983727576667,0.006360000157356262,-0.272658372915023,-493.5116653772831,0.33000001311302185,0.004715118688913636,1,150,0.2,0.004715118688913636,0.004685798629667804
2025-05-07,1,strategy,-1,82,C,5620.0,218,0.4950571060180664,0.031264692544937134,0.0873563215136528,21.270000457763672,0.0,-0.001229970483109355,-0.3890634775161743,-0.963942289352417,83,20.0,1,stop_vwap,-0.059708529874531076,0.006360000157356262,-0.06606853003188734,-140.52776640220165,0.33000001311302185,0.006851644284912957,1,114,0.2,0.006851644284912957,0.004685798629667804
2025-07-11,2,strategy,-1,108,P,6250.0,204,-0.46424415707588196,0.041564926505088806,0.07385524362325668,9.010000228881836,0.0,-0.00035173885407857597,0.38979119062423706,0.32203391194343567,110,6.5,2,stop_vwap,-0.2785793745971229,0.006,-0.2845793745971229,-256.4060230255127,-0.33000001311302185,0.00891019222571362,1,182,0.2,0.00891019222571362,0.0016944152209754587
2025-07-17,2,strategy,-1,58,P,6275.0,146,-0.5092546343803406,0.03797169774770737,0.12161348760128021,10.600000381469727,0.0,-0.00019491849525365978,0.4596026539802551,-0.488095223903656,59,9.0,1,stop_vwap,-0.15094342678201686,0.008,-0.15894342678201687,-168.48003845214842,-0.33000001311302185,0.00840203083038476,1,174,0.2,0.00840203083038476,0.0016944152209754587
2025-07-24,2,strategy,-1,40,P,6370.0,179,-0.4950645864009857,0.03846153989434242,0.10778442770242691,9.100000381469727,0.0,8.373806485906243e-05,0.5075021982192993,0.28326180577278137,41,9.199999809265137,1,stop_vwap,0.010988947648731791,0.008,0.002988947648731791,2.7199424743652343,-0.33000001311302185,0.017780059845598294,1,159,0.2,0.017780059845598294,0.0016944152209754587
2025-07-25,2,strategy,-1,36,P,6375.0,226,-0.5122948884963989,0.056976743042469025,0.13533835113048553,8.600000381469727,0.0,6.387969187926501e-05,0.5097402334213257,0.8549222946166992,40,7.900000095367432,4,stop_vwap,-0.0813953784944677,0.008,-0.08939537849446769,-76.88002891540528,-0.33000001311302185,0.03042702884799895,1,171,0.2,0.03042702884799895,0.0016944152209754587
2025-07-28,2,strategy,-1,75,P,6400.0,187,-0.5237908959388733,0.0416666679084301,0.13333334028720856,8.399999618530273,0.0,0.00014117696264293045,0.34818288683891296,-0.818965494632721,76,8.899999618530273,1,stop_vwap,0.05952381222696814,0.006,0.05352381222696814,44.96000022888184,-0.33000001311302185,0.012171726068041804,1,165,0.2,0.012171726068041804,0.0016944152209754587
2025-08-06,2,strategy,-1,51,P,6310.0,168,-0.47271183133125305,0.06662113219499588,0.14592275023460388,10.979999542236328,0.0,-0.00012862060975749046,0.4758394658565521,-0.3898809552192688,53,16.700000762939453,2,target_first15,0.5209473095786774,0.008,0.5129473095786774,563.2161224365234,-0.33000001311302185,0.010585864946306036,1,158,0.2,0.010585864946306036,0.0016944152209754587
2025-08-12,2,strategy,-1,64,C,6410.0,191,0.47199487686157227,0.053989361971616745,0.125490203499794,9.399999618530273,0.0,0.000726952392142266,0.11789572238922119,-1.0,81,14.199999809265137,17,target_first15,0.5106383388859501,0.006,0.5046383388859501,474.36001930236824,-0.33000001311302185,0.0018320336390046116,1,154,0.2,0.0018320336390046116,0.0016944152209754587
2025-08-14,2,strategy,-1,118,P,6455.0,185,-0.5372169017791748,0.06422018259763718,0.1492537260055542,10.899999618530273,0.0,-0.0008328582625836134,0.7304277420043945,0.800000011920929,120,10.350000381469727,2,time_stop,-0.05045864736779755,0.006,-0.05645864736779755,-61.539923477172856,-0.33000001311302185,0.05216483262268239,1,169,0.2,0.05216483262268239,0.0016944152209754587
2025-09-03,2,strategy,-1,55,C,6445.0,167,0.46853819489479065,0.055263157933950424,0.1435793787240982,7.599999904632568,0.0,0.0006741981487721205,0.23949579894542694,0.9922178983688354,59,4.900000095367432,4,stop_vwap,-0.35526313725600916,0.008,-0.36326313725600917,-276.0799808502197,-0.33000001311302185,0.003221025193097271,1,146,0.2,0.003221025193097271,0.0016944152209754587
2025-09-30,3,strategy,-1,45,C,6655.0,236,0.488158255815506,0.03737863898277283,0.1094527393579483,10.300000190734863,0.0,5.184558904147707e-05,0.1231696829199791,0.5495049357414246,47,12.300000190734863,2,target_first15,0.19417475368583542,0.008,0.18617475368583541,191.7599998474121,-0.33000001311302185,0.0042791374532805,1,170,0.2,0.0042791374532805,0.0010731235852806731
2025-10-14,3,strategy,-1,39,C,6595.0,196,0.5053449869155884,0.050724636763334274,0.1388888955116272,20.700000762939453,0.0,0.0023838903289288282,0.6479449272155762,-0.8060150146484375,40,21.829999923706055,1,target_first15,0.054589329426002337,0.00848000020980835,0.046109329216193984,95.44631499538418,0.33000001311302185,0.002483281887240891,1,180,0.2,0.002483281887240891,0.0010731235852806731
2025-10-17,3,strategy,-1,30,C,6620.0,297,0.5099701285362244,0.04878048598766327,0.13029316067695618,28.700000762939453,0.0,-1.4777902833884582e-05,0.11708645522594452,-0.8908296823501587,32,37.599998474121094,2,target_first15,0.3101044416233703,0.00848000020980835,0.301624441413562,865.6621698690415,0.33000001311302185,0.00331479150651415,1,158,0.2,0.00331479150651415,0.0010731235852806731
2025-11-05,3,strategy,-1,106,C,6795.0,170,0.46935808658599854,0.04537037014961243,0.10526315867900848,10.800000190734863,0.0,0.000689451233483851,1.0,-0.5420168042182922,107,9.800000190734863,1,target_first15,-0.09259259095734859,0.006,-0.0985925909573486,-106.48000011444093,-0.33000001311302185,0.009418781334464832,1,168,0.2,0.009418781334464832,0.0010731235852806731
2025-11-07,3,strategy,-1,33,C,6675.0,201,0.4839862287044525,0.052931033074855804,0.1473684161901474,20.299999237060547,0.0,-0.0007344938931055367,-0.44853800535202026,-0.8183391094207764,34,18.899999618530273,1,stop_vwap,-0.06896550104171306,0.00848000020980835,-0.07744550125152141,-157.21436163196563,0.33000001311302185,0.0018737903243559362,1,174,0.2,0.0018737903243559362,0.0010731235852806731
2025-11-18,3,strategy,-1,30,P,6610.0,153,-0.5121684670448303,0.06103202700614929,0.16603773832321167,28.100000381469727,0.0,-0.003508042311295867,-1.0,0.6381418108940125,31,31.0,1,target_first15,0.1032028319986305,0.00848000020980835,0.09472283178882215,266.17116093997953,0.33000001311302185,0.01931135019011287,1,120,0.2,0.01931135019011287,0.0010731235852806731
2025-11-19,3,strategy,-1,93,P,6650.0,196,-0.5060559511184692,0.04170984402298927,0.09142857044935226,19.299999237060547,0.0,-0.0018474775133654475,0.915939211845398,-0.5508474707603455,120,23.75,27,time_stop,0.23056999683162696,0.006360000157356262,0.2242099966742707,432.7252764754772,0.33000001311302185,0.0323505363563516,1,150,0.2,0.0323505363563516,0.0010731235852806731
2025-11-24,3,strategy,-1,41,C,6660.0,212,0.49678274989128113,0.06525116413831711,0.18367347121238708,19.309999465942383,0.0,0.0006260031368583441,0.25979679822921753,-0.5833333134651184,44,24.899999618530273,3,target_first15,0.2894873281818127,0.00848000020980835,0.2810073279720044,542.6251353065301,0.33000001311302185,0.0041975212230441995,1,178,0.2,0.0041975212230441995,0.0010731235852806731
2025-11-25,3,strategy,-1,81,C,6710.0,190,0.4807054102420807,0.04683098569512367,0.11343283951282501,14.199999809265137,0.0,0.0016442494234070182,0.4270871877670288,-0.4545454680919647,88,18.299999237060547,7,target_first15,0.2887323579483618,0.006360000157356262,0.2823723577910055,400.96874267740253,0.33000001311302185,0.00975113114525893,1,156,0.2,0.00975113114525893,0.0010731235852806731
2025-11-26,3,strategy,-1,60,C,6800.0,189,0.49530109763145447,0.03801169618964195,0.1097046434879303,11.970000267028809,0.0,0.00022466114023700356,0.2153589278459549,0.8609022498130798,64,13.899999618530273,4,target_first15,0.1612363666204436,0.006,0.1552363666204436,185.8179349899292,-0.33000001311302185,0.0058759751988477936,1,156,0.2,0.0058759751988477936,0.0010731235852806731
2025-12-01,3,strategy,-1,62,P,6815.0,200,-0.5225533843040466,0.019999999552965164,0.06451612710952759,16.020000457763672,0.0,-0.0006994584109634161,0.39988046884536743,-0.43478259444236755,72,13.100000381469727,10,stop_vwap,-0.18227215935433036,0.006,-0.18827215935433037,-301.61200790405275,-0.33000001311302185,0.003501529780539551,1,172,0.2,0.003501529780539551,0.0010731235852806731
2025-12-05,4,strategy,-1,87,P,6880.0,229,-0.5190861225128174,0.08203125,0.1705426424741745,12.800000190734863,0.0,-0.0006818816182203591,0.7962813377380371,0.2283104956150055,117,11.600000381469727,30,time_stop,-0.09374998370185518,0.006,-0.09974998370185519,-127.67998104095459,-0.33000001311302185,-6.596506380178849e-05,1,156,0.2,-6.596506380178849e-05,-0.00013280237633411896
2025-12-24,4,strategy,-1,99,P,6925.0,141,-0.45940327644348145,0.04921875149011612,0.1946902722120285,3.200000047683716,0.0,0.0012338121887296438,1.0,0.3162393271923065,100,2.7699999809265137,1,stop_vwap,-0.13437501885928185,0.006,-0.14037501885928186,-44.92000670433045,-1.0,0.001051087348716064,1,70,0.2,0.001051087348716064,-0.00013280237633411896
2026-01-06,4,strategy,-1,93,P,6915.0,145,-0.5084601044654846,0.03319999948143959,0.08743169158697128,8.75,0.0,-0.001035764697007835,1.0,-0.5546875,120,5.5,27,time_stop,-0.37142857142857144,0.006,-0.37742857142857145,-330.25,-0.33000001311302185,0.0010744881264680357,1,128,0.2,0.0010744881264680357,-0.00013280237633411896
2026-01-22,4,strategy,-1,115,C,6925.0,162,0.48532259464263916,0.05882352963089943,0.16867469251155853,8.329999923706055,0.0,0.0014780975179746747,0.12771084904670715,0.5,120,7.400000095367432,5,time_stop,-0.11164463827808319,0.006,-0.11764463827808319,-97.99798278808593,-0.33000001311302185,0.004991328585418202,1,160,0.2,0.004991328585418202,-0.00013280237633411896
2026-02-04,4,strategy,-1,54,C,6925.0,173,0.49080169200897217,0.03419540077447891,0.09631728380918503,17.399999618530273,0.0,0.0011205628979951143,-0.005982906091958284,0.04746835306286812,61,14.699999809265137,7,stop_vwap,-0.1551724062332593,0.008,-0.16317240623325932,-283.9199806213379,-0.33000001311302185,0.0009784902398512335,1,112,0.2,0.0009784902398512335,-0.00013280237633411896
2026-02-06,4,strategy,-1,36,P,6860.0,198,-0.5140382647514343,0.06350211054086685,0.1526418775320053,23.700000762939453,0.0,-0.00109591125510633,0.3055601119995117,-0.9735376238822937,40,16.299999237060547,4,stop_vwap,-0.3122363412515394,0.008,-0.3202363412515394,-758.9601531982422,-0.33000001311302185,0.01331872734146086,1,162,0.2,0.01331872734146086,-0.00013280237633411896
2026-02-10,4,strategy,-1,113,P,6970.0,165,-0.5261114239692688,0.08521739393472672,0.1785714328289032,11.5,0.0,-0.0008479475509375334,0.0023980815894901752,0.8468468189239502,120,11.399999618530273,7,time_stop,-0.008695685345193615,0.006,-0.014695685345193615,-16.90003814697266,-0.33000001311302185,0.00038099628130949505,1,158,0.2,0.00038099628130949505,-0.00013280237633411896
2026-02-17,4,strategy,-1,93,C,6815.0,177,0.488523930311203,0.06549707800149918,0.17391304671764374,17.100000381469727,0.0,0.0008478324743919075,-1.0,-0.4320388436317444,109,38.599998474121094,16,target_first15,1.2573098019313298,0.006360000157356262,1.2509498017739735,2139.1242087534424,0.33000001311302185,-7.366914050550061e-05,1,156,0.2,-7.366914050550061e-05,-0.00013280237633411896
2024-12-19,0,control_A,0,46,C,5910.0,195,0.5039860606193542,0.03408854082226753,0.1003488078713417,19.200000762939453,0.0,-0.0012110493844375014,-1.0,0.375,47,19.030000686645508,1,stop_vwap,-0.008854170288476536,0.00848000020980835,-0.017334170498284885,-33.28160867919924,0.33000001311302185,0.0,-1,0,0.2,0.0,0.003231614388411791
2025-01-16,0,control_A,3,71,C,5945.0,142,0.4789911210536957,0.05431034415960312,0.1877022683620453,11.600000381469727,0.0,-0.0014064693823456764,-1.0,-0.9699074029922485,72,11.100000381469727,1,stop_vwap,-0.04310344685839137,0.006,-0.04910344685839137,-56.96000022888184,-0.33000001311302185,0.0,-1,0,0.2,0.0,0.003231614388411791
2025-01-21,0,control_A,4,109,P,6030.0,209,-0.5145649909973145,0.02973387949168682,0.07726409286260605,9.770000457763672,0.0,0.000711588654667139,0.5125870108604431,0.8831169009208679,110,9.600000381469727,1,stop_vwap,-0.01740021170202257,0.006,-0.02340021170202257,-22.862007904052735,-0.33000001311302185,0.0,-1,0,0.2,0.0,0.003231614388411791
2025-01-27,0,control_A,5,66,C,6015.0,212,0.46935030817985535,0.03743478283286095,0.10884353518486023,11.5,0.0,0.002904475899413228,1.0,-0.6829268336296082,67,12.0,1,target_first15,0.043478260869565216,0.006,0.03747826086956522,43.1,-0.33000001311302185,0.0,-1,0,0.2,0.0,0.003231614388411791
2025-01-28,0,control_A,6,97,C,6055.0,157,0.4828319549560547,0.026923077180981636,0.07909604161977768,9.100000381469727,0.0,0.0043877968564629555,1.0,0.3055555522441864,98,9.0,1,target_first15,-0.010989052448102828,0.006,-0.01698905244810283,-15.460038375854495,-0.33000001311302185,0.0,-1,0,0.2,0.0,0.003231614388411791
2025-02-04,0,control_A,7,77,C,6025.0,148,0.5299457311630249,0.03656716272234917,0.10769230872392654,13.399999618530273,0.0,0.002726540667936206,1.0,0.1450381726026535,78,13.600000381469727,1,target_first15,0.014925430495003956,0.006,0.008925430495003956,11.960076522827148,-0.33000001311302185,0.0,-1,0,0.2,0.0,0.003231614388411791
2025-02-05,0,control_A,8,105,C,6030.0,140,0.5101349353790283,0.021212121471762657,0.05882352963089943,9.899999618530273,0.0,0.0011898948578163981,0.7287184000015259,-0.018691588193178177,119,10.970000267028809,14,target_first15,0.10808087775031495,0.006,0.10208087775031495,101.06006507873535,-0.33000001311302185,0.0,-1,0,0.2,0.0,0.003231614388411791
2025-02-06,0,control_A,9,87,C,6070.0,152,0.4703804850578308,0.019999999552965164,0.05046480894088745,8.84000015258789,0.0,-0.0008747726096771657,-1.0,0.7746478915214539,88,8.399999618530273,1,stop_vwap,-0.04977381521071671,0.006,-0.055773815210716705,-49.30405349731445,-0.33000001311302185,0.0,-1,0,0.2,0.0,0.003231614388411791
2025-02-27,0,control_A,11,70,C,5965.0,154,0.47959116101264954,0.04975801706314087,0.1300613433122635,16.530000686645508,0.0,0.000273864803602919,-1.0,-0.8404762148857117,82,13.5,12,stop_vwap,-0.1833031192245157,0.006,-0.1893031192245157,-312.91806907653813,-0.33000001311302185,0.0,-1,0,0.2,0.0,0.003231614388411791
2025-03-13,0,control_A,12,76,C,5575.0,147,0.4853885769844055,0.04468446597456932,0.10309278219938278,20.600000381469727,0.0,-0.0010634575737640262,-1.0,-0.5934579372406006,77,19.5,1,stop_vwap,-0.05339807578155229,0.006360000157356262,-0.059758075938908556,-123.10163871374131,0.33000001311302185,0.0,-1,0,0.2,0.0,0.003231614388411791
2025-03-17,0,control_A,13,31,P,5660.0,171,-0.5173184275627136,0.05724138021469116,0.18095238506793976,20.299999237060547,0.0,0.0007037768373265862,0.407101571559906,-0.9858757257461548,32,21.200000762939453,1,stop_vwap,0.04433505220216092,0.00848000020980835,0.035855051992352574,72.78575280895235,0.33000001311302185,0.0,-1,0,0.2,0.0,0.003231614388411791
2025-07-11,2,control_A,0,86,P,6260.0,208,-0.5065774917602539,0.0507499985396862,0.12345679104328156,10.0,0.0,0.000858969462569803,1.0,0.5670102834701538,87,10.25,1,stop_vwap,0.025,0.006,0.019000000000000003,19.000000000000004,-0.33000001311302185,0.0,-1,0,0.2,0.0,0.0016944152209754587
2025-07-17,2,control_A,1,31,P,6285.0,150,-0.5253973007202148,0.04749999940395355,0.1764705926179886,11.199999809265137,0.0,0.0014150062343105674,1.0,0.7003745436668396,32,11.199999809265137,1,stop_vwap,0.0,0.008,-0.008,-8.959999847412108,-0.33000001311302185,0.0,-1,0,0.2,0.0,0.0016944152209754587
2025-07-24,2,control_A,2,75,P,6375.0,181,-0.5202013254165649,0.03017241321504116,0.1292775720357895,8.699999809265137,0.0,0.0007317027193494141,1.0,0.40714284777641296,76,8.699999809265137,1,stop_vwap,0.0,0.006,-0.006,-5.219999885559083,-1.0,0.0,-1,0,0.2,0.0,0.0016944152209754587
2025-07-25,2,control_A,3,61,P,6375.0,226,-0.4887693226337433,0.04352563992142677,0.1382751315832138,7.800000190734863,0.0,0.00020659741130657494,0.9285714030265808,-0.7382550239562988,62,7.5,1,stop_vwap,-0.038461561974218274,0.006,-0.04446156197421827,-34.68001918792724,-0.33000001311302185,0.0,-1,0,0.2,0.0,0.0016944152209754587
2025-07-28,2,control_A,4,104,P,6395.0,185,-0.49727383255958557,0.020337838679552078,0.05982214957475662,7.400000095367432,0.0,-0.0003682746028061956,-0.49824151396751404,0.8854166865348816,107,8.199999809265137,3,target_first15,0.10810806805239409,0.006,0.10210806805239409,75.55997133255005,-0.33000001311302185,0.0,-1,0,0.2,0.0,0.0016944152209754587
2025-08-12,2,control_A,6,60,C,6415.0,193,0.469264417886734,0.0325581394135952,0.07999999821186066,8.600000381469727,0.0,0.0015289231669157743,0.5847815871238708,0.6153846383094788,81,10.899999618530273,21,target_first15,0.26744175988832697,0.006,0.26144175988832696,224.83992347717287,-0.33000001311302185,0.0,-1,0,0.2,0.0,0.0016944152209754587
2025-08-14,2,control_A,7,50,P,6465.0,189,-0.5249106287956238,0.03750000149011612,0.14414414763450623,11.199999809265137,0.0,0.0014035903150215745,1.0,-0.23711340129375458,51,12.899999618530273,1,stop_vwap,0.15178569984071083,0.008,0.14378569984071082,161.03998107910152,-1.0,0.0,-1,0,0.2,0.0,0.0016944152209754587
2025-09-03,2,control_A,8,45,C,6435.0,163,0.45978671312332153,0.05791666731238365,0.18536585569381714,8.399999618530273,0.0,-0.000992150860838592,-1.0,0.9156626462936401,46,8.699999809265137,1,stop_vwap,0.035714310042713256,0.008,0.027714310042713255,23.280019378662107,-0.33000001311302185,0.0,-1,0,0.2,0.0,0.0016944152209754587
2025-09-30,3,control_A,0,101,C,6655.0,236,0.5197580456733704,0.04717973247170448,0.13061602413654327,10.460000038146973,0.0,0.00033884539152495563,0.5055986046791077,-0.7704402804374695,102,11.300000190734863,1,target_first15,0.08030594163713786,0.006,0.07430594163713786,77.72401523590086,-0.33000001311302185,0.0,-1,0,0.2,0.0,0.0010731235852806731
2025-10-14,3,control_A,1,77,C,6620.0,206,0.5045448541641235,0.056116390973329544,0.1487603336572647,16.84000015258789,0.0,0.004609277006238699,1.0,-0.9699398875236511,78,18.100000381469727,1,target_first15,0.07482186564518559,0.006360000157356262,0.06846186548782933,115.28978252614976,0.33000001311302185,0.0,-1,0,0.2,0.0,0.0010731235852806731
2025-10-17,3,control_A,2,62,C,6640.0,305,0.5025092959403992,0.03879585489630699,0.1061473861336708,25.079999923706055,0.0,0.00175394956022501,1.0,-0.6695278882980347,63,24.549999237060547,1,target_first15,-0.021132403838029595,0.006360000157356262,-0.027492403995385856,-68.95094901067733,0.33000001311302185,0.0,-1,0,0.2,0.0,0.0010731235852806731
2025-11-05,3,control_A,3,96,C,6800.0,172,0.4795447885990143,0.0833333358168602,0.19795222580432892,10.5,0.0,0.001596828456968069,1.0,-0.3835051655769348,97,10.199999809265137,1,target_first15,-0.028571446736653645,0.006,-0.03457144673665365,-36.300019073486325,-0.33000001311302185,0.0,-1,0,0.2,0.0,0.0010731235852806731
2025-11-07,3,control_A,4,65,C,6675.0,201,0.5145461559295654,0.04193153977394104,0.12458682805299759,20.450000762939453,0.0,-0.000257186678936705,-0.20877192914485931,0.6924686431884766,66,20.899999618530273,1,stop_vwap,0.022004833193274568,0.006360000157356262,0.015644833035918307,31.993684752058975,0.33000001311302185,0.0,-1,0,0.2,0.0,0.0010731235852806731
2025-11-18,3,control_A,5,84,P,6595.0,147,-0.4876643419265747,0.050854701548814774,0.1413276195526123,23.399999618530273,0.0,-0.002768693258985877,-1.0,0.6026272773742676,85,20.799999237060547,1,target_first15,-0.1111111292245837,0.006360000157356262,-0.11747112938193996,-274.88243827257156,0.33000001311302185,0.0,-1,0,0.2,0.0,0.0010731235852806731
2025-11-19,3,control_A,6,77,P,6665.0,202,-0.4796471893787384,0.020958084613084793,0.050704225897789,16.700000762939453,0.0,0.0006735077477060258,1.0,-0.6037735939025879,78,16.989999771118164,1,stop_vwap,0.017365209277251957,0.006360000157356262,0.011005209119895696,18.378700069856635,0.33000001311302185,0.0,-1,0,0.2,0.0,0.0010731235852806731
2025-11-24,3,control_A,7,110,C,6700.0,228,0.46979114413261414,0.02800000086426735,0.07518796622753143,10.0,0.0,0.004813956096768379,1.0,-0.19620253145694733,111,10.100000381469727,1,target_first15,0.010000038146972656,0.006360000157356262,0.0036400379896163937,3.6400379896163937,0.33000001311302185,0.0,-1,0,0.2,0.0,0.0010731235852806731
2025-11-25,3,control_A,8,103,C,6710.0,190,0.5180099606513977,0.03697182983160019,0.10380622744560242,14.199999809265137,0.0,0.0019109157146885991,0.6838589906692505,0.6694915294647217,108,15.800000190734863,5,target_first15,0.11267608471556227,0.006,0.10667608471556227,151.4800382614136,-0.33000001311302185,0.0,-1,0,0.2,0.0,0.0010731235852806731
2025-11-26,3,control_A,9,64,C,6805.0,191,0.49244001507759094,0.03153153136372566,0.0917431190609932,11.100000381469727,0.0,0.0009180314955301583,1.0,1.0,65,11.5,1,target_first15,0.03603600043095768,0.006,0.03003600043095768,33.33996162414551,-0.33000001311302185,0.0,-1,0,0.2,0.0,0.0010731235852806731
2025-12-01,3,control_A,10,105,P,6820.0,202,-0.5189326405525208,0.0651162788271904,0.13627992570400238,12.899999618530273,0.0,-9.295517315877078e-07,1.0,-0.6023809313774109,107,12.5,2,stop_vwap,-0.031007723283626446,0.006,-0.03700772328362645,-47.73996162414551,-0.33000001311302185,0.0,-1,0,0.2,0.0,0.0010731235852806731
2025-12-05,4,control_A,0,83,P,6885.0,231,-0.4946558475494385,0.06100917607545853,0.14000000059604645,10.899999618530273,0.0,0.0002626889036037028,1.0,0.5277777910232544,84,11.0,1,stop_vwap,0.009174347244904797,0.006,0.003174347244904797,3.4600383758544915,-0.33000001311302185,0.0,-1,0,0.2,0.0,-0.00013280237633411896
2025-12-24,4,control_A,1,41,P,6920.0,139,-0.5220430493354797,0.0486111119389534,0.17687074840068817,5.039999961853027,0.0,0.0007523125386796892,1.0,-0.5,42,4.5,1,stop_vwap,-0.10714285038496085,0.008,-0.11514285038496086,-58.03199615478516,-1.0,0.0,-1,0,0.2,0.0,-0.00013280237633411896
2026-01-22,4,control_A,3,99,C,6920.0,160,0.47003915905952454,0.019999999552965164,0.05907173082232475,9.0,0.0,0.0006613925797864795,-0.6108433604240417,0.1596638709306717,120,10.100000381469727,21,time_stop,0.12222226460774739,0.006,0.11622226460774739,104.60003814697265,-0.33000001311302185,0.0,-1,0,0.2,0.0,-0.00013280237633411896
2026-02-04,4,control_A,4,45,C,6915.0,169,0.49155643582344055,0.03612672537565231,0.10570382326841354,19.56999969482422,0.0,-0.000337256962666288,-0.8692307472229004,0.41545894742012024,46,18.399999618530273,1,stop_vwap,-0.059785390625395944,0.008,-0.06778539062539594,-132.65600738525393,-0.33000001311302185,0.0,-1,0,0.2,0.0,-0.00013280237633411896
2026-02-06,4,control_A,5,82,P,6870.0,202,-0.4878276288509369,0.04729729890823364,0.12182740867137909,18.5,0.0,0.00030975849949754775,0.7543054223060608,-0.8913580179214478,83,18.600000381469727,1,stop_vwap,0.005405426025390625,0.006,-0.0005945739746093751,-1.0999618530273438,-0.33000001311302185,0.0,-1,0,0.2,0.0,-0.00013280237633411896
2026-02-10,4,control_A,6,51,P,6985.0,171,-0.5058954954147339,0.03888889029622078,0.11538461595773697,12.600000381469727,0.0,0.0016411289107054472,1.0,0.5254902243614197,52,11.800000190734863,1,stop_vwap,-0.06349207670750462,0.008,-0.07149207670750463,-90.08001937866213,-0.33000001311302185,0.0,-1,0,0.2,0.0,-0.00013280237633411896
2025-01-07,0,control_B,0,114,C,5950.0,137,0.5034561157226562,0.060245901346206665,0.18834081292152405,12.199999809265137,0.0,-0.0022594204638153315,-1.0,0.9670782089233398,115,12.350000381469727,1,stop_vwap,0.012295129061450787,0.006,0.006295129061450787,7.680057334899902,-0.33000001311302185,0.0,-1,0,0.2,0.0,0.003231614388411791
2025-01-23,0,control_B,1,109,C,6095.0,164,0.48632633686065674,0.03333333507180214,0.09836065769195557,6.300000190734863,0.0,0.0016568895662203431,1.0,0.8145695328712463,110,6.0,1,target_first15,-0.04761907645273734,0.006,-0.053619076452737335,-33.78001918792724,-1.0,0.0,-1,0,0.2,0.0,0.003231614388411791
2025-01-30,0,control_B,2,45,C,6060.0,143,0.4695095717906952,0.03379310294985771,0.10526315867900848,11.600000381469727,0.0,-0.0011506871087476611,-0.3590908944606781,-0.55078125,46,11.0,1,stop_vwap,-0.05172416911538982,0.008,-0.05972416911538982,-69.28003845214845,-0.33000001311302185,0.0,-1,0,0.2,0.0,0.003231614388411791
2025-01-31,0,control_B,3,93,C,6120.0,258,0.4831767976284027,0.025609755888581276,0.0714285746216774,8.199999809265137,0.0,0.0022304989397525787,1.0,-0.5944055914878845,94,7.5,1,target_first15,-0.08536583238382647,0.006,-0.09136583238382648,-74.91998081207277,-0.33000001311302185,0.0,-1,0,0.2,0.0,0.003231614388411791
2025-01-14,0,control_B,4,92,P,5830.0,142,-0.4924536645412445,0.08196202665567398,0.18393480777740479,15.800000190734863,0.0,-0.004666362423449755,-1.0,-0.8589147329330444,93,16.43000030517578,1,target_first15,0.039873424483269984,0.006,0.033873424483269986,53.52001132965087,-0.33000001311302185,0.0,-1,0,0.2,0.0,0.003231614388411791
2025-01-10,0,control_B,6,40,C,5820.0,167,0.4828818738460541,0.060011062771081924,0.15315315127372742,18.079999923706055,0.0,-0.005287957843393087,-1.0,-0.20202019810676575,41,18.700000762939453,1,stop_vwap,0.034292081960712206,0.00848000020980835,0.025812081750903857,46.66824360870362,0.33000001311302185,0.0,-1,0,0.2,0.0,0.003231614388411791
2025-02-21,0,control_B,7,119,C,6085.0,256,0.493815153837204,0.04374999925494194,0.12244898080825806,9.600000381469727,0.0,-0.0018326669232919812,-1.0,-0.0625,120,8.800000190734863,1,stop_vwap,-0.08333334989017845,0.006,-0.08933334989017845,-85.76001930236818,-0.33000001311302185,0.0,-1,0,0.2,0.0,0.003231614388411791
2024-12-31,0,control_B,8,117,C,5895.0,193,0.5234072804450989,0.026150627061724663,0.07680491358041763,16.729999542236328,0.0,-0.0032563931308686733,-1.0,0.650943398475647,118,15.600000381469727,1,stop_vwap,-0.06754328701048802,0.006,-0.07354328701048803,-123.03791580200196,-0.33000001311302185,0.0,-1,0,0.2,0.0,0.003231614388411791
2025-01-17,0,control_B,10,117,C,6010.0,290,0.5416649580001831,0.032474227249622345,0.08955223858356476,9.699999809265137,0.0,0.0031701407860964537,1.0,-0.7428571581840515,118,8.600000381469727,1,target_first15,-0.11340200509537382,0.006,-0.11940200509537383,-115.8199426651001,-0.33000001311302185,0.0,-1,0,0.2,0.0,0.003231614388411791
2025-01-16,0,control_B,12,59,C,5945.0,142,0.4979679584503174,0.029615385457873344,0.087649405002594,13.0,0.0,-0.0012516184942796826,-1.0,0.712195098400116,60,13.350000381469727,1,stop_vwap,0.026923106266902044,0.008,0.018923106266902044,24.600038146972658,-0.33000001311302185,0.0,-1,0,0.2,0.0,0.003231614388411791
2025-02-10,0,control_B,13,119,P,6060.0,155,-0.45975929498672485,0.034567900002002716,0.07968901842832565,8.100000381469727,0.0,0.0003720480017364025,1.0,-0.7222222089767456,120,8.800000190734863,1,stop_vwap,0.08641972546896638,0.006,0.08041972546896638,65.13998069763184,-0.33000001311302185,0.0,-1,0,0.2,0.0,0.003231614388411791
2025-06-12,1,control_B,1,82,C,6040.0,197,0.48454296588897705,0.019999999552965164,0.054054055362939835,9.5,0.0,0.0025681511033326387,1.0,0.35227271914482117,83,9.300000190734863,1,target_first15,-0.02105261150159334,0.006,-0.02705261150159334,-25.69998092651367,-0.33000001311302185,0.0,-1,0,0.2,0.0,0.004685798629667804
2025-06-17,2,control_B,1,58,P,6020.0,177,-0.5020197033882141,0.029439251869916916,0.07567567378282547,10.699999809265137,0.0,0.0008600857690908015,1.0,-0.27000001072883606,59,10.600000381469727,1,stop_vwap,-0.009345741082053159,0.008,-0.01734574108205316,-18.559942626953127,-0.33000001311302185,0.0,-1,0,0.2,0.0,0.0016944152209754587
2025-08-04,2,control_B,2,40,P,6305.0,190,-0.4863004982471466,0.051906779408454895,0.1487603336572647,11.800000190734863,0.0,0.0012904568575322628,1.0,0.10900473594665527,41,11.199999809265137,1,stop_vwap,-0.05084748913316421,0.008,-0.05884748913316421,-69.44003829956054,-0.33000001311302185,0.0,-1,0,0.2,0.0,0.0016944152209754587
2025-08-14,2,control_B,4,75,P,6470.0,191,-0.5133341550827026,0.04468085244297981,0.16606497764587402,9.399999618530273,0.0,0.0020361498463898897,1.0,0.7345971465110779,76,7.900000095367432,1,stop_vwap,-0.15957442383358017,0.006,-0.16557442383358018,-155.63995208740235,-1.0,0.0,-1,0,0.2,0.0,0.0016944152209754587
2025-09-10,2,control_B,5,51,P,6555.0,180,-0.5061711072921753,0.02386363595724106,0.07900208234786987,8.800000190734863,0.0,0.0012583393836393952,1.0,0.5036496520042419,52,8.199999809265137,1,stop_vwap,-0.06818186005284872,0.008,-0.07618186005284872,-67.04003829956054,-1.0,0.0,-1,0,0.2,0.0,0.0016944152209754587
2025-08-25,2,control_B,6,64,C,6455.0,179,0.5383830666542053,0.04899999871850014,0.13861386477947235,7.5,0.0,0.00016909764963202178,0.4566699266433716,-0.5075757503509521,67,8.5,3,target_first15,0.13333333333333333,0.006,0.12733333333333333,95.5,-1.0,0.0,-1,0,0.2,0.0,0.0016944152209754587
2025-10-02,3,control_B,0,45,C,6715.0,191,0.4702378213405609,0.029518071562051773,0.07084468752145767,8.300000190734863,0.0,-0.001234303810633719,-1.0,0.417391300201416,46,8.5,1,stop_vwap,0.024096362008327758,0.008,0.016096362008327758,13.35998077392578,-0.33000001311302185,0.0,-1,0,0.2,0.0,0.0010731235852806731
2025-10-21,3,control_B,2,30,C,6725.0,197,0.516564130783081,0.06704980880022049,0.17921146750450134,13.050000190734863,0.0,-0.0012861199211329222,-1.0,-0.7257281541824341,31,13.0,1,stop_vwap,-0.0038314321842203517,0.008,-0.011831432184220352,-15.44001922607422,-0.33000001311302185,0.0,-1,0,0.2,0.0,0.0010731235852806731
2025-12-03,3,control_B,3,106,C,6835.0,167,0.5231205224990845,0.04411764815449715,0.13333334028720856,11.899999618530273,0.0,0.001060133334249258,1.0,0.868686854839325,107,12.399999618530273,1,target_first15,0.04201680806959162,0.006,0.03601680806959162,42.86000022888184,-0.33000001311302185,0.0,-1,0,0.2,0.0,0.0010731235852806731
2025-09-25,3,control_B,4,33,C,6595.0,162,0.4778643846511841,0.045725807547569275,0.12976022064685822,12.399999618530273,0.0,0.0006789150065742433,0.01478129718452692,0.7056856155395508,38,16.5,5,target_first15,0.3306452022258759,0.008,0.3226452022258759,400.0800384521484,-0.33000001311302185,0.0,-1,0,0.2,0.0,0.0010731235852806731
2025-09-24,3,control_B,6,93,P,6655.0,170,-0.4855189919471741,0.019999999552965164,0.05586592108011246,8.899999618530273,0.0,-0.0006814559455960989,-1.0,-0.3020833432674408,94,9.300000190734863,1,target_first15,0.04494388644374404,0.006,0.03894388644374404,34.660057449340826,-0.33000001311302185,0.0,-1,0,0.2,0.0,0.0010731235852806731
2025-10-30,3,control_B,7,41,C,6870.0,211,0.49721425771713257,0.0520833320915699,0.1483679562807083,16.799999237060547,0.0,0.0014669208321720362,1.0,0.7577639818191528,42,15.100000381469727,1,target_first15,-0.10119041266624872,0.008,-0.10919041266624871,-183.43988494873048,-0.33000001311302185,0.0,-1,0,0.2,0.0,0.0010731235852806731
2025-10-24,3,control_B,8,81,C,6795.0,261,0.5010097026824951,0.04374999925494194,0.12244898080825806,9.600000381469727,0.0,0.00028546297107823193,0.6420262455940247,-0.5966386795043945,82,8.300000190734863,1,stop_vwap,-0.13541668115390615,0.006,-0.14141668115390615,-135.7600193023682,-0.33000001311302185,0.0,-1,0,0.2,0.0,0.0010731235852806731
2025-10-02,3,control_B,10,62,P,6710.0,190,-0.46646949648857117,0.03146067261695862,0.05607476457953453,8.899999618530273,0.0,-0.0011937303934246302,-1.0,0.06422018259763718,63,10.699999809265137,1,target_first15,0.20224722111079274,0.006,0.19624722111079274,174.66001930236817,-0.33000001311302185,0.0,-1,0,0.2,0.0,0.0010731235852806731
2025-12-22,4,control_B,0,87,P,6870.0,180,-0.5269216299057007,0.025609755888581276,0.08564231544733047,8.199999809265137,0.0,0.0004982990212738514,0.18831168115139008,-0.037383176386356354,88,9.100000381469727,1,stop_vwap,0.10975616989498999,0.006,0.10375616989498998,85.08005733489989,-1.0,0.0,-1,0,0.2,0.0,-0.00013280237633411896
2026-01-14,4,control_B,1,99,P,6895.0,143,-0.4696773886680603,0.03661726415157318,0.08627451211214066,11.470000267028809,0.0,-0.0028156458865851164,-1.0,0.6318408250808716,100,12.399999618530273,1,target_first15,0.08108102265479476,0.006,0.07508102265479476,86.1179349899292,-0.33000001311302185,0.0,-1,0,0.2,0.0,-0.00013280237633411896
2025-12-11,4,control_B,2,93,P,6870.0,187,-0.5021690726280212,0.05042373016476631,0.1764705926179886,11.800000190734863,0.0,0.0014677090803161263,0.9161336421966553,0.8841463327407837,94,12.0600004196167,1,stop_vwap,0.022033917345694893,0.006,0.01603391734569489,18.920022773742676,-0.33000001311302185,0.0,-1,0,0.2,0.0,-0.00013280237633411896
2026-01-07,4,control_B,3,115,C,6950.0,159,0.4743584394454956,0.06875000149011612,0.18487395346164703,5.599999904632568,0.0,0.0001041792202158831,-0.12427022308111191,-0.7971014380455017,118,4.5,3,stop_vwap,-0.19642855774383133,0.006,-0.20242855774383134,-113.35999040603639,-0.33000001311302185,0.0,-1,0,0.2,0.0,-0.00013280237633411896
2026-02-27,4,control_B,4,54,C,6865.0,228,0.4987756013870239,0.04849397763609886,0.13897280395030975,16.600000381469727,0.0,0.0018423233414068818,1.0,0.6281512379646301,55,14.600000381469727,1,target_first15,-0.1204819249421562,0.00848000020980835,-0.12896192515196456,-214.07680067176818,0.33000001311302185,0.0,-1,0,0.2,0.0,-0.00013280237633411896
2026-01-12,4,control_B,5,36,P,6960.0,184,-0.48532330989837646,0.043316829949617386,0.13411079347133636,10.100000381469727,0.0,0.0011648795334622264,1.0,0.25531914830207825,37,9.899999618530273,1,stop_vwap,-0.01980205498867016,0.008,-0.02780205498867016,-28.08007659912109,-0.33000001311302185,0.0,-1,0,0.2,0.0,-0.00013280237633411896
2025-12-31,4,control_B,6,113,P,6875.0,237,-0.47035470604896545,0.03170588240027428,0.07857517153024673,8.5,0.0,-0.0010506089311093092,-1.0,0.9444444179534912,114,8.670000076293945,1,target_first15,0.020000008975758272,0.006,0.014000008975758272,11.900007629394532,-1.0,0.0,-1,0,0.2,0.0,-0.00013280237633411896
2026-02-06,4,control_B,7,93,C,6890.0,209,0.5055499076843262,0.0379185825586319,0.11282051354646683,15.229999542236328,0.0,0.0029994689393788576,1.0,0.9789789915084839,94,15.600000381469727,1,target_first15,0.02429421210468852,0.006,0.01829421210468852,27.862084197998044,-0.33000001311302185,0.0,-1,0,0.2,0.0,-0.00013280237633411896
