window_idx,day,entry_bar,exit_bar,direction,exit_pnl,trigger,bars_held,clean_entry_prob,max_exit_prob
1,2023-04-12,32,269,call,-591.1685413478298,time_stop,237,0.4345541298389435,
1,2023-04-14,74,269,call,-1063.85938440077,time_stop,195,0.4318215250968933,
1,2023-04-17,88,269,call,-844.8842882798226,time_stop,181,0.40711867809295654,
1,2023-04-18,34,269,call,-539.9340872405414,time_stop,235,0.43143653869628906,
1,2023-04-20,33,269,call,807.0876700198132,time_stop,236,0.4368270933628082,
1,2023-04-21,33,268,call,765.9023093800313,time_stop,235,0.44049954414367676,
1,2023-04-24,93,269,call,238.14996204935017,time_stop,176,0.4289017617702484,
1,2023-04-25,36,250,call,-1086.1131907970114,time_stop,214,0.4452808201313019,
1,2023-04-26,92,269,call,-897.6374419979776,time_stop,177,0.4277797043323517,
1,2023-04-27,103,269,call,2661.249981701374,time_stop,166,0.4225448966026306,
1,2023-04-28,32,268,call,1429.4663325370277,time_stop,236,0.4270162582397461,
1,2023-05-02,34,269,call,-1005.7471570355254,time_stop,235,0.4506379961967468,
1,2023-05-08,33,269,call,-200.6996681757352,time_stop,236,0.43698057532310486,
1,2023-05-09,56,269,call,81.17127819253705,time_stop,213,0.41629329323768616,
1,2023-05-11,76,269,call,60.374981507658966,time_stop,193,0.44018834829330444,
1,2023-05-12,105,269,call,-821.7492105674273,time_stop,164,0.43384695053100586,
1,2023-05-15,33,269,call,563.0796000831122,time_stop,236,0.44664981961250305,
1,2023-05-16,76,269,call,-24.385219930845302,time_stop,193,0.4290778636932373,
1,2023-05-17,31,259,call,4261.909904049859,time_stop,228,0.45090869069099426,
1,2023-05-18,40,269,call,-452.14998139292004,time_stop,229,0.4082123041152954,
1,2023-05-19,39,269,call,-1268.6698563928983,time_stop,230,0.41676953434944153,
1,2023-05-22,89,269,call,132.47787940273844,time_stop,180,0.4209432303905487,
1,2023-05-23,33,269,call,-986.8500178415328,time_stop,236,0.4165962040424347,
1,2023-05-26,35,269,call,1439.0923375365778,time_stop,234,0.432532399892807,
1,2023-05-30,39,269,call,-1150.1799958904087,time_stop,230,0.42460745573043823,
1,2023-05-31,32,269,call,-284.485199948872,time_stop,237,0.4378463923931122,
1,2023-06-02,38,269,call,2179.5104093815035,time_stop,231,0.45351824164390564,
1,2023-07-06,36,269,call,1073.7573356258058,time_stop,233,0.4195319414138794,
3,2023-11-07,114,269,call,-43.5172204959722,time_stop,155,0.39081302285194397,
3,2023-11-17,118,269,call,967.970068738535,time_stop,151,0.43515634536743164,
3,2023-11-20,109,268,call,1046.1999252021312,time_stop,159,0.46554216742515564,
3,2023-11-21,95,269,call,343.09998093321923,time_stop,174,0.4487433135509491,
3,2023-11-22,117,269,call,181.45129325807437,time_stop,152,0.4784792363643646,
3,2023-11-24,112,209,call,-67.21323599206175,time_stop,97,0.6155225038528442,
3,2023-11-27,75,269,call,80.74992422573268,time_stop,194,0.5683152675628662,
3,2023-11-28,62,269,call,-11.099961785227052,time_stop,207,0.4534055292606354,
3,2023-12-05,96,269,call,-966.6195692877164,time_stop,173,0.4283970594406128,
3,2023-12-06,112,269,call,-435.1346476828823,time_stop,157,0.48033133149147034,
3,2023-12-08,94,269,call,-453.133264522627,time_stop,175,0.4401227831840515,
3,2023-12-11,114,268,call,997.1500385891646,time_stop,154,0.5105106234550476,
3,2023-12-12,115,269,call,293.0000768750906,time_stop,154,0.47261062264442444,
3,2023-12-18,120,269,call,241.75879375080152,time_stop,149,0.5606983304023743,
3,2023-12-19,93,269,call,-35.90003720894457,time_stop,176,0.534956157207489,
3,2023-12-20,116,269,call,-348.49997052177787,time_stop,153,0.5125063061714172,
3,2023-12-26,79,269,call,73.60997826732694,time_stop,190,0.504793643951416,
3,2023-12-27,42,269,call,-124.4439664940382,time_stop,227,0.4740618169307709,
5,2024-03-26,116,248,call,-487.69998036250473,model,132,0.433465838432312,0.5900557999842794
5,2024-05-16,120,125,call,13.85099033357784,model,5,0.41273167729377747,0.7495268645578554
5,2024-05-24,120,125,call,-255.31996867835522,model,5,0.3465726375579834,0.7374638834432995
5,2024-06-10,115,145,call,458.11281171256826,model,30,0.39122700691223145,0.8650556689126275
5,2024-06-17,113,115,call,-14.30005689039826,model,2,0.37834417819976807,0.8357484981490153
6,2024-06-21,104,225,call,-212.0999617628753,model,121,0.3068591058254242,0.9902078776645293
6,2024-06-24,104,215,call,-725.5827712067838,model,111,0.321641743183136,0.9837406180363266
6,2024-06-25,73,264,call,-262.0426592819204,model,191,0.32496821880340576,0.9902491685070574
6,2024-06-26,86,226,call,66.88000732928516,model,140,0.30829671025276184,0.9889349533913426
6,2024-06-28,69,155,call,-905.5907220242017,model,86,0.3259386718273163,0.4781097243134076
6,2024-07-02,113,265,call,1323.234940432781,model,152,0.3182079792022705,0.9846191649255308
6,2024-07-03,104,207,call,1453.1403466151796,model,103,0.43226683139801025,0.2220496151939438
6,2024-07-05,118,235,call,735.8000033517678,model,117,0.3267230987548828,0.9926884158666004
6,2024-07-09,109,265,call,-210.08169285996027,model,156,0.34662601351737976,0.9887377780972408
6,2024-07-10,117,215,call,1892.0898943225295,model,98,0.3095841109752655,0.9930348889908587
6,2024-07-11,36,110,call,-1016.2727272361517,model,74,0.30097657442092896,0.27094269024751866
6,2024-07-12,78,145,call,172.83750025182962,model,67,0.330478310585022,0.9946023296126009
6,2024-07-15,81,210,call,-722.3037714086391,model,129,0.31510087847709656,0.9887984026100063
6,2024-07-16,120,220,call,-106.75808712079002,model,100,0.2967044711112976,0.987512552370041
6,2024-07-17,114,215,call,-477.22501019672916,model,101,0.31160005927085876,0.9850957047981311
6,2024-07-18,52,234,call,-1215.0100228262693,time_stop_fallback,182,0.32131797075271606,
6,2024-07-22,77,110,call,-683.5388314911518,model,33,0.2815797030925751,0.9881122228036099
6,2024-07-23,74,75,call,-209.97880984240427,model,1,0.3060782253742218,0.9879962803190964
6,2024-07-25,120,195,call,1837.8585193599909,model,75,0.2987084984779358,0.9912606211061388
6,2024-07-26,63,160,call,1751.137891440556,model,97,0.31230485439300537,0.4928390627672905
6,2024-07-29,118,234,call,1118.6892988809104,model,116,0.32288384437561035,0.9879980893721386
6,2024-07-31,117,200,call,-170.49999956414104,model,83,0.317712664604187,0.9879475215110805
6,2024-08-06,107,151,call,502.02370890809766,model,44,0.34781819581985474,0.987258509377646
6,2024-08-07,84,130,call,-510.3592308152914,model,46,0.29877111315727234,0.3461769153424473
6,2024-08-08,85,118,call,101.08736114981872,model,33,0.32596197724342346,0.994597627451963
6,2024-08-09,80,240,call,1381.0257313468587,model,160,0.31945517659187317,0.9914470173374123
6,2024-08-12,80,110,call,-16.27825057386707,model,30,0.2592541575431824,0.993672404021823
6,2024-08-13,93,211,call,1551.0000939369202,model,118,0.3256329298019409,0.9904427783543273
6,2024-08-15,99,267,call,629.6151167273331,model,168,0.2940065562725067,0.9823599079775349
6,2024-08-16,104,256,call,1330.797245380167,model,152,0.3276340961456299,0.339219872217629
6,2024-08-19,119,264,call,401.3000198833644,model,145,0.3238011598587036,0.9852177399377005
6,2024-08-21,41,250,call,-663.9200011733175,model,209,0.28492844104766846,0.9888787111110319
6,2024-08-23,58,160,call,-1293.1268347916396,model,102,0.32276254892349243,0.39386045690237614
6,2024-08-27,108,240,call,71.5457489490509,model,132,0.3041243255138397,0.9853268498339832
6,2024-08-29,65,255,call,-497.3119858118304,model,190,0.30043110251426697,0.9901290132938851
6,2024-09-04,68,112,call,-315.0454739494757,model,44,0.32337984442710876,0.9915074964030014
6,2024-09-05,72,100,call,-962.6069152488282,model,28,0.30656707286834717,0.9923161757360359
6,2024-09-09,53,240,call,528.3423627867892,model,187,0.2944195866584778,0.993033696657053
6,2024-09-12,119,265,call,2132.998229566071,model,146,0.28663328289985657,0.9838933183460824
6,2024-09-13,97,230,call,64.50523207746188,model,133,0.31283047795295715,0.9904234038931415
6,2024-09-16,50,264,call,-469.3874824523926,model,214,0.28140512108802795,0.988460332245824
7,2024-09-17,82,190,call,-1037.80020014644,model,108,0.37041419744491577,0.989885967136199
7,2024-09-23,80,245,call,-680.7824040154903,model,165,0.38869720697402954,0.9895602196056633
7,2024-09-30,117,235,call,-212.74564671723067,model,118,0.3618098199367523,0.9819615788382028
7,2024-11-07,87,250,call,-343.5468697333523,model,163,0.336913526058197,0.9874340365292222
7,2024-11-08,59,260,call,980.860507416067,model,201,0.36800897121429443,0.9921263671223642
7,2024-11-18,106,135,call,613.7400996519625,model,29,0.3672460615634918,0.9898680897813995
7,2024-11-19,116,255,call,980.7535977217826,model,139,0.363994300365448,0.9900227744608887
7,2024-11-26,120,261,call,89.36313872424664,model,141,0.3697592318058014,0.9823765775875126
7,2024-11-29,33,201,call,1768.8695310396374,model,168,0.4233019948005676,0.30321413806442454
7,2024-12-04,101,240,call,-617.0299788036198,model,139,0.39047038555145264,0.98927194005979
8,2024-12-11,117,240,call,775.7504571103057,model,123,0.4087662696838379,0.8843251334374584
8,2024-12-12,118,180,call,-368.8999992184341,model,62,0.45470258593559265,0.902474587905818
8,2024-12-13,67,125,call,-357.36998800851404,model,58,0.3389597237110138,0.9604674008984578
8,2024-12-16,110,132,call,-125.59999983161687,model,22,0.4656125605106354,0.9670774211144982
8,2024-12-17,92,258,call,-162.2000565558672,model,166,0.3914102017879486,0.9491078332632624
8,2024-12-24,120,140,call,401.39797167822326,model,20,0.4155988395214081,0.7443127841653437
8,2024-12-26,113,175,call,440.6999813683331,model,62,0.3903702199459076,0.9658286476887704
8,2025-01-06,113,160,call,-127.45001840330661,model,47,0.34793105721473694,0.7295513004808374
8,2025-01-17,101,120,call,444.4556402769626,model,19,0.33880865573883057,0.9724520989473321
8,2025-01-22,117,160,call,337.5635223242408,model,43,0.38231608271598816,0.9325758401945101
8,2025-01-23,78,255,call,822.3581265267835,model,177,0.3873012065887451,0.9488095575244812
8,2025-01-24,112,265,call,-954.2000213295222,model,153,0.3637027144432068,0.8955046806548164
8,2025-01-28,99,110,call,-321.9999995306134,model,11,0.36290615797042847,0.9682638294304476
8,2025-01-31,51,127,call,69.25675677189938,model,76,0.344530314207077,0.9502846477004984
8,2025-02-06,120,122,call,-7.334803712135617,model,2,0.3701322376728058,0.9680516944143244
8,2025-02-11,75,151,call,-531.6065287958892,model,76,0.345383882522583,0.9190245862451153
8,2025-02-13,96,225,call,-699.2518077755152,model,129,0.3387981355190277,0.9558402734092692
8,2025-02-18,103,145,call,-53.4999232031405,model,42,0.3536590039730072,0.889381640259938
8,2025-02-19,119,260,call,203.30001983866094,model,141,0.4474024474620819,0.9384807530618143
9,2025-03-19,106,220,call,-91.99999908357859,model,114,0.3611362874507904,0.9926085048175769
9,2025-03-20,120,121,call,-179.17630893479173,model,1,0.3114811182022095,0.9930691024725271
9,2025-03-21,102,130,call,-454.26735774479295,model,28,0.31455808877944946,0.9928124275618997
9,2025-03-24,108,175,call,-110.72001122564077,model,67,0.3444909155368805,0.9917218539508511
9,2025-03-26,104,130,call,-518.6709020975978,model,26,0.339275062084198,0.36639752948688586
9,2025-03-27,119,120,call,-281.05851475542175,model,1,0.33921346068382263,0.99491107255074
9,2025-04-07,65,66,call,-105.36514476129304,model,1,0.40398842096328735,0.9849787148851955
9,2025-04-08,67,120,put,1158.899962144345,model,53,0.18010301887989044,0.9938117759489252
9,2025-04-10,64,100,call,-446.575734983791,model,36,0.3004312515258789,0.9913109436566171
9,2025-04-11,37,125,put,2.060080022232725,model,88,0.2782030701637268,0.9921016679816526
9,2025-04-23,89,105,call,-193.62715633958578,model,16,0.30683833360671997,0.9926366900557847
9,2025-04-30,56,160,call,885.5998866870999,model,104,0.29703736305236816,0.993423872749369
9,2025-05-15,100,240,call,2113.2277265584353,model,140,0.38191643357276917,0.993632568301953
9,2025-05-16,57,180,call,206.00233682701105,model,123,0.3228774964809418,0.9923515643161279
9,2025-05-19,112,245,call,1521.8796592960189,model,133,0.3425843119621277,0.9931525607279365
9,2025-05-21,116,205,call,-225.08673410868244,model,89,0.33626413345336914,0.9944631626047384
9,2025-05-27,104,264,call,1667.4999446608124,model,160,0.3465726375579834,0.984522510044246
9,2025-06-03,110,235,call,1236.9705034785165,model,125,0.3565148115158081,0.9900896886902643
9,2025-06-04,102,133,call,-281.0000376999378,model,31,0.34172412753105164,0.991072099803393
10,2025-06-06,79,105,call,-133.50003764405847,model,26,0.3751290440559387,0.9898284167419032
10,2025-06-10,74,120,call,-391.82764338008997,model,46,0.3901166319847107,0.9937014352673778
10,2025-06-11,114,163,call,-726.4799915221333,model,49,0.4323909282684326,0.9918235063249156
10,2025-06-12,91,256,call,-353.59686883647277,model,165,0.3685055673122406,0.9930559980497243
10,2025-06-13,99,175,call,1071.4189758751083,model,76,0.3296825587749481,0.9898673711492929
10,2025-06-16,102,190,call,-569.299951621145,model,88,0.34724369645118713,0.9938059736682734
10,2025-06-17,81,190,call,-63.2347923153729,model,109,0.37368452548980713,0.9907309310536304
10,2025-06-18,117,145,call,83.45857462324201,model,28,0.37972575426101685,0.9911922197846484
10,2025-06-25,75,195,call,-993.4757445875788,model,120,0.3749258816242218,0.9928344693908884
10,2025-06-26,113,115,call,-98.1090720134363,model,2,0.42788589000701904,0.9908942135215358
10,2025-06-27,97,231,call,98.0300498598069,model,134,0.38758692145347595,0.9936866984297323
10,2025-07-01,96,205,call,372.1029422999743,model,109,0.36235833168029785,0.9907477097457978
10,2025-07-02,119,215,call,400.31997454196215,model,96,0.36486613750457764,0.9919533696437669
10,2025-07-03,98,195,call,121.12503850460052,model,97,0.40807995200157166,0.43378099974057366
10,2025-07-07,110,165,call,-9.245537523180246,model,55,0.363664835691452,0.9896374953446941
10,2025-07-08,60,226,call,-115.68753721565008,model,166,0.3444766104221344,0.9911099557453421
10,2025-07-09,118,260,call,29.79365612939,model,142,0.4225575029850006,0.9908988808110661
10,2025-07-11,66,245,call,-304.7800640960038,model,179,0.39662590622901917,0.9905496527567819
10,2025-07-15,113,157,call,-311.91668559362483,model,44,0.38169968128204346,0.988940399722095
10,2025-07-16,82,105,call,93.19998131245376,model,23,0.38279059529304504,0.9927513866746784
10,2025-07-17,95,264,call,504.7599948847294,model,169,0.3988245725631714,0.9874892983288132
10,2025-07-18,88,256,call,-592.5912461653184,model,168,0.37661316990852356,0.9920791998612111
10,2025-07-21,116,171,call,-359.61097103515897,model,55,0.4138156771659851,0.992091850463496
10,2025-07-22,120,175,call,-286.04298746632503,model,55,0.3904520571231842,0.9912378325236086
10,2025-07-23,61,260,call,1588.0364308498122,model,199,0.399689257144928,0.6329004650466681
10,2025-07-24,81,264,call,-322.0330671956939,model,183,0.39541834592819214,0.9926654339643424
10,2025-07-25,113,225,call,714.0515510083267,model,112,0.3918583393096924,0.9907306760945157
10,2025-07-28,69,105,call,-262.9871419854462,model,36,0.37793299555778503,0.9884493463359241
10,2025-07-29,77,117,call,-827.2999898128211,model,40,0.37921297550201416,0.9914728615567953
10,2025-07-30,91,100,call,-221.59102458195454,model,9,0.37995445728302,0.9919334049587746
10,2025-07-31,78,100,call,-721.6161799460258,model,22,0.3661651909351349,0.9941854170130568
10,2025-08-01,110,202,call,-177.7917039853831,model,92,0.3948574662208557,0.9920026096470899
10,2025-08-04,102,245,call,156.9588317012524,model,143,0.3737011253833771,0.9933945896296553
10,2025-08-05,107,193,call,-57.172525202570256,model,86,0.38057228922843933,0.9896908798509829
10,2025-08-06,108,190,call,945.0925607915967,model,82,0.40295153856277466,0.9870813770149599
10,2025-08-07,75,115,call,-810.4115909020024,model,40,0.3458423316478729,0.43102308376689025
10,2025-08-08,118,235,call,75.60000090450048,model,117,0.3640570044517517,0.988646734098185
10,2025-08-11,105,262,call,-454.83003626398744,model,157,0.37892869114875793,0.9905696249506645
10,2025-08-12,110,260,call,730.8499580741843,model,150,0.41458767652511597,0.9885538798362249
10,2025-08-13,75,140,call,-244.24495178036116,model,65,0.3887939155101776,0.9906770360864386
10,2025-08-14,110,119,call,-456.54143665837125,model,9,0.38179919123649597,0.9869287986182559
10,2025-08-15,57,125,call,-417.3381969257093,model,68,0.3849973976612091,0.9898441446836217
10,2025-08-18,113,180,call,41.5865043183423,model,67,0.3962500989437103,0.9903537428507931
10,2025-08-20,90,222,call,1795.8749921768904,model,132,0.3477247953414917,0.9931777362374133
10,2025-08-21,120,140,call,-356.8409072296186,model,20,0.3708459436893463,0.989551987398516
10,2025-08-22,115,200,call,-514.9337853994222,model,85,0.3683285117149353,0.9910603709748647
10,2025-08-25,113,210,call,-262.2000565558672,model,97,0.41722211241722107,0.9903866623753488
10,2025-08-26,120,171,call,682.3040106489053,model,51,0.4111352562904358,0.988492798010629
10,2025-08-27,113,265,call,-63.5999617293477,model,152,0.40560150146484375,0.9900894377927456
10,2025-08-28,59,261,call,1648.8999623678624,model,202,0.3772507607936859,0.9932026359698671
10,2025-08-29,120,211,call,-153.11168741807342,model,91,0.36623436212539673,0.9901772545792581
10,2025-09-02,118,257,call,1134.2528913315166,model,139,0.3374297618865967,0.9915192745235422
11,2025-09-09,118,191,call,101.2663234791354,model,73,0.4224412143230438,0.992686866944704
11,2025-09-12,92,210,call,-359.63210400461026,model,118,0.3931429088115692,0.992381482929433
11,2025-09-15,94,209,call,-578.000037766993,model,115,0.4126194417476654,0.9920299156371931
11,2025-09-22,57,240,call,2282.4822119591017,model,183,0.42635542154312134,0.9947123287921309
11,2025-10-06,118,251,call,529.5552892243011,model,133,0.41483575105667114,0.9880294759589474
11,2025-10-27,106,226,call,364.9806246940807,model,120,0.38749581575393677,0.9867526547230722
12,2025-11-26,111,155,call,332.9499160875739,model,44,0.3785155117511749,0.9705133625831107
12,2025-11-28,107,110,call,-51.52994961597026,model,3,0.4252137839794159,0.20523597130902863
12,2025-12-05,61,180,call,-1098.9400390847027,model,119,0.3612542450428009,0.9470659406315716
12,2025-12-09,106,180,call,-478.70730728375935,model,74,0.3947340250015259,0.9437206283828934
12,2025-12-18,117,170,call,-799.341013621215,model,53,0.3416641652584076,0.9665288245060552
12,2025-12-22,112,253,call,-279.0100150627643,model,141,0.43518704175949097,0.9727969190738222
12,2025-12-23,93,255,call,860.2715890782018,model,162,0.4787617027759552,0.9227718175947541
12,2025-12-24,57,165,put,-995.968435897671,model,108,0.45415282249450684,0.3745956940866865
12,2025-12-26,95,268,call,-705.1000091262162,model,173,0.4230305254459381,0.9085440501073345
12,2025-12-29,66,250,call,-651.3106828695255,model,184,0.3629162013530731,0.9530026495693431
12,2025-12-30,108,246,call,-292.49316223158763,model,138,0.43530628085136414,0.9499428720738089
12,2026-01-02,34,40,call,-399.28261239577404,model,6,0.31833940744400024,0.3139695333865917
12,2026-01-05,102,140,call,377.608678124521,model,38,0.44044333696365356,0.9661414199019366
12,2026-01-06,113,240,call,1267.0369133765457,model,127,0.4083732068538666,0.965173778195641
12,2026-01-07,103,236,call,-349.3000188551843,model,133,0.434614896774292,0.9793905513392314
12,2026-01-08,55,140,call,-216.63638301329178,model,85,0.35602521896362305,0.9331268542470502
12,2026-01-12,104,260,call,515.1381720356754,model,156,0.4409164488315582,0.9620191613105237
12,2026-01-15,114,177,call,-330.69994214847685,model,63,0.3773297369480133,0.9685391784960429
12,2026-01-21,118,125,call,-639.9270218245983,model,7,0.3488626480102539,0.9783718851212865
12,2026-01-23,81,181,call,-308.6046310177203,model,100,0.37231913208961487,0.9526354898944119
12,2026-01-26,107,196,call,367.6499820876866,model,89,0.37853020429611206,0.9679213955889555
12,2026-01-27,111,246,call,-522.7499705385417,model,135,0.44805479049682617,0.9573319207415035
12,2026-02-02,116,205,call,964.2916681021452,model,89,0.36358535289764404,0.9700636082390302
12,2026-02-06,109,185,call,287.9477926096738,model,76,0.26950603723526,0.9688858999015699
12,2026-02-09,87,207,call,-60.49999839067459,model,120,0.36705464124679565,0.9814655645680654
12,2026-02-18,100,136,call,-187.09374910593033,model,36,0.3509052097797394,0.9652017468461996
12,2026-02-24,105,215,call,633.3902303758639,model,110,0.323883593082428,0.972038666989605
