date,fold,strategy_label,bar,side_intended,reason
2025-01-15,0,strategy,120,P,zero_hold
2025-02-24,0,strategy,120,C,zero_hold
2025-03-05,0,strategy,-1,X,no_v1b_candidates
2025-03-06,0,strategy,-1,X,no_v1b_candidates
2025-03-07,0,strategy,-1,X,no_v1b_candidates
2025-03-10,0,strategy,-1,X,no_v1b_candidates
2025-03-11,0,strategy,-1,X,no_v1b_candidates
2025-03-12,0,strategy,-1,X,no_v1b_candidates
2024-12-19,0,control_A,65,C,gated_iv_percentile
2024-12-26,0,control_A,18,C,skipped_no_contracts_at_bar
2024-12-27,0,control_A,30,P,gated_iv_percentile
2025-01-07,0,control_A,59,C,skipped_context_spread
2025-01-21,0,control_A,24,P,skipped_no_contracts_at_bar
2025-01-22,0,control_A,17,C,skipped_no_contracts_at_bar
2025-01-23,0,control_A,106,C,skipped_no_delta_contract
2025-01-29,0,control_A,101,C,gated_iv_percentile
2025-02-04,0,control_A,28,C,skipped_no_contracts_at_bar
2025-02-06,0,control_A,28,C,gated_iv_percentile
2025-02-11,0,control_A,29,C,gated_iv_percentile
2025-02-21,0,control_A,17,C,skipped_no_contracts_at_bar
2025-02-26,0,control_A,21,C,skipped_no_contracts_at_bar
2025-03-04,0,control_A,27,C,gated_vrp
2025-03-18,0,control_A,24,P,gated_iv_percentile
2025-03-19,0,control_A,91,C,gated_vrp
2025-03-06,0,control_B,114,C,gated_vrp
2025-01-29,0,control_B,90,C,gated_iv_percentile
2025-03-05,0,control_B,94,P,gated_vrp
2024-12-27,0,control_B,34,C,gated_iv_percentile
2025-01-07,0,control_B,68,C,gated_iv_percentile
2025-03-10,0,control_B,64,C,gated_vrp
2025-01-29,0,control_B,58,C,gated_iv_percentile
2025-02-20,0,control_B,31,P,gated_iv_percentile
2025-03-14,0,control_B,30,C,gated_iv_percentile
2025-03-18,0,control_B,39,C,skipped_context_spread
2025-03-10,0,control_B,117,C,gated_vrp
2025-03-11,0,control_B,73,C,gated_vrp
2025-03-10,0,control_B,91,C,gated_vrp
2025-03-11,0,control_B,71,P,gated_vrp
2025-03-12,0,control_B,59,C,gated_vrp
2025-03-24,1,strategy,120,C,zero_hold
2025-03-28,1,strategy,120,C,zero_hold
2025-04-03,1,strategy,-1,X,no_v1b_candidates
2025-04-04,1,strategy,-1,X,no_v1b_candidates
2025-04-07,1,strategy,-1,X,no_v1b_candidates
2025-04-08,1,strategy,-1,X,no_v1b_candidates
2025-04-09,1,strategy,-1,X,no_v1b_candidates
2025-04-10,1,strategy,-1,X,no_v1b_candidates
2025-04-11,1,strategy,-1,X,no_v1b_candidates
2025-04-14,1,strategy,-1,X,no_v1b_candidates
2025-04-15,1,strategy,120,C,zero_hold
2025-04-16,1,strategy,-1,X,no_v1b_candidates
2025-04-17,1,strategy,-1,X,no_v1b_candidates
2025-04-21,1,strategy,-1,X,no_v1b_candidates
2025-04-23,1,strategy,-1,X,no_v1b_candidates
2025-04-24,1,strategy,120,C,zero_hold
2025-05-09,1,strategy,120,C,zero_hold
2025-04-01,1,control_A,23,C,skipped_no_contracts_at_bar
2025-04-30,1,control_A,45,C,gated_vrp
2025-05-02,1,control_A,17,C,skipped_no_contracts_at_bar
2025-05-08,1,control_A,120,C,skipped_context_spread
2025-05-14,1,control_A,17,P,gated_iv_percentile
2025-05-16,1,control_A,23,P,skipped_no_contracts_at_bar
2025-05-23,1,control_A,25,C,skipped_no_contracts_at_bar
2025-06-09,1,control_A,17,P,skipped_no_contracts_at_bar
2025-04-21,1,control_B,44,C,gated_vrp
2025-05-08,1,control_B,86,C,gated_iv_percentile
2025-04-30,1,control_B,70,C,gated_vrp
2025-04-17,1,control_B,65,C,gated_vrp
2025-04-11,1,control_B,32,C,gated_vrp
2025-04-28,1,control_B,101,C,skipped_context_spread
2025-04-22,1,control_B,34,C,gated_vrp
2025-04-07,1,control_B,82,C,gated_vrp
2025-04-24,1,control_B,59,P,gated_vrp
2025-04-09,1,control_B,90,P,gated_vrp
2025-04-23,1,control_B,79,P,gated_vrp
2025-05-30,1,control_B,30,C,skipped_context_spread
2025-04-21,1,control_B,80,P,gated_vrp
2025-05-09,1,control_B,73,C,gated_iv_percentile
2025-06-20,2,strategy,120,C,zero_hold
2025-06-26,2,strategy,120,C,zero_hold
2025-08-08,2,strategy,120,P,zero_hold
2025-06-16,2,control_A,23,C,skipped_context_spread
2025-06-27,2,control_A,27,C,skipped_no_contracts_at_bar
2025-07-03,2,control_A,78,C,skipped_no_delta_contract
2025-07-09,2,control_A,103,P,gated_iv_percentile
2025-07-29,2,control_A,20,P,gated_iv_percentile
2025-07-30,2,control_A,108,C,gated_iv_percentile
2025-08-05,2,control_A,100,P,gated_iv_percentile
2025-08-07,2,control_A,26,C,skipped_no_contracts_at_bar
2025-08-11,2,control_A,19,P,skipped_no_contracts_at_bar
2025-08-18,2,control_A,46,C,skipped_context_spread
2025-08-19,2,control_A,66,P,skipped_context_spread
2025-08-26,2,control_A,22,C,skipped_no_contracts_at_bar
2025-08-27,2,control_A,28,C,skipped_no_contracts_at_bar
2025-09-05,2,control_A,50,P,gated_iv_percentile
2025-06-18,2,control_B,111,C,gated_iv_percentile
2025-08-19,2,control_B,106,C,gated_iv_percentile
2025-08-07,2,control_B,117,C,gated_iv_percentile
2025-08-13,2,control_B,32,C,gated_iv_percentile
2025-07-09,2,control_B,92,C,skipped_context_spread
2025-08-01,2,control_B,78,C,skipped_context_spread
2025-06-20,2,control_B,75,P,gated_iv_percentile
2025-07-08,2,control_B,33,P,gated_iv_percentile
2025-07-09,2,control_B,62,C,gated_iv_percentile
2025-08-29,2,control_B,35,C,gated_iv_percentile
2025-07-14,2,control_B,118,P,skipped_no_delta_contract
2025-07-02,2,control_B,55,C,skipped_context_spread
2025-09-05,2,control_B,65,C,gated_iv_percentile
2025-07-08,2,control_B,85,C,gated_iv_percentile
2025-06-27,2,control_B,116,C,skipped_no_delta_contract
2025-07-15,2,control_B,31,C,gated_iv_percentile
2025-09-12,3,strategy,120,P,zero_hold
2025-09-17,3,strategy,-1,X,no_v1b_candidates
2025-11-21,3,strategy,-1,X,no_v1b_candidates
2025-09-16,3,control_A,24,P,gated_iv_percentile
2025-09-22,3,control_A,30,C,skipped_context_spread
2025-09-26,3,control_A,36,P,skipped_context_spread
2025-09-29,3,control_A,23,C,skipped_no_contracts_at_bar
2025-10-01,3,control_A,18,C,skipped_context_spread
2025-10-15,3,control_A,21,P,skipped_no_contracts_at_bar
2025-10-17,3,control_A,19,C,skipped_no_contracts_at_bar
2025-10-21,3,control_A,22,C,skipped_no_contracts_at_bar
2025-10-29,3,control_A,37,P,gated_iv_percentile
2025-10-30,3,control_A,30,P,skipped_context_spread
2025-11-03,3,control_A,55,C,gated_iv_percentile
2025-11-05,3,control_A,52,C,skipped_context_spread
2025-11-12,3,control_A,92,C,gated_iv_percentile
2025-11-13,3,control_A,82,C,gated_iv_percentile
2025-11-14,3,control_A,75,C,skipped_context_spread
2025-11-18,3,control_A,47,P,gated_iv_percentile
2025-11-26,3,control_A,30,C,gated_iv_percentile
2025-11-25,3,control_B,32,P,skipped_context_spread
2025-11-21,3,control_B,87,P,gated_vrp
2025-10-06,3,control_B,30,P,skipped_context_spread
2025-11-21,3,control_B,40,C,gated_vrp
2025-11-21,3,control_B,33,P,gated_vrp
2025-10-02,3,control_B,102,C,gated_iv_percentile
2025-11-21,3,control_B,61,P,gated_vrp
2025-09-23,3,control_B,35,C,skipped_context_spread
2025-11-21,3,control_B,106,C,gated_vrp
2025-10-29,3,control_B,56,C,gated_iv_percentile
2025-11-05,3,control_B,93,P,skipped_context_spread
2025-09-17,3,control_B,84,P,gated_iv_percentile
2025-09-22,3,control_B,81,C,skipped_context_spread
2025-10-13,3,control_B,86,C,gated_iv_percentile
2025-12-12,4,strategy,120,P,zero_hold
2026-02-20,4,strategy,120,C,zero_hold
2026-03-02,4,strategy,120,P,zero_hold
2025-12-05,4,control_A,105,P,gated_iv_percentile
2025-12-08,4,control_A,61,P,gated_iv_percentile
2025-12-10,4,control_A,18,C,skipped_no_contracts_at_bar
2025-12-15,4,control_A,40,P,gated_iv_percentile
2025-12-17,4,control_A,88,C,gated_iv_percentile
2025-12-18,4,control_A,27,C,skipped_no_contracts_at_bar
2025-12-22,4,control_A,92,P,skipped_no_delta_contract
2025-12-23,4,control_A,86,C,skipped_context_spread
2026-01-02,4,control_A,72,P,skipped_context_spread
2026-01-05,4,control_A,106,C,skipped_no_delta_contract
2026-01-06,4,control_A,85,P,gated_iv_percentile
2026-01-13,4,control_A,34,P,gated_iv_percentile
2026-01-15,4,control_A,74,P,skipped_context_spread
2026-01-16,4,control_A,16,P,skipped_no_contracts_at_bar
2026-01-28,4,control_A,65,C,gated_iv_percentile
2026-01-29,4,control_A,23,C,gated_iv_percentile
2026-02-04,4,control_A,43,C,skipped_context_spread
2026-02-06,4,control_A,53,P,skipped_context_spread
2026-02-11,4,control_A,17,C,skipped_no_contracts_at_bar
2026-02-12,4,control_A,17,P,gated_iv_percentile
2026-02-11,4,control_B,44,P,gated_iv_percentile
2025-12-18,4,control_B,67,P,skipped_context_spread
2026-02-12,4,control_B,65,C,gated_iv_percentile
2026-01-08,4,control_B,103,P,skipped_context_spread
2025-12-12,4,control_B,32,P,gated_iv_percentile
2026-02-20,4,control_B,33,C,skipped_context_spread
2025-12-24,4,control_B,101,P,skipped_no_delta_contract
2025-12-16,4,control_B,55,C,gated_iv_percentile
2026-01-16,4,control_B,30,C,gated_iv_percentile
2025-12-08,4,control_B,74,P,gated_iv_percentile
2025-12-16,4,control_B,34,C,skipped_context_spread
2026-01-28,4,control_B,106,C,gated_iv_percentile
2026-02-03,4,control_B,30,C,gated_iv_percentile
