feature_contract_version,neural_rows,processed_path,processed_sha256,session,status
protocol101-live-v2-microstructure-masked,359,data/processed/spxw_0dte_neural_protocol101_live_v2_microstructure_masked_15mo/2025-01-02.pkl,6bab75d57071f0d69d2aad1380cf8ed11ef2f2e4772a5e173fcea2d8ceac40c6,2025-01-02,pass
protocol101-live-v2-microstructure-masked,359,data/processed/spxw_0dte_neural_protocol101_live_v2_microstructure_masked_15mo/2025-01-03.pkl,a1e98751738f6aaf7408fe0ff79df8f7354df3d598820cc451ec17942e757831,2025-01-03,pass
protocol101-live-v2-microstructure-masked,359,data/processed/spxw_0dte_neural_protocol101_live_v2_microstructure_masked_15mo/2025-01-06.pkl,97b385732cfab31412ac388a0453760dd0ffc3c4bedc997da1299c4da4232c20,2025-01-06,pass
protocol101-live-v2-microstructure-masked,359,data/processed/spxw_0dte_neural_protocol101_live_v2_microstructure_masked_15mo/2025-01-07.pkl,6939c8b1b7f7454ee01a2219861080c4e78b05969b2df9c503ffad30c8173930,2025-01-07,pass
protocol101-live-v2-microstructure-masked,359,data/processed/spxw_0dte_neural_protocol101_live_v2_microstructure_masked_15mo/2025-01-08.pkl,80f020b24eb9d905962b2a9f72b2493021d52b30381388841b2f122cf399ab9f,2025-01-08,pass
protocol101-live-v2-microstructure-masked,359,data/processed/spxw_0dte_neural_protocol101_live_v2_microstructure_masked_15mo/2025-01-10.pkl,cc7f57184891ca73eb4ffc66af02da8c9f57091c598d257a74419c0022c0112e,2025-01-10,pass
protocol101-live-v2-microstructure-masked,359,data/processed/spxw_0dte_neural_protocol101_live_v2_microstructure_masked_15mo/2025-01-13.pkl,cfd1a01dc714c4aae42f2a74143a6b887367261931465faff31240caa535b6fe,2025-01-13,pass
protocol101-live-v2-microstructure-masked,359,data/processed/spxw_0dte_neural_protocol101_live_v2_microstructure_masked_15mo/2025-01-14.pkl,6fff2ca5f6b3dd312cb8d70a5b3e1d899ba784e910144920f42fc264e3ffb672,2025-01-14,pass
protocol101-live-v2-microstructure-masked,359,data/processed/spxw_0dte_neural_protocol101_live_v2_microstructure_masked_15mo/2025-01-15.pkl,0bab325af7fc5fa938199e3c8560b43de67a375a36197a9f43f0e525c13a2168,2025-01-15,pass
protocol101-live-v2-microstructure-masked,359,data/processed/spxw_0dte_neural_protocol101_live_v2_microstructure_masked_15mo/2025-01-16.pkl,902329c28b2b8d921a714e513e2f733a39b6dd36656efb024ef0e0d774e907f9,2025-01-16,pass
protocol101-live-v2-microstructure-masked,359,data/processed/spxw_0dte_neural_protocol101_live_v2_microstructure_masked_15mo/2025-01-17.pkl,912021afa89947e94a9f6ea43b3b3f1096bf96c3da617ef626d5865bfa706738,2025-01-17,pass
protocol101-live-v2-microstructure-masked,359,data/processed/spxw_0dte_neural_protocol101_live_v2_microstructure_masked_15mo/2025-01-21.pkl,f9846bff3ea26cff5c00dfad01c253d04b05b49aaada980d436b26a8defb8d7b,2025-01-21,pass
protocol101-live-v2-microstructure-masked,359,data/processed/spxw_0dte_neural_protocol101_live_v2_microstructure_masked_15mo/2025-01-22.pkl,89e9846fb030acb88c0a27f18184822678ee77456ffc596215cc9aef5a17db62,2025-01-22,pass
protocol101-live-v2-microstructure-masked,359,data/processed/spxw_0dte_neural_protocol101_live_v2_microstructure_masked_15mo/2025-01-23.pkl,5329d814422940fe7a6cf45be7a4595f65f404891147b9c6df6c711abd0a782e,2025-01-23,pass
protocol101-live-v2-microstructure-masked,359,data/processed/spxw_0dte_neural_protocol101_live_v2_microstructure_masked_15mo/2025-01-24.pkl,a099c74f8a41fb7c3a09c13920b22bb2c4280e14b22b4627f2bf80c7435cfe93,2025-01-24,pass
protocol101-live-v2-microstructure-masked,359,data/processed/spxw_0dte_neural_protocol101_live_v2_microstructure_masked_15mo/2025-01-27.pkl,4d4149f14611ef3bf019e0efaf87d3772a0435703848a7a57ae6c02e998a2ab6,2025-01-27,pass
protocol101-live-v2-microstructure-masked,359,data/processed/spxw_0dte_neural_protocol101_live_v2_microstructure_masked_15mo/2025-01-28.pkl,e86859b821e5fa15f24d3aa26c2efe0d6839e537aaab0a378faa8aed5fb55105,2025-01-28,pass
protocol101-live-v2-microstructure-masked,359,data/processed/spxw_0dte_neural_protocol101_live_v2_microstructure_masked_15mo/2025-01-29.pkl,b22aeffebe97af44c415082ce3ab07a01dfb794a0430a6bfb51d278949c4538b,2025-01-29,pass
protocol101-live-v2-microstructure-masked,359,data/processed/spxw_0dte_neural_protocol101_live_v2_microstructure_masked_15mo/2025-01-30.pkl,e0d66a7e4d0078e5f918e3ba9742364c23ef40747f323af8f807c81156dc63ea,2025-01-30,pass
protocol101-live-v2-microstructure-masked,359,data/processed/spxw_0dte_neural_protocol101_live_v2_microstructure_masked_15mo/2025-01-31.pkl,4336e81b7bad1ecb96838537f849cde3b1fca4b7000162a17d8c3a4593305435,2025-01-31,pass
protocol101-live-v2-microstructure-masked,359,data/processed/spxw_0dte_neural_protocol101_live_v2_microstructure_masked_15mo/2025-02-03.pkl,5a7649e0df25180cfdf0b3040b60827b9a97374b5210a26d6c2b4c39fa33bd7e,2025-02-03,pass
protocol101-live-v2-microstructure-masked,359,data/processed/spxw_0dte_neural_protocol101_live_v2_microstructure_masked_15mo/2025-02-04.pkl,36be06d217384ebff77a0c01401fa36559b1a89d0071bcb35eb538fda7b80c92,2025-02-04,pass
protocol101-live-v2-microstructure-masked,359,data/processed/spxw_0dte_neural_protocol101_live_v2_microstructure_masked_15mo/2025-02-05.pkl,c46471c2737482e3b54395f2dcdba85663a2111fddcdd1dbb4a2cbb4699e48fe,2025-02-05,pass
protocol101-live-v2-microstructure-masked,359,data/processed/spxw_0dte_neural_protocol101_live_v2_microstructure_masked_15mo/2025-02-06.pkl,48ee8d6da17f2dd5ee17361da6f777fbdd587d28a2773eb8d960f2a78cdfda2c,2025-02-06,pass
protocol101-live-v2-microstructure-masked,359,data/processed/spxw_0dte_neural_protocol101_live_v2_microstructure_masked_15mo/2025-02-07.pkl,f29079b012566dbdf076b73edc708d7a72a2da08bc858995af450be63e203c19,2025-02-07,pass
protocol101-live-v2-microstructure-masked,359,data/processed/spxw_0dte_neural_protocol101_live_v2_microstructure_masked_15mo/2025-02-10.pkl,142a9f6d97f274ae71012827c1a46e9c9d798cac21fa4d5ffd7d3ec9ef1062d2,2025-02-10,pass
protocol101-live-v2-microstructure-masked,359,data/processed/spxw_0dte_neural_protocol101_live_v2_microstructure_masked_15mo/2025-02-11.pkl,b3774c8c1aabfa2280eb28b416e1d2de8f1e32cc5a64fba52304b85c33d8c2de,2025-02-11,pass
protocol101-live-v2-microstructure-masked,359,data/processed/spxw_0dte_neural_protocol101_live_v2_microstructure_masked_15mo/2025-02-12.pkl,8f3dc8a5712caf3877ee5e1ed7fbc3743f4cbde21c9e173b5501c61fb646670f,2025-02-12,pass
protocol101-live-v2-microstructure-masked,359,data/processed/spxw_0dte_neural_protocol101_live_v2_microstructure_masked_15mo/2025-02-13.pkl,8765e2ca4e789b9e51d1c058f1a0ee88743f2eb696618f9adaf8a352a977f55a,2025-02-13,pass
protocol101-live-v2-microstructure-masked,359,data/processed/spxw_0dte_neural_protocol101_live_v2_microstructure_masked_15mo/2025-02-14.pkl,926702babb1d0048c778d9062ce5ea7f2dcacd91945ee911d454c1bff9f7457b,2025-02-14,pass
protocol101-live-v2-microstructure-masked,359,data/processed/spxw_0dte_neural_protocol101_live_v2_microstructure_masked_15mo/2025-02-18.pkl,30d228a504af1f77db265faee9c3e478d7309b583bd19186b7e3716788cc3f31,2025-02-18,pass
protocol101-live-v2-microstructure-masked,359,data/processed/spxw_0dte_neural_protocol101_live_v2_microstructure_masked_15mo/2025-02-19.pkl,6d01880a0a90b59f8556f5188848373508ac2cd1a82254c84d8cf3b539f4f9a9,2025-02-19,pass
protocol101-live-v2-microstructure-masked,359,data/processed/spxw_0dte_neural_protocol101_live_v2_microstructure_masked_15mo/2025-02-20.pkl,653ca20747ecba1567d382a708ecb08f392fe0db5be82d3c0f8a432fcaea4854,2025-02-20,pass
protocol101-live-v2-microstructure-masked,359,data/processed/spxw_0dte_neural_protocol101_live_v2_microstructure_masked_15mo/2025-02-21.pkl,e6ecc2742800d52a21e587d85dca987ce5f998bcfaa8e48c3eff19e5dcf53463,2025-02-21,pass
protocol101-live-v2-microstructure-masked,359,data/processed/spxw_0dte_neural_protocol101_live_v2_microstructure_masked_15mo/2025-02-24.pkl,90f4419089d4dc4518d1065e17183050d8dd88108d4917681abf72202cc750a3,2025-02-24,pass
protocol101-live-v2-microstructure-masked,359,data/processed/spxw_0dte_neural_protocol101_live_v2_microstructure_masked_15mo/2025-02-25.pkl,860c1aa62304ad235a518c2c98707881d6dba7dc6a06e18a9cdd2b3c1eab3b3e,2025-02-25,pass
protocol101-live-v2-microstructure-masked,359,data/processed/spxw_0dte_neural_protocol101_live_v2_microstructure_masked_15mo/2025-02-26.pkl,a3177b39d717f02eed80f5f274727c699b82967a21c0429fc5943fc02f0309b6,2025-02-26,pass
protocol101-live-v2-microstructure-masked,359,data/processed/spxw_0dte_neural_protocol101_live_v2_microstructure_masked_15mo/2025-02-27.pkl,2f5c7f56381cc0195b25c7b1c28723b3b47e4b366ba943444a864768263c8a77,2025-02-27,pass
protocol101-live-v2-microstructure-masked,359,data/processed/spxw_0dte_neural_protocol101_live_v2_microstructure_masked_15mo/2025-02-28.pkl,5c68d26e67d41ae337db3ace50b6bee2fef2a74fd9526325c4ca0ca770d45bb9,2025-02-28,pass
protocol101-live-v2-microstructure-masked,359,data/processed/spxw_0dte_neural_protocol101_live_v2_microstructure_masked_15mo/2025-03-03.pkl,c2536880e4add59be5b89f82f959dab58e10651219a8018790e002ff8c8284b5,2025-03-03,pass
protocol101-live-v2-microstructure-masked,359,data/processed/spxw_0dte_neural_protocol101_live_v2_microstructure_masked_15mo/2025-03-04.pkl,4a90f95eb93816f3020a1d99912bcd11a2e2266f4269e6690b2953ad91b2a807,2025-03-04,pass
protocol101-live-v2-microstructure-masked,359,data/processed/spxw_0dte_neural_protocol101_live_v2_microstructure_masked_15mo/2025-03-05.pkl,0fea423046e83029bc0c94cf1ac7b9350d5e66537f4261a39ec3d83d1d2dc6fa,2025-03-05,pass
protocol101-live-v2-microstructure-masked,359,data/processed/spxw_0dte_neural_protocol101_live_v2_microstructure_masked_15mo/2025-03-06.pkl,c8f724a2e57ace2f07b9c88bab9225571c458424d1bdf1e8884f6418e174ca3a,2025-03-06,pass
protocol101-live-v2-microstructure-masked,359,data/processed/spxw_0dte_neural_protocol101_live_v2_microstructure_masked_15mo/2025-03-07.pkl,3fe90e5bb68a5ebfbddca95cd371175ea688037175f3e20184f665779e9fd532,2025-03-07,pass
protocol101-live-v2-microstructure-masked,359,data/processed/spxw_0dte_neural_protocol101_live_v2_microstructure_masked_15mo/2025-03-10.pkl,fbab4b6a919bda029c265a0e1714405d49304dbb20160e3b3589c499945ac414,2025-03-10,pass
protocol101-live-v2-microstructure-masked,359,data/processed/spxw_0dte_neural_protocol101_live_v2_microstructure_masked_15mo/2025-03-11.pkl,1c19df083c7413d07d5a53c32deee36038e3d3cf51c2a9e896380c7e6953590e,2025-03-11,pass
protocol101-live-v2-microstructure-masked,359,data/processed/spxw_0dte_neural_protocol101_live_v2_microstructure_masked_15mo/2025-03-12.pkl,e6b824ab2fcbc283dfbeeec6e14c945c4ece816680a6a893d6506934ec015663,2025-03-12,pass
protocol101-live-v2-microstructure-masked,359,data/processed/spxw_0dte_neural_protocol101_live_v2_microstructure_masked_15mo/2025-03-13.pkl,b15fc08960582575314eebecfe2fc8f748ee0244129be9aeb1d4a500381fc36d,2025-03-13,pass
protocol101-live-v2-microstructure-masked,359,data/processed/spxw_0dte_neural_protocol101_live_v2_microstructure_masked_15mo/2025-03-14.pkl,af5f83bb0764b6f4443a1cc4b8c5995a8597d0441e1d48c67337efbeb105c9fc,2025-03-14,pass
protocol101-live-v2-microstructure-masked,359,data/processed/spxw_0dte_neural_protocol101_live_v2_microstructure_masked_15mo/2025-03-17.pkl,75123d7c53f0e183e1d33d32bbc7e17e4f33ce6da5ef3c695fb25c76b12eb98d,2025-03-17,pass
protocol101-live-v2-microstructure-masked,359,data/processed/spxw_0dte_neural_protocol101_live_v2_microstructure_masked_15mo/2025-03-18.pkl,ecf107238ab94174b26e8f4b7cdc197c5b0e2f2089049d528b2d229487ac3bd7,2025-03-18,pass
protocol101-live-v2-microstructure-masked,359,data/processed/spxw_0dte_neural_protocol101_live_v2_microstructure_masked_15mo/2025-03-19.pkl,82f6b2df12615c85380686444047a3dd2bc2fc13e3b0ab21761520d6b973f55e,2025-03-19,pass
protocol101-live-v2-microstructure-masked,359,data/processed/spxw_0dte_neural_protocol101_live_v2_microstructure_masked_15mo/2025-03-20.pkl,738aa1f2292f45aa9a11068daf55d21cd785261ef5a343e84d7669d4bd58797e,2025-03-20,pass
protocol101-live-v2-microstructure-masked,359,data/processed/spxw_0dte_neural_protocol101_live_v2_microstructure_masked_15mo/2025-03-21.pkl,ea8494ce6331b8c170500c0df543b6883850ec75986ba178171b75bcc738f2b8,2025-03-21,pass
protocol101-live-v2-microstructure-masked,359,data/processed/spxw_0dte_neural_protocol101_live_v2_microstructure_masked_15mo/2025-03-24.pkl,9b9626119340355fb64c627c9ca2ccc405f85192d267a71c7d2982fed12373a7,2025-03-24,pass
protocol101-live-v2-microstructure-masked,359,data/processed/spxw_0dte_neural_protocol101_live_v2_microstructure_masked_15mo/2025-03-25.pkl,b158efebdf89bb9e27092dc4903ec76caafbe24628569c8bd9293d5b6bdfdc86,2025-03-25,pass
protocol101-live-v2-microstructure-masked,359,data/processed/spxw_0dte_neural_protocol101_live_v2_microstructure_masked_15mo/2025-03-26.pkl,f8f8501a513c26fa4ec6ed974bfa040889ec7365f1dddf48b8643fedd6a56fa5,2025-03-26,pass
protocol101-live-v2-microstructure-masked,359,data/processed/spxw_0dte_neural_protocol101_live_v2_microstructure_masked_15mo/2025-03-27.pkl,4ad598f2f22ad6ca4c5e119c42df090a151bb5a2d45c0643e70d2218e112d602,2025-03-27,pass
protocol101-live-v2-microstructure-masked,359,data/processed/spxw_0dte_neural_protocol101_live_v2_microstructure_masked_15mo/2025-03-28.pkl,3f8de4f3f7d3e595cafea6ab53ef7144f76c3e7a75bf721501c065efbc918764,2025-03-28,pass
protocol101-live-v2-microstructure-masked,359,data/processed/spxw_0dte_neural_protocol101_live_v2_microstructure_masked_15mo/2025-03-31.pkl,d4fbe137ef55d49ef98a82e19904f93309909096d7492d210b3e8b2ea951d646,2025-03-31,pass
protocol101-live-v2-microstructure-masked,359,data/processed/spxw_0dte_neural_protocol101_live_v2_microstructure_masked_15mo/2025-04-01.pkl,0e364be64ab6256bf318a95fee4aa01df0e54ae222db6eed4273c1f2ff208c48,2025-04-01,pass
protocol101-live-v2-microstructure-masked,359,data/processed/spxw_0dte_neural_protocol101_live_v2_microstructure_masked_15mo/2025-04-02.pkl,a1ddeb945f09fa00ee9bca175ac8605de4be5518ce4bd3c078da03f66cdbfbc1,2025-04-02,pass
protocol101-live-v2-microstructure-masked,359,data/processed/spxw_0dte_neural_protocol101_live_v2_microstructure_masked_15mo/2025-04-03.pkl,d2e1f386e3e0db3ca8258db6ae79528e612a112d1755909605a64b38ed7806ce,2025-04-03,pass
protocol101-live-v2-microstructure-masked,359,data/processed/spxw_0dte_neural_protocol101_live_v2_microstructure_masked_15mo/2025-04-04.pkl,d304a7e32bbf5df27b1998b419ad0025917de2f9726dda836ac243efc236dff2,2025-04-04,pass
protocol101-live-v2-microstructure-masked,359,data/processed/spxw_0dte_neural_protocol101_live_v2_microstructure_masked_15mo/2025-04-14.pkl,bfea0b6927c79fe4be8e6208651793467f744d280b36fced2a035d74330b3d96,2025-04-14,pass
protocol101-live-v2-microstructure-masked,359,data/processed/spxw_0dte_neural_protocol101_live_v2_microstructure_masked_15mo/2025-04-15.pkl,d43ec58f1c9afeb4abb80069643ed204fa6c09aeb77a9349f2eba705a683f087,2025-04-15,pass
protocol101-live-v2-microstructure-masked,359,data/processed/spxw_0dte_neural_protocol101_live_v2_microstructure_masked_15mo/2025-04-16.pkl,82a0ad01182bb38b9b1a0da9ddf752c54097d9ccb74bb2e00acd6f372399eb2b,2025-04-16,pass
protocol101-live-v2-microstructure-masked,359,data/processed/spxw_0dte_neural_protocol101_live_v2_microstructure_masked_15mo/2025-04-17.pkl,8cb17a00b2fb9fb25dbacbf871233897b124ab55a28fcffab322f844ca5cd980,2025-04-17,pass
protocol101-live-v2-microstructure-masked,359,data/processed/spxw_0dte_neural_protocol101_live_v2_microstructure_masked_15mo/2025-04-21.pkl,45e58b4c87512002b3a6215cec783b6ae5785033676a3ad9118410af4adb6548,2025-04-21,pass
protocol101-live-v2-microstructure-masked,359,data/processed/spxw_0dte_neural_protocol101_live_v2_microstructure_masked_15mo/2025-04-22.pkl,31ce8fc268d7e108da805b51fc08ea244d77ae571a50380124800f286a9fe674,2025-04-22,pass
protocol101-live-v2-microstructure-masked,359,data/processed/spxw_0dte_neural_protocol101_live_v2_microstructure_masked_15mo/2025-04-23.pkl,d3f8e4c26dcaf3f71aa111ae9ef8fb82807c630d6d57920d940f9b2379bf074d,2025-04-23,pass
protocol101-live-v2-microstructure-masked,359,data/processed/spxw_0dte_neural_protocol101_live_v2_microstructure_masked_15mo/2025-04-24.pkl,517cf04cb8591fff64a48101445901104705ce128a933ccfb9f7a74037ababaf,2025-04-24,pass
protocol101-live-v2-microstructure-masked,359,data/processed/spxw_0dte_neural_protocol101_live_v2_microstructure_masked_15mo/2025-04-25.pkl,d1f470234a1bc3d5ccce4fefbe28bc65cca5fb4949fbb9b66f3bbed62afed2c7,2025-04-25,pass
protocol101-live-v2-microstructure-masked,359,data/processed/spxw_0dte_neural_protocol101_live_v2_microstructure_masked_15mo/2025-04-28.pkl,9a1b988b3c20781a202aa1491deebaf3f820c99db6d7bf1dc75c4c2f1c1e9795,2025-04-28,pass
protocol101-live-v2-microstructure-masked,359,data/processed/spxw_0dte_neural_protocol101_live_v2_microstructure_masked_15mo/2025-04-29.pkl,8afe043812543f26f5db62e8743a68f6fbcf3ac64707701286dde9a129f25c05,2025-04-29,pass
protocol101-live-v2-microstructure-masked,359,data/processed/spxw_0dte_neural_protocol101_live_v2_microstructure_masked_15mo/2025-04-30.pkl,5f5493b4e5a34be81773367291e98ba2fb014485a461388d72525f1aa0dfd83c,2025-04-30,pass
protocol101-live-v2-microstructure-masked,359,data/processed/spxw_0dte_neural_protocol101_live_v2_microstructure_masked_15mo/2025-05-01.pkl,1e8bbd19ef71b20ebd9b28c4aafc3e7890bed2767c8e4f6b1714b716a63e8739,2025-05-01,pass
protocol101-live-v2-microstructure-masked,359,data/processed/spxw_0dte_neural_protocol101_live_v2_microstructure_masked_15mo/2025-05-02.pkl,f654ae3bf51b226e01dd88b56f43e34d6396d5c1aff314c626ea89398e3a6c64,2025-05-02,pass
protocol101-live-v2-microstructure-masked,359,data/processed/spxw_0dte_neural_protocol101_live_v2_microstructure_masked_15mo/2025-05-05.pkl,c16f22d20b3172d58ce5a80188da09ad098778705aaed6f6e86a13dece765e75,2025-05-05,pass
protocol101-live-v2-microstructure-masked,359,data/processed/spxw_0dte_neural_protocol101_live_v2_microstructure_masked_15mo/2025-05-06.pkl,a375ef7a96ae199aa50f050d926369898d8147ce34f158e261c8129ade82afd0,2025-05-06,pass
protocol101-live-v2-microstructure-masked,359,data/processed/spxw_0dte_neural_protocol101_live_v2_microstructure_masked_15mo/2025-05-07.pkl,cf24bc26b6312688245354b0b64c5447b2c6a32479d04e74981b1df4ed5fbe7c,2025-05-07,pass
protocol101-live-v2-microstructure-masked,359,data/processed/spxw_0dte_neural_protocol101_live_v2_microstructure_masked_15mo/2025-05-08.pkl,da3baccb3a4066366ff8b1b7d61280258a43970e76001d38e24fe91bbb7a4d37,2025-05-08,pass
protocol101-live-v2-microstructure-masked,359,data/processed/spxw_0dte_neural_protocol101_live_v2_microstructure_masked_15mo/2025-05-09.pkl,09dbd2ca09f180357d10398449c2bb3428c50d8c74fbb61cf2b898dcf0b694ad,2025-05-09,pass
protocol101-live-v2-microstructure-masked,359,data/processed/spxw_0dte_neural_protocol101_live_v2_microstructure_masked_15mo/2025-05-12.pkl,49e4718b2b39bcb7e158b9ba935fe5b71c49db0f8ee5c15b64104018baf360bd,2025-05-12,pass
protocol101-live-v2-microstructure-masked,359,data/processed/spxw_0dte_neural_protocol101_live_v2_microstructure_masked_15mo/2025-05-13.pkl,2077e11978cd3faa43f6a874972fee621c1a55fe22f89c7c5b85ef8b2c43d1da,2025-05-13,pass
protocol101-live-v2-microstructure-masked,359,data/processed/spxw_0dte_neural_protocol101_live_v2_microstructure_masked_15mo/2025-05-14.pkl,993cbced0cc53185ac9e4ad05a1265073a24ab82992bae2cd46803551f979d0c,2025-05-14,pass
protocol101-live-v2-microstructure-masked,359,data/processed/spxw_0dte_neural_protocol101_live_v2_microstructure_masked_15mo/2025-05-15.pkl,1773a5127a606da92910cba15ce09fe2b5eb4bdad3986fd039829fc6b7754156,2025-05-15,pass
protocol101-live-v2-microstructure-masked,359,data/processed/spxw_0dte_neural_protocol101_live_v2_microstructure_masked_15mo/2025-05-16.pkl,8408895802f0b91f27ca6a932f53de5ed79f02fc8e1994571b3778e87f49d5a0,2025-05-16,pass
protocol101-live-v2-microstructure-masked,359,data/processed/spxw_0dte_neural_protocol101_live_v2_microstructure_masked_15mo/2025-05-19.pkl,67f7c0b7ac7370a3d69ae8be95c905086f92e0084943b31280c211c9879a6860,2025-05-19,pass
protocol101-live-v2-microstructure-masked,359,data/processed/spxw_0dte_neural_protocol101_live_v2_microstructure_masked_15mo/2025-05-20.pkl,1c263a3f647dacccab72fb49e54523cc4f73f2a565026b8ca549774aa5205d43,2025-05-20,pass
protocol101-live-v2-microstructure-masked,359,data/processed/spxw_0dte_neural_protocol101_live_v2_microstructure_masked_15mo/2025-05-21.pkl,9f6afb229ec849bdf20fefb996d84206e0b256ebe92fd7c2b6173527415273e4,2025-05-21,pass
protocol101-live-v2-microstructure-masked,359,data/processed/spxw_0dte_neural_protocol101_live_v2_microstructure_masked_15mo/2025-05-22.pkl,61c5f86bbc7c8c5c066f1214ac1a78c62a6347f8fbc966a0f9c24c1d9fea915b,2025-05-22,pass
protocol101-live-v2-microstructure-masked,359,data/processed/spxw_0dte_neural_protocol101_live_v2_microstructure_masked_15mo/2025-05-23.pkl,37b71cf0cb35a810051d3f63b6eba8bc5121e34d995180debcd3c74e9eff511b,2025-05-23,pass
protocol101-live-v2-microstructure-masked,359,data/processed/spxw_0dte_neural_protocol101_live_v2_microstructure_masked_15mo/2025-05-27.pkl,5f19926271c73c502566e3bfb371717660507b3cc29a2510ee0e6a5a723c768c,2025-05-27,pass
protocol101-live-v2-microstructure-masked,359,data/processed/spxw_0dte_neural_protocol101_live_v2_microstructure_masked_15mo/2025-05-28.pkl,5c35db1b18a6070c1fa442f82a9ff61a2337eea65488da777cf2e33c02da4d45,2025-05-28,pass
protocol101-live-v2-microstructure-masked,359,data/processed/spxw_0dte_neural_protocol101_live_v2_microstructure_masked_15mo/2025-05-29.pkl,0be3215b55f58e860c215f221dceb89a26dab069c89dd87516294957ef8d7fa4,2025-05-29,pass
protocol101-live-v2-microstructure-masked,359,data/processed/spxw_0dte_neural_protocol101_live_v2_microstructure_masked_15mo/2025-05-30.pkl,3f09c1d0145fc0605ac37d05217f196d26375049f14953722e4f57f835ecba4f,2025-05-30,pass
protocol101-live-v2-microstructure-masked,359,data/processed/spxw_0dte_neural_protocol101_live_v2_microstructure_masked_15mo/2025-06-02.pkl,71eec2ee07ef6f0b20c63d5d89616addc2604b4fd138aa69613c7da95fe951e4,2025-06-02,pass
protocol101-live-v2-microstructure-masked,359,data/processed/spxw_0dte_neural_protocol101_live_v2_microstructure_masked_15mo/2025-06-03.pkl,ad6594f668a32bc8b039455a5edbae1150bc0cb80729ce5f4414535e60585a74,2025-06-03,pass
protocol101-live-v2-microstructure-masked,359,data/processed/spxw_0dte_neural_protocol101_live_v2_microstructure_masked_15mo/2025-06-04.pkl,11db7d3391b5a47209be106dddeda1154afe427a9a22c86a8961b815af56d220,2025-06-04,pass
protocol101-live-v2-microstructure-masked,359,data/processed/spxw_0dte_neural_protocol101_live_v2_microstructure_masked_15mo/2025-06-05.pkl,472d50085ef5e5302fd26791889685eac7e0e5c3b03f30cae795be6b0822c72b,2025-06-05,pass
protocol101-live-v2-microstructure-masked,359,data/processed/spxw_0dte_neural_protocol101_live_v2_microstructure_masked_15mo/2025-06-06.pkl,2323042a5a33b81223d54f02ba01b8d3da2d1851190eff461b44c75d340549b0,2025-06-06,pass
protocol101-live-v2-microstructure-masked,359,data/processed/spxw_0dte_neural_protocol101_live_v2_microstructure_masked_15mo/2025-06-09.pkl,ebebace34ab25756b1ecd0940644ad388cff0c6bd13aab68ad7da4a0b71ccb02,2025-06-09,pass
protocol101-live-v2-microstructure-masked,359,data/processed/spxw_0dte_neural_protocol101_live_v2_microstructure_masked_15mo/2025-06-10.pkl,6410bb7e26b05e1f090421495df31c4af38dac37ce44a88a68c14caf9f1f5b08,2025-06-10,pass
protocol101-live-v2-microstructure-masked,359,data/processed/spxw_0dte_neural_protocol101_live_v2_microstructure_masked_15mo/2025-06-11.pkl,adb35520fb474545638ae07e8c48f8e5519a9d8a418bdf0d166413152defd778,2025-06-11,pass
protocol101-live-v2-microstructure-masked,359,data/processed/spxw_0dte_neural_protocol101_live_v2_microstructure_masked_15mo/2025-06-12.pkl,4e2c0c10af3b240ab8f8c00975721ced2565ba982bc71f57d2dc4dc9c023dfc6,2025-06-12,pass
protocol101-live-v2-microstructure-masked,359,data/processed/spxw_0dte_neural_protocol101_live_v2_microstructure_masked_15mo/2025-06-13.pkl,11b20fbb5d8c2030e0c65fb99454e70c0537e51fac932d65f9766282195b1a5c,2025-06-13,pass
protocol101-live-v2-microstructure-masked,359,data/processed/spxw_0dte_neural_protocol101_live_v2_microstructure_masked_15mo/2025-06-16.pkl,ed5a3f872589a7e44eea6b12316369e351c7401fa93f5f7321c0de81c8d39b8a,2025-06-16,pass
protocol101-live-v2-microstructure-masked,359,data/processed/spxw_0dte_neural_protocol101_live_v2_microstructure_masked_15mo/2025-06-17.pkl,1fb6f39c52fcfd6e23c72780e680ebe82e8e6ae4e341a443d95a5d0bec742a67,2025-06-17,pass
protocol101-live-v2-microstructure-masked,359,data/processed/spxw_0dte_neural_protocol101_live_v2_microstructure_masked_15mo/2025-06-18.pkl,707fe1dad804d310b4fa816453f6cf4db8744b3b8afaebeb54775ecd611b68d4,2025-06-18,pass
protocol101-live-v2-microstructure-masked,359,data/processed/spxw_0dte_neural_protocol101_live_v2_microstructure_masked_15mo/2025-06-20.pkl,7e6581eaedb8ae33ae85897bcd3493808448cc84b4553e110d22e67bdf1c0639,2025-06-20,pass
protocol101-live-v2-microstructure-masked,359,data/processed/spxw_0dte_neural_protocol101_live_v2_microstructure_masked_15mo/2025-06-23.pkl,24b0e7c279acf883ed9b2f7c8873340443f54974a50fa5b6bd881e7ca1f7c8e2,2025-06-23,pass
protocol101-live-v2-microstructure-masked,359,data/processed/spxw_0dte_neural_protocol101_live_v2_microstructure_masked_15mo/2025-06-24.pkl,0fd11d3b40489e86f8c691a5edd9a345055c8933048506e1c454dac981b59fda,2025-06-24,pass
protocol101-live-v2-microstructure-masked,359,data/processed/spxw_0dte_neural_protocol101_live_v2_microstructure_masked_15mo/2025-06-25.pkl,6ffb9a861db5537fd0d4452104e85824454190187f1dc54dbeca72089109d47d,2025-06-25,pass
protocol101-live-v2-microstructure-masked,359,data/processed/spxw_0dte_neural_protocol101_live_v2_microstructure_masked_15mo/2025-06-26.pkl,dacf9f77966a3dcd60924ab0087add2e389ae1fb14e8eb5086f9ec2ee5ae78ef,2025-06-26,pass
protocol101-live-v2-microstructure-masked,359,data/processed/spxw_0dte_neural_protocol101_live_v2_microstructure_masked_15mo/2025-06-27.pkl,0df0d18ea8b5b2ea366821b3ad4cf70727d31ba9b5af4f4baeaeec8d7bc50052,2025-06-27,pass
protocol101-live-v2-microstructure-masked,359,data/processed/spxw_0dte_neural_protocol101_live_v2_microstructure_masked_15mo/2025-06-30.pkl,e8f26cea22fa1c101df3c0ab2c01283e051c38e9ba77e52f7a4dc78d860de4f8,2025-06-30,pass
protocol101-live-v2-microstructure-masked,359,data/processed/spxw_0dte_neural_protocol101_live_v2_microstructure_masked_15mo/2025-07-01.pkl,cd67f3e8d86a2f150f8210fbbdd58bfabcc4858603d3a86fa6ad92b74be04b1c,2025-07-01,pass
protocol101-live-v2-microstructure-masked,359,data/processed/spxw_0dte_neural_protocol101_live_v2_microstructure_masked_15mo/2025-07-02.pkl,d28681b9870df9bb0d912a07072654a9fc96a80a583e782c24c412b25728cc14,2025-07-02,pass
protocol101-live-v2-microstructure-masked,359,data/processed/spxw_0dte_neural_protocol101_live_v2_microstructure_masked_15mo/2025-07-07.pkl,379e7c3d4b621fe98fb6063b046ffd3111e54cfe35bb98a71ff650399d40245c,2025-07-07,pass
protocol101-live-v2-microstructure-masked,359,data/processed/spxw_0dte_neural_protocol101_live_v2_microstructure_masked_15mo/2025-07-08.pkl,da90b50529db2013e7fe378db7b8357a3b7c76e8de318dab06dc87ff0427a03b,2025-07-08,pass
protocol101-live-v2-microstructure-masked,359,data/processed/spxw_0dte_neural_protocol101_live_v2_microstructure_masked_15mo/2025-07-09.pkl,5d3af24e0922c0aa0e556c45eb9a7cfe6988431c07345199f62c9b2d4a1c1cec,2025-07-09,pass
protocol101-live-v2-microstructure-masked,359,data/processed/spxw_0dte_neural_protocol101_live_v2_microstructure_masked_15mo/2025-07-10.pkl,3d6d89c8cc68e45f29a21a469a7c282dcc1dd597231731756286fb370c055cc8,2025-07-10,pass
protocol101-live-v2-microstructure-masked,359,data/processed/spxw_0dte_neural_protocol101_live_v2_microstructure_masked_15mo/2025-07-11.pkl,b8c182b0adad353deb62a2977b830c195525c63febdefb3ad988340495c16d4a,2025-07-11,pass
protocol101-live-v2-microstructure-masked,359,data/processed/spxw_0dte_neural_protocol101_live_v2_microstructure_masked_15mo/2025-07-14.pkl,17ff5a798c34db8a38f2e2fdc914581935d642419afa297cdb655fe567a5578e,2025-07-14,pass
protocol101-live-v2-microstructure-masked,359,data/processed/spxw_0dte_neural_protocol101_live_v2_microstructure_masked_15mo/2025-07-15.pkl,ab29d580fd9867ed16cc10025d88bd4e9487b4154154c6653024f3d10f3147f8,2025-07-15,pass
protocol101-live-v2-microstructure-masked,359,data/processed/spxw_0dte_neural_protocol101_live_v2_microstructure_masked_15mo/2025-07-16.pkl,fb4821bbedeaa4c21bd0ffa18edeeadfb1b2b9f7899486b39222710b9a3796da,2025-07-16,pass
protocol101-live-v2-microstructure-masked,359,data/processed/spxw_0dte_neural_protocol101_live_v2_microstructure_masked_15mo/2025-07-17.pkl,456a2928d966e688f26c45f63f278f0c10fb220699395c2910b5a238895ea816,2025-07-17,pass
protocol101-live-v2-microstructure-masked,359,data/processed/spxw_0dte_neural_protocol101_live_v2_microstructure_masked_15mo/2025-07-18.pkl,fdd25f51d2b59d93c70ae76fc4219d32fb4f25c2c01cd3afe7af8b2a91e8142e,2025-07-18,pass
protocol101-live-v2-microstructure-masked,359,data/processed/spxw_0dte_neural_protocol101_live_v2_microstructure_masked_15mo/2025-07-21.pkl,41338c2f649b0d274a3ec203499b912f8f24fc3c7ead8280de93f4b8f24a74e7,2025-07-21,pass
protocol101-live-v2-microstructure-masked,359,data/processed/spxw_0dte_neural_protocol101_live_v2_microstructure_masked_15mo/2025-07-22.pkl,c948f7f9c59daac157814eb0944206046f06db14cdb61f4ba164cd35d299336e,2025-07-22,pass
protocol101-live-v2-microstructure-masked,359,data/processed/spxw_0dte_neural_protocol101_live_v2_microstructure_masked_15mo/2025-07-23.pkl,3bd2c7a056f6ebadfc7f1e17a4cfef505338950c182f3c96ade1d2afdcfb5b6b,2025-07-23,pass
protocol101-live-v2-microstructure-masked,359,data/processed/spxw_0dte_neural_protocol101_live_v2_microstructure_masked_15mo/2025-07-24.pkl,8d2b24502d2104171103107c200d53ac8ba4720f29351edbc21349c41cf2fbea,2025-07-24,pass
protocol101-live-v2-microstructure-masked,359,data/processed/spxw_0dte_neural_protocol101_live_v2_microstructure_masked_15mo/2025-07-25.pkl,59020c3ccfeeb71934081ce36c2db80b607006737b298d94f695494acf75897b,2025-07-25,pass
protocol101-live-v2-microstructure-masked,359,data/processed/spxw_0dte_neural_protocol101_live_v2_microstructure_masked_15mo/2025-07-28.pkl,e12856f6127ad63121c06e6a861076a0f3b136a7c406579321aaf7a0261a792a,2025-07-28,pass
protocol101-live-v2-microstructure-masked,359,data/processed/spxw_0dte_neural_protocol101_live_v2_microstructure_masked_15mo/2025-07-29.pkl,c9f6750ddf309ad89045ada26063494f17925582c33f3ead3000032dcb3b9b23,2025-07-29,pass
protocol101-live-v2-microstructure-masked,359,data/processed/spxw_0dte_neural_protocol101_live_v2_microstructure_masked_15mo/2025-07-31.pkl,e2f6ea03b8f8719e446d6fe19c04785aed825cb3fc5c2a521d11eba6c08f8684,2025-07-31,pass
protocol101-live-v2-microstructure-masked,359,data/processed/spxw_0dte_neural_protocol101_live_v2_microstructure_masked_15mo/2025-08-01.pkl,9ad998f160c164df465307139b5610532226b3366ca4bfeddc8cca269cb3a795,2025-08-01,pass
protocol101-live-v2-microstructure-masked,359,data/processed/spxw_0dte_neural_protocol101_live_v2_microstructure_masked_15mo/2025-08-04.pkl,cd5d02f255f43a18ed8083d727ecfeed4a078fea8ae8c4c73c8dd72ad1957cdf,2025-08-04,pass
protocol101-live-v2-microstructure-masked,359,data/processed/spxw_0dte_neural_protocol101_live_v2_microstructure_masked_15mo/2025-08-05.pkl,6de067ce2df4d62f564f72bcf2f9235a512967bf2705b6046ec87bbc7c3d9529,2025-08-05,pass
protocol101-live-v2-microstructure-masked,359,data/processed/spxw_0dte_neural_protocol101_live_v2_microstructure_masked_15mo/2025-08-06.pkl,81cbf25b873c45a0b58f892d8e51f326cdb47037f44a4019071a1119cc2db51d,2025-08-06,pass
protocol101-live-v2-microstructure-masked,359,data/processed/spxw_0dte_neural_protocol101_live_v2_microstructure_masked_15mo/2025-08-07.pkl,2c72efeacdc81055624415273bc70a7a5b5d3fef58365f0c38f17ae65a36ed6a,2025-08-07,pass
protocol101-live-v2-microstructure-masked,359,data/processed/spxw_0dte_neural_protocol101_live_v2_microstructure_masked_15mo/2025-08-08.pkl,9c197eed7721d6c781d8c74362f3706fdbacaad4a8cf7e24667e32fb6b188abc,2025-08-08,pass
protocol101-live-v2-microstructure-masked,359,data/processed/spxw_0dte_neural_protocol101_live_v2_microstructure_masked_15mo/2025-08-11.pkl,1c2a8ef0779bd9a69fc52404c3dfbc7dcca20a947aa9dffdb78d356eafd62189,2025-08-11,pass
protocol101-live-v2-microstructure-masked,359,data/processed/spxw_0dte_neural_protocol101_live_v2_microstructure_masked_15mo/2025-08-12.pkl,1577fa8961bd9e2732059b76bcf083cda55f8aad36423d488456f9f1c61be2f0,2025-08-12,pass
protocol101-live-v2-microstructure-masked,359,data/processed/spxw_0dte_neural_protocol101_live_v2_microstructure_masked_15mo/2025-08-13.pkl,1c5c2f33f9cdb8ba0c491159f2d9f41f1f969da6194515fe6b022b6b0ce1df22,2025-08-13,pass
protocol101-live-v2-microstructure-masked,359,data/processed/spxw_0dte_neural_protocol101_live_v2_microstructure_masked_15mo/2025-08-14.pkl,945fc23c04a5bed523a4ac4356da2911bb09581f92cbf7b6296745921c5f5f20,2025-08-14,pass
protocol101-live-v2-microstructure-masked,359,data/processed/spxw_0dte_neural_protocol101_live_v2_microstructure_masked_15mo/2025-08-15.pkl,6b9eab8ec5e88290ad0cb17f9a7e0cbfa0748d2e7697ce828b7ed664d70522ea,2025-08-15,pass
protocol101-live-v2-microstructure-masked,359,data/processed/spxw_0dte_neural_protocol101_live_v2_microstructure_masked_15mo/2025-08-18.pkl,d93670203518f41db433b7055523c7365cb5b7c654ff93cd45cc884a4acb71c8,2025-08-18,pass
protocol101-live-v2-microstructure-masked,359,data/processed/spxw_0dte_neural_protocol101_live_v2_microstructure_masked_15mo/2025-08-19.pkl,1b318152ecbf742978890277a7a375227b69bd022d253849c895e02c6a3f924a,2025-08-19,pass
protocol101-live-v2-microstructure-masked,359,data/processed/spxw_0dte_neural_protocol101_live_v2_microstructure_masked_15mo/2025-08-20.pkl,82fc1471a3c4153acdf3dd8f68ce4c2bf1dc8cb867b48fd426f31220060ea967,2025-08-20,pass
protocol101-live-v2-microstructure-masked,359,data/processed/spxw_0dte_neural_protocol101_live_v2_microstructure_masked_15mo/2025-08-21.pkl,85e0d78a0d0eb2949cb8efc2112fd8d83f5f8469e43c14a821a864287fc02c39,2025-08-21,pass
protocol101-live-v2-microstructure-masked,359,data/processed/spxw_0dte_neural_protocol101_live_v2_microstructure_masked_15mo/2025-08-22.pkl,48d50d309b82518efb2642f1ef3ef7c6d59f18aeb6f73fcc998c84edc660bd99,2025-08-22,pass
protocol101-live-v2-microstructure-masked,359,data/processed/spxw_0dte_neural_protocol101_live_v2_microstructure_masked_15mo/2025-08-25.pkl,da6223dee4ad821283076ba8550b1449f089b35667f2f3af8f6639d01bf90cdf,2025-08-25,pass
protocol101-live-v2-microstructure-masked,359,data/processed/spxw_0dte_neural_protocol101_live_v2_microstructure_masked_15mo/2025-08-26.pkl,bd8f4ce31c82c9628f0eab3e1dfc4483cf899f834e6f391d6c13a84c4719ac34,2025-08-26,pass
protocol101-live-v2-microstructure-masked,359,data/processed/spxw_0dte_neural_protocol101_live_v2_microstructure_masked_15mo/2025-08-27.pkl,3576b8c488fdd46ccec3cf123983f0b2601d578984a95c531bcdae61e5fb3f8a,2025-08-27,pass
protocol101-live-v2-microstructure-masked,359,data/processed/spxw_0dte_neural_protocol101_live_v2_microstructure_masked_15mo/2025-08-28.pkl,3c7f4f0d2d309a4dc951bd7e545264b70d5ed3f24d6531d8af4f5a2da17ab01f,2025-08-28,pass
protocol101-live-v2-microstructure-masked,359,data/processed/spxw_0dte_neural_protocol101_live_v2_microstructure_masked_15mo/2025-08-29.pkl,f7a2db640e1fe7a65a61516503e114cca22fb72b06f0ef80f35f72b373888471,2025-08-29,pass
protocol101-live-v2-microstructure-masked,359,data/processed/spxw_0dte_neural_protocol101_live_v2_microstructure_masked_15mo/2025-09-02.pkl,5975e98d6d5103f73e01fa89d505bfde800fde44f7b27557ed55759a99f21fcb,2025-09-02,pass
protocol101-live-v2-microstructure-masked,359,data/processed/spxw_0dte_neural_protocol101_live_v2_microstructure_masked_15mo/2025-09-03.pkl,d670ec7e0502fe3a443e821d43aad9743d798145dfdcce3bb551e53e4893f819,2025-09-03,pass
protocol101-live-v2-microstructure-masked,359,data/processed/spxw_0dte_neural_protocol101_live_v2_microstructure_masked_15mo/2025-09-04.pkl,6ed5386a848260abe3f2788a0163f3a5e66da4fef2649a98e71572c227bb0e63,2025-09-04,pass
protocol101-live-v2-microstructure-masked,359,data/processed/spxw_0dte_neural_protocol101_live_v2_microstructure_masked_15mo/2025-09-05.pkl,86550951a70c95a5e38664f736eddf800f2533055187950d7b76a5b665c0d6f0,2025-09-05,pass
protocol101-live-v2-microstructure-masked,359,data/processed/spxw_0dte_neural_protocol101_live_v2_microstructure_masked_15mo/2025-09-08.pkl,b2266828345d1b1ddd8a8e821fcd41da07f362a3512d49e2867135edca47d932,2025-09-08,pass
protocol101-live-v2-microstructure-masked,359,data/processed/spxw_0dte_neural_protocol101_live_v2_microstructure_masked_15mo/2025-09-09.pkl,314a19584c00266900ffbe04796baf1ff525e42f1dc6a80324f007f0b65a6224,2025-09-09,pass
protocol101-live-v2-microstructure-masked,359,data/processed/spxw_0dte_neural_protocol101_live_v2_microstructure_masked_15mo/2025-09-10.pkl,33097ee758e9915e10af59ed6ae52859e2718a11e987d5cea27da63c5355c274,2025-09-10,pass
protocol101-live-v2-microstructure-masked,359,data/processed/spxw_0dte_neural_protocol101_live_v2_microstructure_masked_15mo/2025-09-11.pkl,aa7f0a79c55ccfcf2aed31731b1a3f176d1b3911b20d91541f9ba6ba2f306590,2025-09-11,pass
protocol101-live-v2-microstructure-masked,359,data/processed/spxw_0dte_neural_protocol101_live_v2_microstructure_masked_15mo/2025-09-12.pkl,86c35071c37511ccfa227ccc1f28b8ce748237800a5b41accbf69e18b491a972,2025-09-12,pass
protocol101-live-v2-microstructure-masked,359,data/processed/spxw_0dte_neural_protocol101_live_v2_microstructure_masked_15mo/2025-09-15.pkl,cb8fb6f3b6b0a927d4a6e9d2355d395ad4bcd0af8a8259fded553710bd1c48eb,2025-09-15,pass
protocol101-live-v2-microstructure-masked,359,data/processed/spxw_0dte_neural_protocol101_live_v2_microstructure_masked_15mo/2025-09-16.pkl,2667743a00282b4fe3dd78084ae16d6d5fb876fbe316e0657d6bbe0c92bfddf0,2025-09-16,pass
protocol101-live-v2-microstructure-masked,359,data/processed/spxw_0dte_neural_protocol101_live_v2_microstructure_masked_15mo/2025-09-17.pkl,f0743253b9f36bf2b8f522ff0a0afdde89d6af261bfa25d867af5e33a401c9bf,2025-09-17,pass
protocol101-live-v2-microstructure-masked,359,data/processed/spxw_0dte_neural_protocol101_live_v2_microstructure_masked_15mo/2025-09-18.pkl,6d6a44a532b0b262bee6e4003b6c2e93ff4c28218afc4db1825243869ba46c64,2025-09-18,pass
protocol101-live-v2-microstructure-masked,359,data/processed/spxw_0dte_neural_protocol101_live_v2_microstructure_masked_15mo/2025-09-19.pkl,54bbb1da5026c62fad8f00e03741c3c5a0ec4e35bca46801d485b593955ed429,2025-09-19,pass
protocol101-live-v2-microstructure-masked,359,data/processed/spxw_0dte_neural_protocol101_live_v2_microstructure_masked_15mo/2025-09-22.pkl,93ec2c0c6cde657ad5e22562194993d66ee70b719fda54760ffb5c667ccc78d9,2025-09-22,pass
protocol101-live-v2-microstructure-masked,359,data/processed/spxw_0dte_neural_protocol101_live_v2_microstructure_masked_15mo/2025-09-23.pkl,9db122afac4853ee7feb5118ea6924cb48b5b253e84492e68d19ce021ff5a9da,2025-09-23,pass
protocol101-live-v2-microstructure-masked,359,data/processed/spxw_0dte_neural_protocol101_live_v2_microstructure_masked_15mo/2025-09-24.pkl,04e5396a9b8768ef756ee6579542b998bd6cc37776d6b266b59129d541c78354,2025-09-24,pass
protocol101-live-v2-microstructure-masked,359,data/processed/spxw_0dte_neural_protocol101_live_v2_microstructure_masked_15mo/2025-09-25.pkl,8d3333a168e1450fe47676bd1543cf1faea56a56437675ba7228183fb983baa8,2025-09-25,pass
protocol101-live-v2-microstructure-masked,359,data/processed/spxw_0dte_neural_protocol101_live_v2_microstructure_masked_15mo/2025-09-26.pkl,8a7bf1afb766afdab3fb0827efa48a2c2841ebf1333260198ed9600466ef7aa7,2025-09-26,pass
protocol101-live-v2-microstructure-masked,359,data/processed/spxw_0dte_neural_protocol101_live_v2_microstructure_masked_15mo/2025-09-29.pkl,5e1dd95801b757c2d21c35b1eb0316681e8e8ab203205ef7efbb2b4453dd02b3,2025-09-29,pass
protocol101-live-v2-microstructure-masked,359,data/processed/spxw_0dte_neural_protocol101_live_v2_microstructure_masked_15mo/2025-09-30.pkl,65e412b2b66b676c1b4811d8e95d24c77f3dd732158c3b4fee0e3a8280ec9ca8,2025-09-30,pass
protocol101-live-v2-microstructure-masked,359,data/processed/spxw_0dte_neural_protocol101_live_v2_microstructure_masked_15mo/2025-10-01.pkl,2a545e33f8355409b93340225582d63406f78c1501e296679b1d811eec252576,2025-10-01,pass
protocol101-live-v2-microstructure-masked,359,data/processed/spxw_0dte_neural_protocol101_live_v2_microstructure_masked_15mo/2025-10-02.pkl,41452d50938160ff6b42d83206f4023e8d21e6f17df998a96f7b0eefb0c95e8b,2025-10-02,pass
protocol101-live-v2-microstructure-masked,359,data/processed/spxw_0dte_neural_protocol101_live_v2_microstructure_masked_15mo/2025-10-03.pkl,adc96eda3bc72612e088647c2b449dbc1da82798e531f248d17eedcb6e64095a,2025-10-03,pass
protocol101-live-v2-microstructure-masked,359,data/processed/spxw_0dte_neural_protocol101_live_v2_microstructure_masked_15mo/2025-10-06.pkl,bd19a75e08b0d6fdd00ef6de4f530f17c8575e308db5c3186d22fce188dd34ff,2025-10-06,pass
protocol101-live-v2-microstructure-masked,359,data/processed/spxw_0dte_neural_protocol101_live_v2_microstructure_masked_15mo/2025-10-07.pkl,e16813a7d3f4283a02b3b58bff5c6c5a346bec5eb2da76218cce224ae324a203,2025-10-07,pass
protocol101-live-v2-microstructure-masked,359,data/processed/spxw_0dte_neural_protocol101_live_v2_microstructure_masked_15mo/2025-10-08.pkl,4ed89375192a757739099059adf445d4322044f54e1ad829c2fb825d30f07b6c,2025-10-08,pass
protocol101-live-v2-microstructure-masked,359,data/processed/spxw_0dte_neural_protocol101_live_v2_microstructure_masked_15mo/2025-10-09.pkl,b5e7bd846179114732dd36cb783e9e57dd736738ec99c18a273571861be3f521,2025-10-09,pass
protocol101-live-v2-microstructure-masked,359,data/processed/spxw_0dte_neural_protocol101_live_v2_microstructure_masked_15mo/2025-10-10.pkl,07d21e06c5e67bbb9cd4e4a026276559c3d6ca1c354c002d2c8554956c188e3d,2025-10-10,pass
protocol101-live-v2-microstructure-masked,359,data/processed/spxw_0dte_neural_protocol101_live_v2_microstructure_masked_15mo/2025-10-13.pkl,b04567f49ba043ce27f450934282573e3d5241b52690801626494e5a855ce0da,2025-10-13,pass
protocol101-live-v2-microstructure-masked,359,data/processed/spxw_0dte_neural_protocol101_live_v2_microstructure_masked_15mo/2025-10-14.pkl,3db90cc78ff82d6db9fbd07de34d17923e00c66a8963bf6eba538f6deadb70a4,2025-10-14,pass
protocol101-live-v2-microstructure-masked,359,data/processed/spxw_0dte_neural_protocol101_live_v2_microstructure_masked_15mo/2025-10-15.pkl,f5a5c86997069a819926fbc837ca70d08ea3b1586b4330cd3c64cd2a0a5805fc,2025-10-15,pass
protocol101-live-v2-microstructure-masked,359,data/processed/spxw_0dte_neural_protocol101_live_v2_microstructure_masked_15mo/2025-10-16.pkl,16c7e9f0ea088af4d9b3cf21c19945e8cff5cf6d1026c2f85c79c6e4245f9ece,2025-10-16,pass
protocol101-live-v2-microstructure-masked,359,data/processed/spxw_0dte_neural_protocol101_live_v2_microstructure_masked_15mo/2025-10-17.pkl,f2e762e11e877ffb3e25f98b73cbd17efe05e53bc7d9a64d2905569f8c5b9b16,2025-10-17,pass
protocol101-live-v2-microstructure-masked,359,data/processed/spxw_0dte_neural_protocol101_live_v2_microstructure_masked_15mo/2025-10-20.pkl,77339b4ab08596f25a0b1ae551895ab1c9627ba22228df067e29ab1c6afc9c72,2025-10-20,pass
protocol101-live-v2-microstructure-masked,359,data/processed/spxw_0dte_neural_protocol101_live_v2_microstructure_masked_15mo/2025-10-21.pkl,a09f1b81fd99dcb2cdf5ae8ccbe791d956ce53eb4fe93959d0e2ef714f12370a,2025-10-21,pass
protocol101-live-v2-microstructure-masked,359,data/processed/spxw_0dte_neural_protocol101_live_v2_microstructure_masked_15mo/2025-10-23.pkl,ef930f8738a4ae3f1e621ae6c5085aecb75ae24c3c56c064daf28686d2a98510,2025-10-23,pass
protocol101-live-v2-microstructure-masked,359,data/processed/spxw_0dte_neural_protocol101_live_v2_microstructure_masked_15mo/2025-10-24.pkl,bb66f0b0eb54e3372107b5e2ae0a947d60d19a6c86aabdffe53f9d7afa791e00,2025-10-24,pass
protocol101-live-v2-microstructure-masked,359,data/processed/spxw_0dte_neural_protocol101_live_v2_microstructure_masked_15mo/2025-10-27.pkl,6a48ae0561234fc41db0155ecd7089ee9baff70b6c4a59585aea2e673681405f,2025-10-27,pass
protocol101-live-v2-microstructure-masked,359,data/processed/spxw_0dte_neural_protocol101_live_v2_microstructure_masked_15mo/2025-10-28.pkl,270ad3fee474144fedfdb81bd19ba0103adb6d860092f18a83460b8e5f25807f,2025-10-28,pass
protocol101-live-v2-microstructure-masked,359,data/processed/spxw_0dte_neural_protocol101_live_v2_microstructure_masked_15mo/2025-10-29.pkl,80a69708d2f53981a69d81ad4281efe89243dd4bdcee8ad269dc2adfb5c29ca4,2025-10-29,pass
protocol101-live-v2-microstructure-masked,359,data/processed/spxw_0dte_neural_protocol101_live_v2_microstructure_masked_15mo/2025-10-30.pkl,066d9c4342bf29a3757e48501c04ed7984da2ed65faa7c2d3b45e0b107e20d59,2025-10-30,pass
protocol101-live-v2-microstructure-masked,359,data/processed/spxw_0dte_neural_protocol101_live_v2_microstructure_masked_15mo/2025-10-31.pkl,5c2ae94cb4eaed35959413576d79cb86f17c76ead49392e8d3d829f20af688cd,2025-10-31,pass
protocol101-live-v2-microstructure-masked,359,data/processed/spxw_0dte_neural_protocol101_live_v2_microstructure_masked_15mo/2025-11-03.pkl,cd8398c5094448866f8f1ce034f0bcce33e2608aefadbe0d5cb2e742a56c2029,2025-11-03,pass
protocol101-live-v2-microstructure-masked,359,data/processed/spxw_0dte_neural_protocol101_live_v2_microstructure_masked_15mo/2025-11-04.pkl,a550274cf71793a3884726c0152b4f97f5a6a711a0f0a67505374caf81225431,2025-11-04,pass
protocol101-live-v2-microstructure-masked,359,data/processed/spxw_0dte_neural_protocol101_live_v2_microstructure_masked_15mo/2025-11-05.pkl,c94e41c7b0b2b539ea92f75bf97a199a877f36aa90a8fe0b5f3c1a4cc7bb7959,2025-11-05,pass
protocol101-live-v2-microstructure-masked,359,data/processed/spxw_0dte_neural_protocol101_live_v2_microstructure_masked_15mo/2025-11-06.pkl,31772d315cbeee56305e66e114d1cba6e41aa51dfe8cf620cea27369d65b9dcd,2025-11-06,pass
protocol101-live-v2-microstructure-masked,359,data/processed/spxw_0dte_neural_protocol101_live_v2_microstructure_masked_15mo/2025-11-07.pkl,e26806137226c07822d23031870002af8f10b56a2e127f6b82099ff6224f66de,2025-11-07,pass
protocol101-live-v2-microstructure-masked,359,data/processed/spxw_0dte_neural_protocol101_live_v2_microstructure_masked_15mo/2025-11-10.pkl,cfab3d768715bc860d33a36527de6da91e30d07571d6a031091c30458af05ffe,2025-11-10,pass
protocol101-live-v2-microstructure-masked,359,data/processed/spxw_0dte_neural_protocol101_live_v2_microstructure_masked_15mo/2025-11-11.pkl,358ac7f5d8b4ca47787e81b798de0b016b402b7a9d5f4bd13a4a17a35a3fa60c,2025-11-11,pass
protocol101-live-v2-microstructure-masked,359,data/processed/spxw_0dte_neural_protocol101_live_v2_microstructure_masked_15mo/2025-11-12.pkl,68918c6bafdceba2774de50618fbe0fd379b55cecaeff01af081a2a2a0959e4f,2025-11-12,pass
protocol101-live-v2-microstructure-masked,359,data/processed/spxw_0dte_neural_protocol101_live_v2_microstructure_masked_15mo/2025-11-13.pkl,e26e8aa42836b52bd04db38989ce655513eb4b0ea1c85b057c730218e7a79352,2025-11-13,pass
protocol101-live-v2-microstructure-masked,359,data/processed/spxw_0dte_neural_protocol101_live_v2_microstructure_masked_15mo/2025-11-14.pkl,1b93e01f8433de1bc6ef7e1efc979bfd29f30e4713d55f2cb2af41109615ae19,2025-11-14,pass
protocol101-live-v2-microstructure-masked,359,data/processed/spxw_0dte_neural_protocol101_live_v2_microstructure_masked_15mo/2025-11-17.pkl,6ffb7e483590f5a1079ed3570131cfba0bd4e9a3f1874b7b0b1361cb01ac28b5,2025-11-17,pass
protocol101-live-v2-microstructure-masked,359,data/processed/spxw_0dte_neural_protocol101_live_v2_microstructure_masked_15mo/2025-11-18.pkl,f3b94a46311a2fe2dd6ee42f38abdbc71c3d4d2aed95085599b9b672ad000d91,2025-11-18,pass
protocol101-live-v2-microstructure-masked,359,data/processed/spxw_0dte_neural_protocol101_live_v2_microstructure_masked_15mo/2025-11-19.pkl,d9a54ce5b5958a3e3129ea9cf4f0ce8f42ce559050062046031be5e23748496a,2025-11-19,pass
protocol101-live-v2-microstructure-masked,359,data/processed/spxw_0dte_neural_protocol101_live_v2_microstructure_masked_15mo/2025-11-20.pkl,703b6bf53f5ce9cf6f6757c88f154a8a66589a08d9751563c89131aaaeb35223,2025-11-20,pass
protocol101-live-v2-microstructure-masked,359,data/processed/spxw_0dte_neural_protocol101_live_v2_microstructure_masked_15mo/2025-11-21.pkl,23704b8979b378b505b54d8464e48a75cc2868f2fd0e984e268722202d199845,2025-11-21,pass
protocol101-live-v2-microstructure-masked,359,data/processed/spxw_0dte_neural_protocol101_live_v2_microstructure_masked_15mo/2025-11-24.pkl,f7e6da25b736e32074f2ab5abd70ce80cf4f80bc92f2b6aae3c1db52cb3168e3,2025-11-24,pass
protocol101-live-v2-microstructure-masked,359,data/processed/spxw_0dte_neural_protocol101_live_v2_microstructure_masked_15mo/2025-11-25.pkl,5443345a48fd1990a25d4d7c691069d977367cf34ed5ac92a5aeefce8545d60c,2025-11-25,pass
protocol101-live-v2-microstructure-masked,359,data/processed/spxw_0dte_neural_protocol101_live_v2_microstructure_masked_15mo/2025-11-26.pkl,29194b20679d3eb5db0b08080a1bfcd5459447cd4ab94b81c7c904aa90286e86,2025-11-26,pass
protocol101-live-v2-microstructure-masked,359,data/processed/spxw_0dte_neural_protocol101_live_v2_microstructure_masked_15mo/2025-12-01.pkl,4c3310b05414111361857a8a18c38d4f4297601768243d3d4a55b4fa3f6aca09,2025-12-01,pass
protocol101-live-v2-microstructure-masked,359,data/processed/spxw_0dte_neural_protocol101_live_v2_microstructure_masked_15mo/2025-12-02.pkl,7bbeaf17cfe4c258eb176ffa5b2542e22efec68f9a179f8b1fb74f23eca41742,2025-12-02,pass
protocol101-live-v2-microstructure-masked,359,data/processed/spxw_0dte_neural_protocol101_live_v2_microstructure_masked_15mo/2025-12-03.pkl,046dbfaff15258abd610a45e7a1935e6889643ffa9f11bea3f970981c456b4ba,2025-12-03,pass
protocol101-live-v2-microstructure-masked,359,data/processed/spxw_0dte_neural_protocol101_live_v2_microstructure_masked_15mo/2025-12-04.pkl,620107a76395b204c9b8e9a779935a172d3ae0ad24963db5bacb5ada3159ba47,2025-12-04,pass
protocol101-live-v2-microstructure-masked,359,data/processed/spxw_0dte_neural_protocol101_live_v2_microstructure_masked_15mo/2025-12-05.pkl,a658b0b7f6a5d69202d9215ae0963f4aeef641d159ae516c30393857cc8d0fd8,2025-12-05,pass
protocol101-live-v2-microstructure-masked,359,data/processed/spxw_0dte_neural_protocol101_live_v2_microstructure_masked_15mo/2025-12-08.pkl,ed020e51b32490aaa6601a01780f3a1e47bd2877321be6ab77a2ee5f6a58a3f1,2025-12-08,pass
protocol101-live-v2-microstructure-masked,359,data/processed/spxw_0dte_neural_protocol101_live_v2_microstructure_masked_15mo/2025-12-09.pkl,33067023ea2df534b3002b1849052b4b5ea1dd7f5ce764f897cff7c235545839,2025-12-09,pass
protocol101-live-v2-microstructure-masked,359,data/processed/spxw_0dte_neural_protocol101_live_v2_microstructure_masked_15mo/2025-12-10.pkl,55360c698ef5eada3bdd5a925097cab992a87f8de96bff88d9604c4f3a893474,2025-12-10,pass
protocol101-live-v2-microstructure-masked,359,data/processed/spxw_0dte_neural_protocol101_live_v2_microstructure_masked_15mo/2025-12-11.pkl,952bcc4fb286af4546da66b3981428469c90b149b020c963cb7209932bf3bea7,2025-12-11,pass
protocol101-live-v2-microstructure-masked,359,data/processed/spxw_0dte_neural_protocol101_live_v2_microstructure_masked_15mo/2025-12-12.pkl,1e652c5c36a8703b029e26b7d61cb7eb0bd569a11e43faeacd3a0353e359c4f6,2025-12-12,pass
protocol101-live-v2-microstructure-masked,359,data/processed/spxw_0dte_neural_protocol101_live_v2_microstructure_masked_15mo/2025-12-15.pkl,f53c7fe0af073100991d7f6da257f12ca60f96d4d20a4a6bb52fdc63cd9954df,2025-12-15,pass
protocol101-live-v2-microstructure-masked,359,data/processed/spxw_0dte_neural_protocol101_live_v2_microstructure_masked_15mo/2025-12-16.pkl,1f22df3b0aefb215704c291b2296f7ec64df7c3a7f9f629eb2430357fb119209,2025-12-16,pass
protocol101-live-v2-microstructure-masked,359,data/processed/spxw_0dte_neural_protocol101_live_v2_microstructure_masked_15mo/2025-12-17.pkl,61bd0aee5e5a547405db5c2c066c8ee3ce416d2cfae9526126a0d15aed07761b,2025-12-17,pass
protocol101-live-v2-microstructure-masked,359,data/processed/spxw_0dte_neural_protocol101_live_v2_microstructure_masked_15mo/2025-12-18.pkl,9930ee29676eaafcc6dd3a381fe83f4e3fb78f2d6efff997628e476386d7cecc,2025-12-18,pass
protocol101-live-v2-microstructure-masked,359,data/processed/spxw_0dte_neural_protocol101_live_v2_microstructure_masked_15mo/2025-12-19.pkl,44aa58af746015bf7f88ae02c6a4b4c49047abbb5b67393abff2b96c2cc4e6c1,2025-12-19,pass
protocol101-live-v2-microstructure-masked,359,data/processed/spxw_0dte_neural_protocol101_live_v2_microstructure_masked_15mo/2025-12-22.pkl,04be5f406364ecc8f3b7e7703affad7e9ba29aeacbf8282531b77f00c5dd5329,2025-12-22,pass
protocol101-live-v2-microstructure-masked,359,data/processed/spxw_0dte_neural_protocol101_live_v2_microstructure_masked_15mo/2025-12-23.pkl,2612cf62456580ec8d8fa9465950f7667cd4ba5fb9d0f4c67b49bb967cd4c499,2025-12-23,pass
protocol101-live-v2-microstructure-masked,359,data/processed/spxw_0dte_neural_protocol101_live_v2_microstructure_masked_15mo/2025-12-26.pkl,f03a49b7225951104a01c418a39cab4442d9c58b275cda56d4ea83c2ff0cbed7,2025-12-26,pass
protocol101-live-v2-microstructure-masked,359,data/processed/spxw_0dte_neural_protocol101_live_v2_microstructure_masked_15mo/2025-12-29.pkl,ee479fd47182733384ec3172296e0dbe16667e0fe7f293b4189dd45b1a2f85df,2025-12-29,pass
protocol101-live-v2-microstructure-masked,359,data/processed/spxw_0dte_neural_protocol101_live_v2_microstructure_masked_15mo/2025-12-30.pkl,326c5c13a29eca89404255d1c31dff2b36f46d595fd0322e1ea947684b9bd1b2,2025-12-30,pass
protocol101-live-v2-microstructure-masked,359,data/processed/spxw_0dte_neural_protocol101_live_v2_microstructure_masked_15mo/2025-12-31.pkl,67a2b440c9a37f74b2164b4de9a7b429919f70adfaacf9db5cd175b183b67cc8,2025-12-31,pass
protocol101-live-v2-microstructure-masked,359,data/processed/spxw_0dte_neural_protocol101_live_v2_microstructure_masked_15mo/2026-01-02.pkl,b2b020f6104bf13832737245e31c791a8f662e0fb8339df98ad9d101b29d0e85,2026-01-02,pass
protocol101-live-v2-microstructure-masked,359,data/processed/spxw_0dte_neural_protocol101_live_v2_microstructure_masked_15mo/2026-01-05.pkl,d252ffbdd08a7a83ed1c9dd7ae910cb2ee695825907b7f0a30b5965bdd1d82e3,2026-01-05,pass
protocol101-live-v2-microstructure-masked,359,data/processed/spxw_0dte_neural_protocol101_live_v2_microstructure_masked_15mo/2026-01-06.pkl,63a437b332e2af39270d365c3e2d587c5197757bdb6c669d296f15b6e38218c9,2026-01-06,pass
protocol101-live-v2-microstructure-masked,359,data/processed/spxw_0dte_neural_protocol101_live_v2_microstructure_masked_15mo/2026-01-07.pkl,239c4c6b03d450c5dd438d79d96096beb6c3db74b1e76e068f70d88745ad6f12,2026-01-07,pass
protocol101-live-v2-microstructure-masked,359,data/processed/spxw_0dte_neural_protocol101_live_v2_microstructure_masked_15mo/2026-01-08.pkl,df82d99ef5412f5df64f72bab927afd797a04affb94726e44121ba272cf0a001,2026-01-08,pass
protocol101-live-v2-microstructure-masked,359,data/processed/spxw_0dte_neural_protocol101_live_v2_microstructure_masked_15mo/2026-01-09.pkl,1d1b245f5bfe1eb00b713cbe79c569cde458156c65840bf7c98e0e8f1e530f1b,2026-01-09,pass
protocol101-live-v2-microstructure-masked,359,data/processed/spxw_0dte_neural_protocol101_live_v2_microstructure_masked_15mo/2026-01-12.pkl,192898e861b82a7b8897e158acde518fdd3eb90207da9fdcfb8613509b312954,2026-01-12,pass
protocol101-live-v2-microstructure-masked,359,data/processed/spxw_0dte_neural_protocol101_live_v2_microstructure_masked_15mo/2026-01-13.pkl,36951dfc63aa039ac301a8151c5e8e0429fe6d16f7d2de2aea8910806293e81e,2026-01-13,pass
protocol101-live-v2-microstructure-masked,359,data/processed/spxw_0dte_neural_protocol101_live_v2_microstructure_masked_15mo/2026-01-14.pkl,4ae87a9ab83259b2a25a405785f30a0281a6e5424e3cd960a365011e2eead22c,2026-01-14,pass
protocol101-live-v2-microstructure-masked,359,data/processed/spxw_0dte_neural_protocol101_live_v2_microstructure_masked_15mo/2026-01-15.pkl,69773113c6a9bebff596ba39c16a05d18550cd602a884a076471b8db7ecae750,2026-01-15,pass
protocol101-live-v2-microstructure-masked,359,data/processed/spxw_0dte_neural_protocol101_live_v2_microstructure_masked_15mo/2026-01-16.pkl,d7adae8b0c72bb8e2134a655ab1a5afe189bb5ba15426b6f539379fbcef0f177,2026-01-16,pass
protocol101-live-v2-microstructure-masked,359,data/processed/spxw_0dte_neural_protocol101_live_v2_microstructure_masked_15mo/2026-01-20.pkl,c6dcde570d137b7b800bf8e881face8bfe94054dee4e86a19407d463ca79a6ef,2026-01-20,pass
protocol101-live-v2-microstructure-masked,359,data/processed/spxw_0dte_neural_protocol101_live_v2_microstructure_masked_15mo/2026-01-21.pkl,2376476ef27c61ddb6ad62d12a8a6153fc8ce83fc767623212328350277ef39a,2026-01-21,pass
protocol101-live-v2-microstructure-masked,359,data/processed/spxw_0dte_neural_protocol101_live_v2_microstructure_masked_15mo/2026-01-22.pkl,ddfff46a62608dbf4a3fb399844241b24b9451422ef35eacb741b2ff98aa7480,2026-01-22,pass
protocol101-live-v2-microstructure-masked,359,data/processed/spxw_0dte_neural_protocol101_live_v2_microstructure_masked_15mo/2026-01-23.pkl,2564e0a730186058361ed03a3818f7c6fc1da262384589bce7704ca43c31c73f,2026-01-23,pass
protocol101-live-v2-microstructure-masked,359,data/processed/spxw_0dte_neural_protocol101_live_v2_microstructure_masked_15mo/2026-01-26.pkl,d9ecd7b48931c1783491585ac5f189944b38f11cae5bd17a4b80c220579be6ce,2026-01-26,pass
protocol101-live-v2-microstructure-masked,359,data/processed/spxw_0dte_neural_protocol101_live_v2_microstructure_masked_15mo/2026-01-27.pkl,95a6139b48123e8ba822a5fb372e42d4981641bf638d1580f0e47eefb829aed5,2026-01-27,pass
protocol101-live-v2-microstructure-masked,359,data/processed/spxw_0dte_neural_protocol101_live_v2_microstructure_masked_15mo/2026-01-28.pkl,87e88dc42cb8abc893dbf4b4d3c045a39a2516198cea82aa5da719bcdf7a6607,2026-01-28,pass
protocol101-live-v2-microstructure-masked,359,data/processed/spxw_0dte_neural_protocol101_live_v2_microstructure_masked_15mo/2026-01-29.pkl,7dbb540e4e42e343b22c53a0563a452c9c037591bb4e1c514890ac5706e679d0,2026-01-29,pass
protocol101-live-v2-microstructure-masked,359,data/processed/spxw_0dte_neural_protocol101_live_v2_microstructure_masked_15mo/2026-01-30.pkl,d4064510e9f06324733a48ff0753be6a93e7b0c2e6a008731430683f3710f47d,2026-01-30,pass
protocol101-live-v2-microstructure-masked,359,data/processed/spxw_0dte_neural_protocol101_live_v2_microstructure_masked_15mo/2026-02-02.pkl,3d804d7d52409f1ed2475cdafd217cfade561878d35521b581ee6dc8c7bb11fa,2026-02-02,pass
protocol101-live-v2-microstructure-masked,359,data/processed/spxw_0dte_neural_protocol101_live_v2_microstructure_masked_15mo/2026-02-03.pkl,a28c3f215c138eb6642227586ed855eadb3e51cc211ad79a6c3b8747ebb4f0fe,2026-02-03,pass
protocol101-live-v2-microstructure-masked,359,data/processed/spxw_0dte_neural_protocol101_live_v2_microstructure_masked_15mo/2026-02-04.pkl,cadebd99315ae04ed1b2b40812f24507051b42cbef4227b5e2c458cdbd9c8626,2026-02-04,pass
protocol101-live-v2-microstructure-masked,359,data/processed/spxw_0dte_neural_protocol101_live_v2_microstructure_masked_15mo/2026-02-05.pkl,4d26c5d24d42a75fdbabc1f1bc2492488109b22087ff78b558368703b6018ff3,2026-02-05,pass
protocol101-live-v2-microstructure-masked,359,data/processed/spxw_0dte_neural_protocol101_live_v2_microstructure_masked_15mo/2026-02-06.pkl,60e884f5cad34bcc04d254daaa64fa61e710d52196236db2d1fff2ebe7a501f7,2026-02-06,pass
protocol101-live-v2-microstructure-masked,359,data/processed/spxw_0dte_neural_protocol101_live_v2_microstructure_masked_15mo/2026-02-09.pkl,8e7eb1780ffb796122cb01ce65163f3f129cf2664589c676e168711eaf0e31f9,2026-02-09,pass
protocol101-live-v2-microstructure-masked,359,data/processed/spxw_0dte_neural_protocol101_live_v2_microstructure_masked_15mo/2026-02-10.pkl,ba8a0be354f8488943e46fb5434e403c4f7ec0a7d537ebfaeb067756783607f8,2026-02-10,pass
protocol101-live-v2-microstructure-masked,359,data/processed/spxw_0dte_neural_protocol101_live_v2_microstructure_masked_15mo/2026-02-11.pkl,dc7add46dd571521c20f43d740eab05e701bb31c06cf8cbc1e62ea24c98fd2c1,2026-02-11,pass
protocol101-live-v2-microstructure-masked,359,data/processed/spxw_0dte_neural_protocol101_live_v2_microstructure_masked_15mo/2026-02-12.pkl,01d5b682ab49afaf54d6cc55992931853738448ff289170c3e6f6b2faaae2b93,2026-02-12,pass
protocol101-live-v2-microstructure-masked,359,data/processed/spxw_0dte_neural_protocol101_live_v2_microstructure_masked_15mo/2026-02-13.pkl,12e4e755a8e6df9b9506485c854e7785fd31f3a1d4cf357764ca9e655912cd7c,2026-02-13,pass
protocol101-live-v2-microstructure-masked,359,data/processed/spxw_0dte_neural_protocol101_live_v2_microstructure_masked_15mo/2026-02-17.pkl,edfa9d1f57181454b056c8a2fecf914ec5f32390fd2f6574c24bb12cd13092de,2026-02-17,pass
protocol101-live-v2-microstructure-masked,359,data/processed/spxw_0dte_neural_protocol101_live_v2_microstructure_masked_15mo/2026-02-18.pkl,2d8bf3a03e235a59b9272fb31ca6beaaffe19e51a88f2c691e06922a61d989f6,2026-02-18,pass
protocol101-live-v2-microstructure-masked,359,data/processed/spxw_0dte_neural_protocol101_live_v2_microstructure_masked_15mo/2026-02-19.pkl,b1403f239e95d44ed4876176e1d4525020849e96244805ce4c485339c63f5c79,2026-02-19,pass
protocol101-live-v2-microstructure-masked,359,data/processed/spxw_0dte_neural_protocol101_live_v2_microstructure_masked_15mo/2026-02-20.pkl,d2df7a267e3097b0f8cbf40277bff4070d6b60854b9c2f1797962fd01e3d0d35,2026-02-20,pass
protocol101-live-v2-microstructure-masked,359,data/processed/spxw_0dte_neural_protocol101_live_v2_microstructure_masked_15mo/2026-02-23.pkl,1aaf09c3e1023e4b694c0e42efea596e39ff0eadb4d61cf1cdaa1944dd53bc5c,2026-02-23,pass
protocol101-live-v2-microstructure-masked,359,data/processed/spxw_0dte_neural_protocol101_live_v2_microstructure_masked_15mo/2026-02-24.pkl,7e12fe7072b46575832489a1296dc6f208415ae0350c360740d53d14c15d4421,2026-02-24,pass
protocol101-live-v2-microstructure-masked,359,data/processed/spxw_0dte_neural_protocol101_live_v2_microstructure_masked_15mo/2026-02-25.pkl,d454f7171d3cd666e6aaa6ec7110e747b8645ad08f86d4916e0400f6ab4cbe22,2026-02-25,pass
protocol101-live-v2-microstructure-masked,359,data/processed/spxw_0dte_neural_protocol101_live_v2_microstructure_masked_15mo/2026-02-26.pkl,7eb29b85765e0f51f3a8c007eb4d77292ccf4eb0f4eeea2c19253a49963f9af3,2026-02-26,pass
protocol101-live-v2-microstructure-masked,359,data/processed/spxw_0dte_neural_protocol101_live_v2_microstructure_masked_15mo/2026-02-27.pkl,313a638b9272523ef42d7a85eea4bd77f9c1da399a521b68baccb5aa55e19930,2026-02-27,pass
protocol101-live-v2-microstructure-masked,359,data/processed/spxw_0dte_neural_protocol101_live_v2_microstructure_masked_15mo/2026-03-02.pkl,f36b7c349a4f2b96c8b9d4f8cb1c8b482bf8e2db714464578085c230adba3d67,2026-03-02,pass
protocol101-live-v2-microstructure-masked,359,data/processed/spxw_0dte_neural_protocol101_live_v2_microstructure_masked_15mo/2026-03-03.pkl,a60bac552ed8344b110675c35c79f2137a362dc1a62998604078499cd31fdc81,2026-03-03,pass
protocol101-live-v2-microstructure-masked,359,data/processed/spxw_0dte_neural_protocol101_live_v2_microstructure_masked_15mo/2026-03-04.pkl,fd1bf7e9d2c1cc2863c38b923d14ea469a275a151148bfab0cc26383df7cc1a2,2026-03-04,pass
protocol101-live-v2-microstructure-masked,359,data/processed/spxw_0dte_neural_protocol101_live_v2_microstructure_masked_15mo/2026-03-05.pkl,b45646eb0f11328728075be77ed3ae1becee33620784fb1d1f8e9a4ac3dfd798,2026-03-05,pass
protocol101-live-v2-microstructure-masked,359,data/processed/spxw_0dte_neural_protocol101_live_v2_microstructure_masked_15mo/2026-03-06.pkl,86a58bf440e406ee9af8cb053f24b20172b8d974df3a695422c1a12335356eaf,2026-03-06,pass
protocol101-live-v2-microstructure-masked,359,data/processed/spxw_0dte_neural_protocol101_live_v2_microstructure_masked_15mo/2026-03-09.pkl,abe0a96988336dc6b36bfccbc67db4d0eb2c0141f59ced4aa65a85ebef637008,2026-03-09,pass
protocol101-live-v2-microstructure-masked,359,data/processed/spxw_0dte_neural_protocol101_live_v2_microstructure_masked_15mo/2026-03-10.pkl,95a166dec91b8ad00150d3ba270a31f255f90ae1995962c7835beaeb016ee861,2026-03-10,pass
protocol101-live-v2-microstructure-masked,359,data/processed/spxw_0dte_neural_protocol101_live_v2_microstructure_masked_15mo/2026-03-11.pkl,5c5552a4dab24e554e22af207257cd748fda00fedab441907baee276c6a44e9b,2026-03-11,pass
protocol101-live-v2-microstructure-masked,359,data/processed/spxw_0dte_neural_protocol101_live_v2_microstructure_masked_15mo/2026-03-12.pkl,f9e4f455986b285d81b2e8f6449c14d1e7321946ade636ac7370f63b28516b65,2026-03-12,pass
protocol101-live-v2-microstructure-masked,359,data/processed/spxw_0dte_neural_protocol101_live_v2_microstructure_masked_15mo/2026-03-13.pkl,85f285b3a98cfb8f5a9821100b8400abec0fdf1e5e0a6b1b4da36a11ff519ec8,2026-03-13,pass
protocol101-live-v2-microstructure-masked,359,data/processed/spxw_0dte_neural_protocol101_live_v2_microstructure_masked_15mo/2026-03-16.pkl,7291c81e50c97a378725c38998d7dd4e2f0449c99367f2d580dd7af50fcc1a83,2026-03-16,pass
protocol101-live-v2-microstructure-masked,359,data/processed/spxw_0dte_neural_protocol101_live_v2_microstructure_masked_15mo/2026-03-17.pkl,130d8b9b13b5361cb38d2331c02953dd25dd2485a0c7b6dacd3e423ad842b910,2026-03-17,pass
protocol101-live-v2-microstructure-masked,359,data/processed/spxw_0dte_neural_protocol101_live_v2_microstructure_masked_15mo/2026-03-18.pkl,64573e20b6b4882c69e14cbd598afea9b8fbb22c73a3bf2d0d6a60c77dc8407e,2026-03-18,pass
protocol101-live-v2-microstructure-masked,359,data/processed/spxw_0dte_neural_protocol101_live_v2_microstructure_masked_15mo/2026-03-19.pkl,07f593e2f55624fe8bd30c5632de637b61d5c29403814deff8aa5db11b26c43e,2026-03-19,pass
protocol101-live-v2-microstructure-masked,359,data/processed/spxw_0dte_neural_protocol101_live_v2_microstructure_masked_15mo/2026-03-20.pkl,c4fe47d8d5b87666808a7cae421ab50acd4e0d4845316cb0dcbb6e1ccbcdf891,2026-03-20,pass
protocol101-live-v2-microstructure-masked,359,data/processed/spxw_0dte_neural_protocol101_live_v2_microstructure_masked_15mo/2026-03-23.pkl,0c4acbe96769b5c47ec5f8cd9a6f371d5d9b6cf103a87393d90f6f8722b60126,2026-03-23,pass
protocol101-live-v2-microstructure-masked,359,data/processed/spxw_0dte_neural_protocol101_live_v2_microstructure_masked_15mo/2026-03-24.pkl,b9bd8e117a97c7eac9922becdd49557a75584466c3576729a3df006e9c539631,2026-03-24,pass
protocol101-live-v2-microstructure-masked,359,data/processed/spxw_0dte_neural_protocol101_live_v2_microstructure_masked_15mo/2026-03-25.pkl,bb98edac6f92580e792e0829d7640b0561c346680df64085a3c0cc7e57d3eeda,2026-03-25,pass
protocol101-live-v2-microstructure-masked,359,data/processed/spxw_0dte_neural_protocol101_live_v2_microstructure_masked_15mo/2026-03-26.pkl,8dca20d9404e090c5d0438270668e04b5dd1c36ae7270a75fcd4d7cb9f811b19,2026-03-26,pass
protocol101-live-v2-microstructure-masked,359,data/processed/spxw_0dte_neural_protocol101_live_v2_microstructure_masked_15mo/2026-03-27.pkl,a4006fa6ab9f96fd744bb82a5dd882a5e0d515af2755cc5b5a4fded7a93edbef,2026-03-27,pass
protocol101-live-v2-microstructure-masked,359,data/processed/spxw_0dte_neural_protocol101_live_v2_microstructure_masked_15mo/2026-03-30.pkl,644e78d420ad2adaf07ab86fa398319aa7f99999d9fd1852b7c33425f266477c,2026-03-30,pass
protocol101-live-v2-microstructure-masked,359,data/processed/spxw_0dte_neural_protocol101_live_v2_microstructure_masked_15mo/2026-03-31.pkl,b999e9487f6bc3b08a16159ea90c8eeb47657a280347899e4831e6fd36c6da02,2026-03-31,pass
