contract_id,decision_time,decision_top_label,decision_top_label_contract_id,decision_top_label_score,decision_top_score,decision_top_score_label,entry_ask,entry_bid,entry_mid,feature_contract_version,feature_hash,label_net_pnl,label_rank,model_feature_hash,momentum15_side,offset,offset_bucket,omar_side,premium_bucket,quote_age_ms,range_bucket,right,right_idx,score,score_rank,selected_by_policy,session,source_context_time,source_quote_time,split,spread,strike_idx,time_bucket,tradable,vwap_side
SPXW-20260303-06760.000-P,2026-03-03T14:40:00+00:00,2220.0,SPXW-20260303-06785.000-P,0.8137347102165222,0.8137347102165222,830.0,22.2,22.0,22.1,protocol101-live-v1,1388e65f7ba906d0da042b94c4d64091176a5dc345c6eabe913fe30bd63b4b61,1360.0,6,1388e65f7ba906d0da042b94c4d64091176a5dc345c6eabe913fe30bd63b4b61,mom15_flat,-20.0,near_10_20,omar_pos,gte_15,0.0,range_20_45,P,1,0.8137347102165222,7,True,2026-03-03,2026-03-03T14:39:00+00:00,2026-03-03T14:40:00+00:00,validation,0.1999999999999993,6,open_0931_0959,True,above_vwap
SPXW-20260304-06805.000-P,2026-03-04T14:54:00+00:00,180.0,SPXW-20260304-06850.000-P,0.7802805304527283,0.7802805304527283,10.0,13.2,12.9,13.05,protocol101-live-v1,4adb00cd5a51f47adeb0fd985e573217f4f1febd88acf6c839d22cc4ad64c821,50.0,10,4adb00cd5a51f47adeb0fd985e573217f4f1febd88acf6c839d22cc4ad64c821,mom15_neg,-20.0,near_10_20,omar_neg,7_5_to_15,0.0,range_20_45,P,1,0.7802805304527283,7,True,2026-03-04,2026-03-04T14:53:00+00:00,2026-03-04T14:54:00+00:00,validation,0.29999999999999893,6,open_0931_0959,True,above_vwap
SPXW-20260304-06815.000-P,2026-03-04T15:04:00+00:00,1790.0,SPXW-20260304-06805.000-C,0.706672191619873,0.706672191619873,-370.0,17.4,17.2,17.299999999999997,protocol101-live-v1,1f2e77fb9c9a24afbc1addb5af169fe2dddb40d9b27d1caefcefc4f6987f2916,-620.0,24,1f2e77fb9c9a24afbc1addb5af169fe2dddb40d9b27d1caefcefc4f6987f2916,mom15_pos,-20.0,near_10_20,omar_neg,gte_15,0.0,range_20_45,P,1,0.706672191619873,9,True,2026-03-04,2026-03-04T15:03:00+00:00,2026-03-04T15:04:00+00:00,validation,0.1999999999999993,6,morning_1000_1129,True,above_vwap
SPXW-20260305-06835.000-P,2026-03-05T14:40:00+00:00,480.0,SPXW-20260305-06875.000-P,0.7256830930709839,0.7256830930709839,80.0,15.6,15.4,15.5,protocol101-live-v1,762a50317d1b2c19643a8080e0e7e2426aa533b16e1c58a2acac8db956cdd866,210.0,9,762a50317d1b2c19643a8080e0e7e2426aa533b16e1c58a2acac8db956cdd866,mom15_flat,-20.0,near_10_20,omar_pos,gte_15,0.0,range_lt_20,P,1,0.7256830930709839,9,True,2026-03-05,2026-03-05T14:39:00+00:00,2026-03-05T14:40:00+00:00,validation,0.1999999999999993,6,open_0931_0959,True,above_vwap
SPXW-20260305-06830.000-P,2026-03-05T14:50:00+00:00,1530.0,SPXW-20260305-06820.000-C,0.7040992975234985,0.7040992975234985,-350.0,16.0,15.7,15.85,protocol101-live-v1,8e9758a6ce05951c4570c7de868964a010067686f203f52c31bc2a62463502d2,-720.0,24,8e9758a6ce05951c4570c7de868964a010067686f203f52c31bc2a62463502d2,mom15_neg,-20.0,near_10_20,omar_pos,gte_15,0.0,range_lt_20,P,1,0.7040992975234985,10,True,2026-03-05,2026-03-05T14:49:00+00:00,2026-03-05T14:50:00+00:00,validation,0.3000000000000007,6,open_0931_0959,True,above_vwap
SPXW-20260306-06715.000-P,2026-03-06T15:09:00+00:00,780.0,SPXW-20260306-06720.000-C,0.7279422879219055,0.7279422879219055,-360.0,20.3,20.0,20.15,protocol101-live-v1,34224885a11e88f0c13cce3b93d8cbb03aa3499384f6b79251f93c0977c000be,-620.0,21,34224885a11e88f0c13cce3b93d8cbb03aa3499384f6b79251f93c0977c000be,mom15_pos,-20.0,near_10_20,omar_neg,gte_15,0.0,range_20_45,P,1,0.7279422879219055,7,True,2026-03-06,2026-03-06T15:08:00+00:00,2026-03-06T15:09:00+00:00,validation,0.3000000000000007,6,morning_1000_1129,True,above_vwap
SPXW-20260309-06635.000-P,2026-03-09T14:20:00+00:00,20.0,SPXW-20260309-06635.000-C,0.7645972967147827,0.7789149284362793,-90.0,17.8,17.6,17.700000000000003,protocol101-live-v1,129a56f3d950303f60601b57a72f6632472eb1b322f70ac97b0d0c303db55d56,-130.0,19,129a56f3d950303f60601b57a72f6632472eb1b322f70ac97b0d0c303db55d56,mom15_neg,-20.0,near_10_20,omar_neg,gte_15,0.0,range_45_80,P,1,0.7789149284362793,7,True,2026-03-09,2026-03-09T14:19:00+00:00,2026-03-09T14:20:00+00:00,validation,0.1999999999999993,6,morning_1000_1129,True,below_vwap
SPXW-20260310-06765.000-P,2026-03-10T13:42:00+00:00,-30.0,SPXW-20260310-06800.000-C,0.7755593061447144,0.7755593061447144,-50.0,16.1,15.9,16.0,protocol101-live-v1,fcdd61e95d9749e1fc588a66bddf790648e0f23172eda9f7da185571c66b70ff,-60.0,19,fcdd61e95d9749e1fc588a66bddf790648e0f23172eda9f7da185571c66b70ff,mom15_flat,-20.0,near_10_20,omar_neg,gte_15,0.0,range_lt_20,P,1,0.7755593061447144,8,True,2026-03-10,2026-03-10T13:41:00+00:00,2026-03-10T13:42:00+00:00,validation,0.20000000000000107,6,open_0931_0959,True,below_vwap
SPXW-20260310-06765.000-P,2026-03-10T13:55:00+00:00,60.0,SPXW-20260310-06775.000-P,0.7295293807983398,0.7648963928222656,10.0,18.2,18.0,18.1,protocol101-live-v1,4548ec4eb1f34a90d81b6d609922b7e35b62277a6480f3e2de7722d289a315d8,40.0,6,4548ec4eb1f34a90d81b6d609922b7e35b62277a6480f3e2de7722d289a315d8,mom15_neg,-20.0,near_10_20,omar_neg,gte_15,0.0,range_20_45,P,1,0.7295293807983398,10,True,2026-03-10,2026-03-10T13:54:00+00:00,2026-03-10T13:55:00+00:00,validation,0.1999999999999993,6,open_0931_0959,True,below_vwap
SPXW-20260310-06760.000-P,2026-03-10T14:07:00+00:00,580.0,SPXW-20260310-06795.000-P,0.7225674986839294,0.7225674986839294,170.0,16.0,15.8,15.9,protocol101-live-v1,bb7fedd3b1d4e556ded0a0f2e21e168f6ac460059e129c395bb7e392e59023af,340.0,8,bb7fedd3b1d4e556ded0a0f2e21e168f6ac460059e129c395bb7e392e59023af,mom15_neg,-20.0,near_10_20,omar_neg,gte_15,0.0,range_20_45,P,1,0.7225674986839294,9,True,2026-03-10,2026-03-10T14:06:00+00:00,2026-03-10T14:07:00+00:00,validation,0.1999999999999993,6,morning_1000_1129,True,above_vwap
SPXW-20260311-06775.000-P,2026-03-11T13:41:00+00:00,1450.0,SPXW-20260311-06815.000-P,0.7073082327842712,0.7073082327842712,470.0,14.2,14.0,14.1,protocol101-live-v1,979d0646806996b45cba87269cafbbc3137ade909044d73d5a13e887864933ae,890.0,9,979d0646806996b45cba87269cafbbc3137ade909044d73d5a13e887864933ae,mom15_flat,-20.0,near_10_20,omar_pos,7_5_to_15,0.0,range_lt_20,P,1,0.7073082327842712,8,True,2026-03-11,2026-03-11T13:40:00+00:00,2026-03-11T13:41:00+00:00,validation,0.1999999999999993,6,open_0931_0959,True,above_vwap
SPXW-20260311-06770.000-P,2026-03-11T14:00:00+00:00,770.0,SPXW-20260311-06810.000-C,0.7134987711906433,0.7134987711906433,-270.0,13.8,13.6,13.7,protocol101-live-v1,39c04d7598cb1c68b28656f6b7f4bb17446e9dbc0a54bc4cab20a791fd20dd1c,-510.0,24,39c04d7598cb1c68b28656f6b7f4bb17446e9dbc0a54bc4cab20a791fd20dd1c,mom15_pos,-20.0,near_10_20,omar_neg,7_5_to_15,0.0,range_20_45,P,1,0.7134987711906433,8,True,2026-03-11,2026-03-11T13:59:00+00:00,2026-03-11T14:00:00+00:00,validation,0.20000000000000107,6,morning_1000_1129,True,above_vwap
SPXW-20260311-06770.000-P,2026-03-11T14:16:00+00:00,1140.0,SPXW-20260311-06810.000-P,0.7110350131988525,0.7110350131988525,400.0,13.9,13.8,13.850000000000001,protocol101-live-v1,c1bba1d69235b0153d8f65eae53f7ef6a4abac7d075c8fa3ed635d7a67d72288,700.0,9,c1bba1d69235b0153d8f65eae53f7ef6a4abac7d075c8fa3ed635d7a67d72288,mom15_pos,-20.0,near_10_20,omar_neg,7_5_to_15,0.0,range_20_45,P,1,0.7110350131988525,9,True,2026-03-11,2026-03-11T14:15:00+00:00,2026-03-11T14:16:00+00:00,validation,0.09999999999999964,6,morning_1000_1129,True,above_vwap
SPXW-20260312-06705.000-P,2026-03-12T13:41:00+00:00,1280.0,SPXW-20260312-06720.000-P,0.728226363658905,0.728226363658905,570.0,15.5,15.3,15.4,protocol101-live-v1,14c3b2aa2e0e601d2ff1988c13dcf73486d12803c782ef28225360e1a6ed4059,940.0,4,14c3b2aa2e0e601d2ff1988c13dcf73486d12803c782ef28225360e1a6ed4059,mom15_flat,-20.0,near_10_20,omar_pos,gte_15,0.0,range_lt_20,P,1,0.728226363658905,8,True,2026-03-12,2026-03-12T13:40:00+00:00,2026-03-12T13:41:00+00:00,validation,0.1999999999999993,6,open_0931_0959,True,above_vwap
SPXW-20260312-06690.000-P,2026-03-12T14:02:00+00:00,150.0,SPXW-20260312-06695.000-C,0.7105960845947266,0.7353917360305786,-70.0,13.4,13.2,13.3,protocol101-live-v1,60b6d0604ffd6f92418e24cc2e2ef11beb950c63efdda7b21f6d0e9d32e8bb53,-130.0,21,60b6d0604ffd6f92418e24cc2e2ef11beb950c63efdda7b21f6d0e9d32e8bb53,mom15_pos,-20.0,near_10_20,omar_neg,7_5_to_15,0.0,range_20_45,P,1,0.7353917360305786,7,True,2026-03-12,2026-03-12T14:01:00+00:00,2026-03-12T14:02:00+00:00,validation,0.20000000000000107,6,morning_1000_1129,True,below_vwap
SPXW-20260312-06695.000-P,2026-03-12T14:13:00+00:00,1170.0,SPXW-20260312-06740.000-P,0.7193968296051025,0.7193968296051025,350.0,12.0,11.9,11.95,protocol101-live-v1,b96f5d14ffa388b55dd0ed5943e8871b2dfdd360f9c70f9815b4eb1bdee42a98,590.0,11,b96f5d14ffa388b55dd0ed5943e8871b2dfdd360f9c70f9815b4eb1bdee42a98,mom15_pos,-20.0,near_10_20,omar_neg,7_5_to_15,0.0,range_20_45,P,1,0.7193968296051025,7,True,2026-03-12,2026-03-12T14:12:00+00:00,2026-03-12T14:13:00+00:00,validation,0.09999999999999964,6,morning_1000_1129,True,above_vwap
SPXW-20260313-06695.000-P,2026-03-13T13:42:00+00:00,-60.0,SPXW-20260313-06755.000-C,0.7825309634208679,0.7825309634208679,-270.0,14.3,14.1,14.2,protocol101-live-v1,187e9f95c8840b3bc78b280bc4f0cbc317719834c4a0dc2a1be06b9d801b92fe,-110.0,15,187e9f95c8840b3bc78b280bc4f0cbc317719834c4a0dc2a1be06b9d801b92fe,mom15_flat,-20.0,near_10_20,omar_pos,7_5_to_15,0.0,range_lt_20,P,1,0.7825309634208679,7,True,2026-03-13,2026-03-13T13:41:00+00:00,2026-03-13T13:42:00+00:00,validation,0.20000000000000107,6,open_0931_0959,True,above_vwap
SPXW-20260313-06695.000-P,2026-03-13T13:52:00+00:00,120.0,SPXW-20260313-06700.000-C,0.7438737750053406,0.7438737750053406,-10.0,13.4,13.2,13.3,protocol101-live-v1,770b3e883980e1c3ad9d34740d78a9a19158b23d6f4af63f559d977cc0937fea,-60.0,21,770b3e883980e1c3ad9d34740d78a9a19158b23d6f4af63f559d977cc0937fea,mom15_pos,-20.0,near_10_20,omar_pos,7_5_to_15,0.0,range_20_45,P,1,0.7438737750053406,7,True,2026-03-13,2026-03-13T13:51:00+00:00,2026-03-13T13:52:00+00:00,validation,0.20000000000000107,6,open_0931_0959,True,below_vwap
SPXW-20260313-06690.000-P,2026-03-13T14:33:00+00:00,1980.0,SPXW-20260313-06735.000-P,0.8078630566596985,0.8078630566596985,380.0,11.0,10.8,10.9,protocol101-live-v1,6edae065106b5dd3ccc12ed559dbced9bba078fad4243bda415341f46fb98d98,700.0,10,6edae065106b5dd3ccc12ed559dbced9bba078fad4243bda415341f46fb98d98,mom15_pos,-20.0,near_10_20,omar_pos,7_5_to_15,0.0,range_20_45,P,1,0.8078630566596985,8,True,2026-03-13,2026-03-13T14:32:00+00:00,2026-03-13T14:33:00+00:00,validation,0.1999999999999993,6,morning_1000_1129,True,above_vwap
SPXW-20260316-06675.000-P,2026-03-16T13:40:00+00:00,560.0,SPXW-20260316-06680.000-C,0.7385544180870056,0.7385544180870056,-220.0,11.7,11.6,11.649999999999999,protocol101-live-v1,8bb298f1f2dc9597bce6bd0a025c79bb284d45ca08021d11454142a2dc55c154,-430.0,21,8bb298f1f2dc9597bce6bd0a025c79bb284d45ca08021d11454142a2dc55c154,mom15_flat,-20.0,near_10_20,omar_pos,7_5_to_15,0.0,range_lt_20,P,1,0.7385544180870056,7,True,2026-03-16,2026-03-16T13:39:00+00:00,2026-03-16T13:40:00+00:00,validation,0.09999999999999964,6,open_0931_0959,True,below_vwap
SPXW-20260316-06695.000-P,2026-03-16T14:16:00+00:00,60.0,SPXW-20260316-06690.000-C,0.725113570690155,0.725113570690155,0.0,9.7,9.5,9.6,protocol101-live-v1,779cdb6ffc7945168952bf47c207d95e48dbe29ac1e6e42fc6d85493a066a36a,-40.0,19,779cdb6ffc7945168952bf47c207d95e48dbe29ac1e6e42fc6d85493a066a36a,mom15_neg,-20.0,near_10_20,omar_pos,7_5_to_15,0.0,range_20_45,P,1,0.725113570690155,9,True,2026-03-16,2026-03-16T14:15:00+00:00,2026-03-16T14:16:00+00:00,validation,0.1999999999999993,6,morning_1000_1129,True,above_vwap
SPXW-20260316-06695.000-P,2026-03-16T14:29:00+00:00,1950.0,SPXW-20260316-06745.000-P,0.7440239191055298,0.7440239191055298,430.0,9.7,9.5,9.6,protocol101-live-v1,57e86c2e783e814eb6fb8d094f9cc3821bfaa7adcb2c6b62312181bb7e689fa7,590.0,12,57e86c2e783e814eb6fb8d094f9cc3821bfaa7adcb2c6b62312181bb7e689fa7,mom15_pos,-20.0,near_10_20,omar_pos,7_5_to_15,0.0,range_20_45,P,1,0.7440239191055298,9,True,2026-03-16,2026-03-16T14:28:00+00:00,2026-03-16T14:29:00+00:00,validation,0.1999999999999993,6,morning_1000_1129,True,above_vwap
SPXW-20260318-06680.000-P,2026-03-18T13:40:00+00:00,-70.0,SPXW-20260318-06750.000-C,0.8023752570152283,0.8023752570152283,-110.0,15.7,15.5,15.6,protocol101-live-v1,a479234286366adc5e8e13fb2d48d6b7b3a08cc764c6a711f294712f9d4a1667,-140.0,21,a479234286366adc5e8e13fb2d48d6b7b3a08cc764c6a711f294712f9d4a1667,mom15_flat,-20.0,near_10_20,omar_pos,gte_15,0.0,range_lt_20,P,1,0.8023752570152283,7,True,2026-03-18,2026-03-18T13:39:00+00:00,2026-03-18T13:40:00+00:00,diagnostic_test,0.1999999999999993,6,open_0931_0959,True,above_vwap
SPXW-20260318-06670.000-P,2026-03-18T15:09:00+00:00,570.0,SPXW-20260318-06710.000-P,0.7076051235198975,0.7076051235198975,170.0,12.9,12.8,12.850000000000001,protocol101-live-v1,060c6e571322f88fc545703664124c33b49daa1ecb92b8398db70469ded4dc78,330.0,9,060c6e571322f88fc545703664124c33b49daa1ecb92b8398db70469ded4dc78,mom15_pos,-20.0,near_10_20,omar_neg,7_5_to_15,0.0,range_20_45,P,1,0.7076051235198975,9,True,2026-03-18,2026-03-18T15:08:00+00:00,2026-03-18T15:09:00+00:00,diagnostic_test,0.09999999999999964,6,morning_1000_1129,True,above_vwap
SPXW-20260319-06555.000-P,2026-03-19T13:40:00+00:00,710.0,SPXW-20260319-06560.000-C,0.7830379009246826,0.8015723824501038,-370.0,19.9,19.8,19.85,protocol101-live-v1,d73d33b258faec4367103ce297e3e14ef51af29098fdbcd65e9cdda7af54c2c0,-900.0,21,d73d33b258faec4367103ce297e3e14ef51af29098fdbcd65e9cdda7af54c2c0,mom15_flat,-20.0,near_10_20,omar_pos,gte_15,0.0,range_lt_20,P,1,0.8015723824501038,7,True,2026-03-19,2026-03-19T13:39:00+00:00,2026-03-19T13:40:00+00:00,diagnostic_test,0.09999999999999787,6,open_0931_0959,True,above_vwap
SPXW-20260320-06570.000-P,2026-03-20T13:46:00+00:00,1700.0,SPXW-20260320-06615.000-P,0.7264583706855774,0.7264583706855774,490.0,12.5,12.3,12.4,protocol101-live-v1,22ecbc3d42bd8522c3691e5028be2e8f8dcc3eba042c8558f958dd42f71bc964,920.0,10,22ecbc3d42bd8522c3691e5028be2e8f8dcc3eba042c8558f958dd42f71bc964,mom15_flat,-20.0,near_10_20,omar_pos,7_5_to_15,0.0,range_lt_20,P,1,0.7264583706855774,8,True,2026-03-20,2026-03-20T13:45:00+00:00,2026-03-20T13:46:00+00:00,diagnostic_test,0.1999999999999993,6,open_0931_0959,True,above_vwap
SPXW-20260320-06545.000-P,2026-03-20T15:25:00+00:00,-40.0,SPXW-20260320-06610.000-C,0.6985475420951843,0.746707022190094,-180.0,15.4,15.2,15.3,protocol101-live-v1,0380c78b033306a13083b9415cebc6740a78075e6710e7a3ce43f64f36e76113,-230.0,23,0380c78b033306a13083b9415cebc6740a78075e6710e7a3ce43f64f36e76113,mom15_pos,-20.0,near_10_20,omar_neg,gte_15,0.0,range_45_80,P,1,0.746707022190094,5,True,2026-03-20,2026-03-20T15:24:00+00:00,2026-03-20T15:25:00+00:00,diagnostic_test,0.20000000000000107,6,morning_1000_1129,True,above_vwap
SPXW-20260320-06545.000-P,2026-03-20T16:25:00+00:00,800.0,SPXW-20260320-06560.000-P,0.7496041655540466,0.7496041655540466,165.0,7.5,7.3,7.4,protocol101-live-v1,6f7637b0af1f723df076a71009f85dad9287d7959d5913b728fb9240a94ec748,520.0,10,6f7637b0af1f723df076a71009f85dad9287d7959d5913b728fb9240a94ec748,mom15_pos,-20.0,near_10_20,omar_neg,7_5_to_15,0.0,range_45_80,P,1,0.7496041655540466,9,True,2026-03-20,2026-03-20T16:24:00+00:00,2026-03-20T16:25:00+00:00,diagnostic_test,0.20000000000000018,6,midday_1130_1329,True,above_vwap
SPXW-20260323-06585.000-P,2026-03-23T13:40:00+00:00,330.0,SPXW-20260323-06595.000-C,0.6983110308647156,0.7059230208396912,-270.0,17.5,17.2,17.35,protocol101-live-v1,b5233a77dcf3a2cbfbe167da336a5abb308d3664b501974b14d6bed3dbf20fb0,-290.0,20,b5233a77dcf3a2cbfbe167da336a5abb308d3664b501974b14d6bed3dbf20fb0,mom15_flat,-20.0,near_10_20,omar_pos,gte_15,0.0,range_lt_20,P,1,0.7059230208396912,2,True,2026-03-23,2026-03-23T13:39:00+00:00,2026-03-23T13:40:00+00:00,diagnostic_test,0.3000000000000007,6,open_0931_0959,True,above_vwap
SPXW-20260323-06605.000-P,2026-03-23T14:13:00+00:00,1290.0,SPXW-20260323-06605.000-C,0.7382999658584595,0.7382999658584595,-300.0,14.1,14.0,14.05,protocol101-live-v1,c9db4fb029dbd5b8b1c4041e19f2eab32b8d31a4bd8716f253bbc836450d0b8a,-550.0,22,c9db4fb029dbd5b8b1c4041e19f2eab32b8d31a4bd8716f253bbc836450d0b8a,mom15_pos,-20.0,near_10_20,omar_pos,7_5_to_15,0.0,range_20_45,P,1,0.7382999658584595,8,True,2026-03-23,2026-03-23T14:12:00+00:00,2026-03-23T14:13:00+00:00,diagnostic_test,0.09999999999999964,6,morning_1000_1129,True,above_vwap
SPXW-20260324-06525.000-P,2026-03-24T13:40:00+00:00,600.0,SPXW-20260324-06555.000-P,0.7434257864952087,0.7434257864952087,230.0,17.7,17.5,17.6,protocol101-live-v1,90a47ca38130c9c9f59bcdc5cc94b47121024086c0588ffa4d1e99082e4b51f3,390.0,7,90a47ca38130c9c9f59bcdc5cc94b47121024086c0588ffa4d1e99082e4b51f3,mom15_flat,-20.0,near_10_20,omar_pos,gte_15,0.0,range_lt_20,P,1,0.7434257864952087,7,True,2026-03-24,2026-03-24T13:39:00+00:00,2026-03-24T13:40:00+00:00,diagnostic_test,0.1999999999999993,6,open_0931_0959,True,below_vwap
SPXW-20260324-06520.000-P,2026-03-24T13:59:00+00:00,1230.0,SPXW-20260324-06520.000-C,0.7323900461196899,0.7323900461196899,-280.0,13.5,13.3,13.4,protocol101-live-v1,40cfce8d9c30e0a76c8a008a267b1337ffeee3076fe91ba094eb889720e89570,-570.0,22,40cfce8d9c30e0a76c8a008a267b1337ffeee3076fe91ba094eb889720e89570,mom15_pos,-20.0,near_10_20,omar_neg,7_5_to_15,0.0,range_20_45,P,1,0.7323900461196899,8,True,2026-03-24,2026-03-24T13:58:00+00:00,2026-03-24T13:59:00+00:00,diagnostic_test,0.1999999999999993,6,open_0931_0959,True,above_vwap
SPXW-20260324-06530.000-P,2026-03-24T14:17:00+00:00,450.0,SPXW-20260324-06520.000-C,0.7084811329841614,0.7084811329841614,-160.0,15.1,14.9,15.0,protocol101-live-v1,3a3eb626f2515d14adc6910bc444d7e7e31552a09f120d8e72bcf1a7718a8deb,-310.0,24,3a3eb626f2515d14adc6910bc444d7e7e31552a09f120d8e72bcf1a7718a8deb,mom15_pos,-20.0,near_10_20,omar_pos,gte_15,0.0,range_20_45,P,1,0.7084811329841614,10,True,2026-03-24,2026-03-24T14:16:00+00:00,2026-03-24T14:17:00+00:00,diagnostic_test,0.1999999999999993,6,morning_1000_1129,True,above_vwap
SPXW-20260325-06610.000-P,2026-03-25T13:40:00+00:00,1640.0,SPXW-20260325-06650.000-P,0.768257200717926,0.768257200717926,570.0,15.1,15.0,15.05,protocol101-live-v1,806018071979459672a66e38560c7cc9a73a95ca42d462818812b61bbb53e83d,1020.0,9,806018071979459672a66e38560c7cc9a73a95ca42d462818812b61bbb53e83d,mom15_flat,-20.0,near_10_20,omar_pos,gte_15,0.0,range_lt_20,P,1,0.768257200717926,9,True,2026-03-25,2026-03-25T13:39:00+00:00,2026-03-25T13:40:00+00:00,diagnostic_test,0.09999999999999964,6,open_0931_0959,True,above_vwap
SPXW-20260325-06585.000-P,2026-03-25T14:16:00+00:00,70.0,SPXW-20260325-06585.000-C,0.7502371072769165,0.7502371072769165,-100.0,12.1,11.9,12.0,protocol101-live-v1,cbb109fa8ad496b2ce276b980343892e86f76bf79b5c27cdbd029507e344d322,-140.0,20,cbb109fa8ad496b2ce276b980343892e86f76bf79b5c27cdbd029507e344d322,mom15_pos,-20.0,near_10_20,omar_neg,7_5_to_15,0.0,range_45_80,P,1,0.7502371072769165,8,True,2026-03-25,2026-03-25T14:15:00+00:00,2026-03-25T14:16:00+00:00,diagnostic_test,0.1999999999999993,6,morning_1000_1129,True,below_vwap
SPXW-20260325-06585.000-P,2026-03-25T14:31:00+00:00,-35.0,SPXW-20260325-06655.000-C,0.7239196300506592,0.7239196300506592,-50.0,10.6,10.5,10.55,protocol101-live-v1,f0230e0e4ece0dc66b8ab18e9cbedda62ffa617155f59adf43fedc4f80c0f754,-60.0,21,f0230e0e4ece0dc66b8ab18e9cbedda62ffa617155f59adf43fedc4f80c0f754,mom15_pos,-20.0,near_10_20,omar_neg,7_5_to_15,0.0,range_45_80,P,1,0.7239196300506592,8,True,2026-03-25,2026-03-25T14:30:00+00:00,2026-03-25T14:31:00+00:00,diagnostic_test,0.09999999999999964,6,morning_1000_1129,True,above_vwap
SPXW-20260326-06545.000-P,2026-03-26T14:28:00+00:00,140.0,SPXW-20260326-06590.000-P,0.7042993307113647,0.7042993307113647,-20.0,10.8,10.7,10.75,protocol101-live-v1,5b95fcf27de1e7f81e767f6ae6960ca22df9851cec2779b7b5201be42b750ece,30.0,10,5b95fcf27de1e7f81e767f6ae6960ca22df9851cec2779b7b5201be42b750ece,mom15_pos,-20.0,near_10_20,omar_pos,7_5_to_15,0.0,range_20_45,P,1,0.7042993307113647,8,True,2026-03-26,2026-03-26T14:27:00+00:00,2026-03-26T14:28:00+00:00,diagnostic_test,0.10000000000000142,6,morning_1000_1129,True,above_vwap
SPXW-20260326-06545.000-P,2026-03-26T14:38:00+00:00,730.0,SPXW-20260326-06585.000-P,0.7235916256904602,0.7235916256904602,110.0,11.2,11.1,11.149999999999999,protocol101-live-v1,779df5de9ef1e7342e0a5d44bb186720aa127a2e5430b3641583a3b31f28e71d,340.0,9,779df5de9ef1e7342e0a5d44bb186720aa127a2e5430b3641583a3b31f28e71d,mom15_neg,-20.0,near_10_20,omar_pos,7_5_to_15,0.0,range_20_45,P,1,0.7235916256904602,9,True,2026-03-26,2026-03-26T14:37:00+00:00,2026-03-26T14:38:00+00:00,diagnostic_test,0.09999999999999964,6,morning_1000_1129,True,above_vwap
SPXW-20260327-06415.000-P,2026-03-27T13:40:00+00:00,420.0,SPXW-20260327-06420.000-C,0.7258738279342651,0.7258738279342651,-280.0,15.6,15.5,15.55,protocol101-live-v1,f03652bf5eefa6c8c24d8de2139bc6de8e00d67a2446174377278e9537436a32,-420.0,19,f03652bf5eefa6c8c24d8de2139bc6de8e00d67a2446174377278e9537436a32,mom15_flat,-20.0,near_10_20,omar_neg,gte_15,0.0,range_20_45,P,1,0.7258738279342651,7,True,2026-03-27,2026-03-27T13:39:00+00:00,2026-03-27T13:40:00+00:00,diagnostic_test,0.09999999999999964,6,open_0931_0959,True,above_vwap
SPXW-20260327-06410.000-P,2026-03-27T14:20:00+00:00,940.0,SPXW-20260327-06450.000-P,0.7109378576278687,0.7109378576278687,200.0,13.4,13.2,13.3,protocol101-live-v1,c23463d53386cd7ccc9d33dd4666b230cfa0b18cb2cd93a09a3a42aa927d1d22,460.0,9,c23463d53386cd7ccc9d33dd4666b230cfa0b18cb2cd93a09a3a42aa927d1d22,mom15_pos,-20.0,near_10_20,omar_neg,7_5_to_15,0.0,range_20_45,P,1,0.7109378576278687,8,True,2026-03-27,2026-03-27T14:19:00+00:00,2026-03-27T14:20:00+00:00,diagnostic_test,0.20000000000000107,6,morning_1000_1129,True,above_vwap
SPXW-20260327-06410.000-P,2026-03-27T14:52:00+00:00,-10.0,SPXW-20260327-06415.000-C,0.7420908808708191,0.764934778213501,-170.0,13.5,13.3,13.4,protocol101-live-v1,abca49ab22df63b129f575aa793db546167907128eeac774849ba3f399e3fda6,-120.0,21,abca49ab22df63b129f575aa793db546167907128eeac774849ba3f399e3fda6,mom15_pos,-20.0,near_10_20,omar_neg,7_5_to_15,0.0,range_20_45,P,1,0.7420908808708191,10,True,2026-03-27,2026-03-27T14:51:00+00:00,2026-03-27T14:52:00+00:00,diagnostic_test,0.1999999999999993,6,morning_1000_1129,True,above_vwap
SPXW-20260331-06420.000-P,2026-03-31T14:19:00+00:00,110.0,SPXW-20260331-06425.000-C,0.7275862693786621,0.7275862693786621,110.0,11.8,11.7,11.75,protocol101-live-v1,2e2144070d58333010351e80cea10aca201c14324de9c8b26d70c4fe8e80e4c1,-100.0,20,2e2144070d58333010351e80cea10aca201c14324de9c8b26d70c4fe8e80e4c1,mom15_neg,-20.0,near_10_20,omar_pos,7_5_to_15,0.0,range_20_45,P,1,0.7140180468559265,10,True,2026-03-31,2026-03-31T14:18:00+00:00,2026-03-31T14:19:00+00:00,diagnostic_test,0.10000000000000142,6,morning_1000_1129,True,above_vwap
SPXW-20260331-06415.000-P,2026-03-31T15:08:00+00:00,760.0,SPXW-20260331-06410.000-C,0.7840054631233215,0.7840054631233215,-120.0,12.1,11.9,12.0,protocol101-live-v1,b3f459d02ffe4056cc54681be6e1d6aa1a6f5442a4c4b66e9785be38cf10500d,-300.0,23,b3f459d02ffe4056cc54681be6e1d6aa1a6f5442a4c4b66e9785be38cf10500d,mom15_pos,-20.0,near_10_20,omar_pos,7_5_to_15,0.0,range_45_80,P,1,0.7840054631233215,9,True,2026-03-31,2026-03-31T15:07:00+00:00,2026-03-31T15:08:00+00:00,diagnostic_test,0.1999999999999993,6,morning_1000_1129,True,above_vwap
SPXW-20260331-06420.000-P,2026-03-31T15:21:00+00:00,560.0,SPXW-20260331-06460.000-P,0.6989712715148926,0.7409386038780212,70.0,13.0,12.8,12.9,protocol101-live-v1,acb468c5a62fd8316c69b41b56082de60494ab8e5a4230e9989232f10cf96d29,230.0,9,acb468c5a62fd8316c69b41b56082de60494ab8e5a4230e9989232f10cf96d29,mom15_pos,-20.0,near_10_20,omar_pos,7_5_to_15,0.0,range_45_80,P,1,0.7409386038780212,7,True,2026-03-31,2026-03-31T15:20:00+00:00,2026-03-31T15:21:00+00:00,diagnostic_test,0.1999999999999993,6,morning_1000_1129,True,above_vwap
