fold_id,evidence_grade,split,gate,strategy,n_all_gated,n_selected,gate_value_G,entry_uplift_E,selection_delta_C,identity_check_mean_V_sel,selected_mean_V_sel,identity_error,lifecycle_delta_policy1,lifecycle_delta_policy2,train_designated_alt_policy,train_designated_lifecycle_delta,serial_sampling_delta_A,bootstrap_ci_E_low,bootstrap_ci_E_high,bootstrap_ci_C_low,bootstrap_ci_C_high
march2026_current_split,provisional_current_march_splits_only,validation,put_near_after_0940_vwap_m2_10,all_gated_parallel,695,695,20.92086330935252,0.0,0.0,20.92086330935252,20.92086330935252,0.0,64.37410071942446,91.26618705035972,1,64.37410071942446,0.0,0.0,0.0,0.0,0.0
march2026_current_split,provisional_current_march_splits_only,validation,put_near_after_0940_vwap_m2_10,gate_first_eligible,695,23,20.92086330935252,-61.986706287144195,19.761495151704718,-21.304347826086957,-21.304347826086957,0.0,-159.56521739130434,-174.34782608695653,1,-159.56521739130434,0.0,-288.4686333188892,125.2801662566947,-42.20800333814594,91.60016190969371
march2026_current_split,provisional_current_march_splits_only,validation,put_near_after_0940_vwap_m2_10,slot_schedule_3win,695,22,20.92086330935252,-37.47089601046435,47.23185088293002,30.681818181818187,30.681818181818183,3.552713678800501e-15,-170.45454545454547,38.18181818181818,1,-170.45454545454547,0.0,-220.82921130449475,128.79807092906515,-12.223022178086726,118.14596212813267
march2026_current_split,provisional_current_march_splits_only,validation,put_near_after_0940_vwap_m2_10,attempt131_serial,695,22,20.92086330935252,175.71092217135381,-61.17724002616087,135.45454545454547,135.45454545454547,0.0,-56.81818181818182,-51.81818181818182,1,-56.81818181818182,-94.31818181818184,0.03367307392598456,365.0658124831853,-129.72679368519306,2.6184181583800563
march2026_current_split,provisional_current_march_splits_only,validation,put_near_after_0940_vwap_m2_10,attempt131_topk_parallel,695,22,20.92086330935252,68.66546762589928,-48.449967298888176,41.13636363636362,41.13636363636363,-1.4210854715202004e-14,147.27272727272728,182.5,1,147.27272727272728,0.0,-268.0765941415146,490.0741572543331,-176.1576627486437,65.92904486527706
march2026_current_split,provisional_current_march_splits_only,diagnostic_test,put_near_after_0940_vwap_m2_10,all_gated_parallel,857,857,10.618436406067678,0.0,0.0,10.618436406067678,10.618436406067678,0.0,54.03150525087515,121.49358226371062,1,54.03150525087515,0.0,0.0,0.0,0.0,0.0
march2026_current_split,provisional_current_march_splits_only,diagnostic_test,put_near_after_0940_vwap_m2_10,gate_first_eligible,857,25,10.618436406067678,-151.14912485414237,64.53068844807468,-76.00000000000001,-76.0,-1.4210854715202004e-14,-12.8,-30.8,1,-12.8,0.0,-346.70998628886696,-7.559516178266194,19.520932564907067,114.62775859866946
march2026_current_split,provisional_current_march_splits_only,diagnostic_test,put_near_after_0940_vwap_m2_10,slot_schedule_3win,857,23,10.618436406067678,13.294353406727204,-8.695398508447056,15.217391304347828,15.217391304347826,1.7763568394002505e-15,-30.869565217391305,-140.43478260869566,1,-30.869565217391305,0.0,-245.35985185632038,210.35280814256072,-68.64907076328493,55.22893427023864
march2026_current_split,provisional_current_march_splits_only,diagnostic_test,put_near_after_0940_vwap_m2_10,attempt131_serial,857,22,10.618436406067678,-14.976397581415085,9.357961175347405,4.999999999999998,5.0,-1.7763568394002505e-15,38.18181818181818,-105.0,1,38.18181818181818,81.36363636363636,-248.77547126419125,162.49094118023547,-42.18860519982266,70.63502846326621
march2026_current_split,provisional_current_march_splits_only,diagnostic_test,put_near_after_0940_vwap_m2_10,attempt131_topk_parallel,857,22,10.618436406067678,130.02360241858491,-54.27840246101624,86.36363636363635,86.36363636363636,-1.4210854715202004e-14,163.86363636363637,107.5,1,163.86363636363637,0.0,-91.76216904449151,344.6669413939937,-116.03875575216328,5.044879167165424
march2026_current_split,provisional_current_march_splits_only,validation,put_near_after_0940_vwap_m2_10_near_vwap,all_gated_parallel,205,205,55.829268292682926,0.0,0.0,55.829268292682926,55.829268292682926,0.0,57.78048780487805,107.53658536585365,2,107.53658536585365,0.0,0.0,0.0,0.0,0.0
march2026_current_split,provisional_current_march_splits_only,validation,put_near_after_0940_vwap_m2_10_near_vwap,gate_first_eligible,205,25,55.829268292682926,104.34878048780489,7.421951219512181,167.6,167.6,0.0,-206.4,-155.2,2,-155.2,0.0,-125.89584014300306,322.66503169907014,-58.72802148033128,73.16344474821963
march2026_current_split,provisional_current_march_splits_only,validation,put_near_after_0940_vwap_m2_10_near_vwap,slot_schedule_3win,205,21,55.829268292682926,-4.7369337979094155,39.86004645760744,90.95238095238095,90.95238095238095,0.0,-183.0952380952381,17.38095238095238,2,17.38095238095238,0.0,-177.97708333333333,205.96436403508773,-17.711554276315784,79.98548012130917
march2026_current_split,provisional_current_march_splits_only,validation,put_near_after_0940_vwap_m2_10_near_vwap,attempt130_serial,205,20,55.829268292682926,242.5487804878049,-40.3780487804878,258.0,258.0,0.0,-34.0,-80.0,2,-80.0,-90.0,61.51300818307206,450.802885378002,-81.02599962785736,4.425571328208959
march2026_current_split,provisional_current_march_splits_only,validation,put_near_after_0940_vwap_m2_10_near_vwap,attempt130_topk_parallel,205,20,55.829268292682926,158.0487804878049,-45.8780487804878,168.0,168.0,0.0,90.0,29.5,2,29.5,0.0,-162.00317664227208,550.0047192790157,-163.6738189377384,53.99714635140644
march2026_current_split,provisional_current_march_splits_only,diagnostic_test,put_near_after_0940_vwap_m2_10_near_vwap,all_gated_parallel,326,326,20.337423312883434,0.0,0.0,20.337423312883434,20.337423312883434,0.0,0.7975460122699386,56.058282208588956,2,56.058282208588956,0.0,0.0,0.0,0.0,0.0
march2026_current_split,provisional_current_march_splits_only,diagnostic_test,put_near_after_0940_vwap_m2_10_near_vwap,gate_first_eligible,326,26,20.337423312883434,-117.8669183577159,42.52949504483247,-55.0,-55.0,0.0,8.846153846153847,-14.23076923076923,2,-14.23076923076923,0.0,-282.16292791341266,24.862870341054872,-4.611575612832198,98.99418604651163
march2026_current_split,provisional_current_march_splits_only,diagnostic_test,put_near_after_0940_vwap_m2_10_near_vwap,slot_schedule_3win,326,23,20.337423312883434,-26.621098959722595,-1.1076287009869255,-7.391304347826086,-7.391304347826087,8.881784197001252e-16,-71.73913043478261,-49.34782608695652,2,-49.34782608695652,0.0,-289.3542337553741,173.58238533766703,-67.41839318563304,92.69349883329012
march2026_current_split,provisional_current_march_splits_only,diagnostic_test,put_near_after_0940_vwap_m2_10_near_vwap,attempt130_serial,326,17,20.337423312883434,7.189642728256942,-4.5858895705521405,22.941176470588236,22.941176470588236,0.0,-15.294117647058824,-234.11764705882354,2,-234.11764705882354,-81.17647058823529,-151.97324507389163,174.3005121777991,-72.33923844544317,59.96519081117294
march2026_current_split,provisional_current_march_splits_only,diagnostic_test,put_near_after_0940_vwap_m2_10_near_vwap,attempt130_topk_parallel,326,17,20.337423312883434,-121.04565138939012,42.47293395885963,-58.23529411764706,-58.23529411764706,0.0,49.705882352941174,-160.88235294117646,2,-160.88235294117646,0.0,-388.5696809057863,113.55235964217114,-45.07081614234142,144.3492896138136
march2026_current_split,provisional_current_march_splits_only,validation,put_near_after_0940_vwap_m2_10_premium_gte_7_5,all_gated_parallel,683,683,27.11566617862372,0.0,0.0,27.11566617862372,27.11566617862372,0.0,58.4264705882353,166.36229749631812,1,58.4264705882353,0.0,0.0,0.0,0.0,0.0
march2026_current_split,provisional_current_march_splits_only,validation,put_near_after_0940_vwap_m2_10_premium_gte_7_5,gate_first_eligible,683,23,27.11566617862372,-63.792730282003944,15.372716277293268,-21.304347826086957,-21.304347826086957,0.0,-159.56521739130434,-174.34782608695653,1,-159.56521739130434,0.0,-297.49385688069697,137.9633759345869,-39.90981196151908,88.66537092906317
march2026_current_split,provisional_current_march_splits_only,validation,put_near_after_0940_vwap_m2_10_premium_gte_7_5,slot_schedule_3win,683,22,27.11566617862372,-58.59510182350592,37.38852655397311,5.9090909090909065,5.909090909090909,-2.6645352591003757e-15,-162.27272727272728,106.81818181818181,1,-162.27272727272728,0.0,-252.2564161879324,114.99646214263821,-9.514284733985829,93.50135601503419
march2026_current_split,provisional_current_march_splits_only,diagnostic_test,put_near_after_0940_vwap_m2_10_premium_gte_7_5,all_gated_parallel,856,856,37.07943925233645,0.0,0.0,37.07943925233645,37.07943925233645,0.0,124.11214953271028,199.17056074766356,1,124.11214953271028,0.0,0.0,0.0,0.0,0.0
march2026_current_split,provisional_current_march_splits_only,diagnostic_test,put_near_after_0940_vwap_m2_10_premium_gte_7_5,gate_first_eligible,856,25,37.07943925233645,-163.9408878504673,50.86144859813085,-76.00000000000001,-76.0,-1.4210854715202004e-14,-12.8,-30.8,1,-12.8,0.0,-368.8285915255986,-18.61956429908052,6.847300122195855,96.01150003277185
march2026_current_split,provisional_current_march_splits_only,diagnostic_test,put_near_after_0940_vwap_m2_10_premium_gte_7_5,slot_schedule_3win,856,23,37.07943925233645,3.54606867127184,21.983187728565625,62.608695652173914,62.608695652173914,0.0,-41.73913043478261,-161.7391304347826,1,-41.73913043478261,0.0,-257.91694978122416,226.23113052196598,-41.32782539088489,101.78871519163714
