date,label,confidence,evidence_type,first_qualifying_time_et,side,hedge_only,excerpt,journal_ref,reviewer,notes,proposed_reasoning
2023-10-22,0,High,,,,False,===================================================================== =====================================================================,2023-10-22.txt:6-8,model-draft,No SPX 0DTE long mention in any Pickles message.,"categories=['irrelevant', 'irrelevant'] -> label=0 High"
2023-10-23,0,High,,,,False,"0DTE CCS / PCS in place, WEEKLY IC done NET CREDIT: 0DTE --> $1,085 IC --> $1,460 2",2023-10-23.txt:24-34,model-draft,No SPX 0DTE long mention in any Pickles message.,"categories=['irrelevant', 'irrelevant', 'irrelevant'] -> label=0 High"
2023-10-24,0,High,,,,False,"===================================================================== ===================================================================== TUES, 24 OCT 2023 have to take care of some personal matters. Won't be tradin...",2023-10-24.txt:6-22,model-draft,No SPX 0DTE long mention in any Pickles message.,categories=['irrelevant'] -> label=0 High
2023-10-25,0,High,,,,False,"WED, 25 OCT 2023 CL LONG is starting to turn around, WEEKLY IC grinding along. the LONG bias from SUN via BB turned out to be correct and now at the mid-point of the 4hr BB. VIX has been going down since it's open, DX...",2023-10-25.txt:14-28,model-draft,No SPX 0DTE long mention in any Pickles message.,"categories=['irrelevant', 'irrelevant'] -> label=0 High"
2023-10-30,1,High,executed,16:50,call,False,ROLLED SHORT-CALL to higher STRIKE & further EXPIRY added to LONG-CALL & a new LONG SPX CALL for tomorrow's EXPIRY elected not to WRITE PUTS against position,2023-10-30.txt:50-53,model-draft,,first_positive=executed_long_directional side=call -> label=1 High
2023-10-31,0,High,,,,False,"0DTE SPX PCS 4160 / 4145 3,540 - 1,500 = $2,040 CREDIT RECIEVED ES made both a higher SWING LOW & and lower SWING HIGH - needs strength to break-out of this balance, 96% probability either OVN HIGH or LOW is re-auctio...",2023-10-31.txt:60-72,model-draft,SPX 0DTE activity is spread-only (credit/debit spreads). No directional long (N4).,first_qualifying=spread_only -> label=0 High
2023-11-01,0,High,,,,False,ALBATROSS SPREAD officially closed out 2 Pickles,2023-11-01.txt:6-14,model-draft,No SPX 0DTE long mention in any Pickles message.,categories=['irrelevant'] -> label=0 High
2023-11-02,0,High,,,,False,"===================================================================== ===================================================================== THUR, 2 NOV 2023 If 'overbought' ever needed a textbook example of it, it'd b...",2023-11-02.txt:6-22,model-draft,No SPX 0DTE long mention in any Pickles message.,"categories=['irrelevant', 'irrelevant'] -> label=0 High"
2023-11-06,0,High,,,,False,"MON, 6 NOV 2023 Last week the SnP rocketed ~200 points in one week, tearing the VIX down with it as FOMC made another pause, Treasury announced it's re-balancing policy, and Yellen came swooping in to save the day ( a...",2023-11-06.txt:14-28,model-draft,No SPX 0DTE long mention in any Pickles message.,"categories=['irrelevant', 'irrelevant', 'irrelevant', 'irrelevant', 'irrelevant'] -> label=0 High"
2023-11-07,0,High,,,,False,"TUES, 7 NOV 2023 ES & NQ are still in the same CONGESTION ZONE of VOLUME that was referenced here --> https://discord.com/channels/1026265666552090676/1163592216523055164/1171081027872108544 With the sectors down in P...",2023-11-07.txt:14-30,model-draft,No SPX 0DTE long mention in any Pickles message.,"categories=['irrelevant', 'irrelevant', 'irrelevant', 'irrelevant', 'irrelevant', 'irrelevant'] -> label=0 High"
2023-11-09,1,High,executed,11:00,call,False,"went LONG SPX CALLS on ES WEEKLY VWAP BOUNCE, if ES gets back up to VWAP we can see a bunch of BUYERS coming in to potentially make a stronger run back to OPENING PRICE, otherwise VWAP will act as a hard wall to push ...",2023-11-09.txt:64-68,model-draft,,first_positive=executed_long_directional side=call -> label=1 High
2023-11-10,0,High,executed,,,True,"CCS got rekt, BACK RATIO'd into more SPX LONGS & ultimately CLOSED out of the SPX SHORT CALLS the LONGS off-set the LOSS on the SHORTS, but I do not consider a trade where the DEFENSE had to come save the day a winnin...",2023-11-10.txt:152-158,model-draft,SPX long executed but structurally paired with existing SPX short leg (N5 hedge-only). Subsequent exit references on the same day close the same hedge position — not a separate directional bet. label=0.,has_hedge and no_separate_directional -> label=0 High hedge_only=True
2023-11-13,1,Medium,executed,09:50,,False,LONG SPX off ES & NQ bounce off opening 15m candle,2023-11-13.txt:121-123,model-draft,Side ambiguous from keywords; requires human review.,first_positive=executed_long_directional side=none -> label=1 Medium
2023-11-14,0,High,,,,False,"^flipped to NQ LONGS on BOUNCE off OVN H slept in late on the market, so today is a SMALL POSITION SIZE day, just to scratch that itch",2023-11-14.txt:20-23,model-draft,No SPX 0DTE long mention in any Pickles message.,"categories=['irrelevant', 'irrelevant', 'irrelevant', 'irrelevant', 'irrelevant'] -> label=0 High"
2023-11-15,0,High,,,,False,0DTE SPX CCS 4510 / 4495 (edited),2023-11-15.txt:129-133,model-draft,SPX 0DTE activity is spread-only (credit/debit spreads). No directional long (N4).,first_qualifying=spread_only -> label=0 High
2023-11-16,1,Medium,explicitly_claimed,10:32,,False,out of those SPX CALLS,2023-11-16.txt:118-120,model-draft,Side ambiguous from keywords; requires human review.,first_positive=explicitly_claimed side=none -> label=1 Medium
2023-11-17,1,Medium,executed,10:17,,False,"did not increase NQ, but went LONG SPX 0DTE 4510",2023-11-17.txt:90-90,model-draft,Side ambiguous from keywords; requires human review.,first_positive=executed_long_directional side=none -> label=1 Medium
2023-11-19,0,High,,,,False,"SUN, 19 NOV 2023 SPX WEEKLY RANGES See FAQ here --> https://discord.com/channels/1026265666552090676/1163592216523055164/1165853113333317682 1 1",2023-11-19.txt:14-27,model-draft,No SPX 0DTE long mention in any Pickles message.,"categories=['irrelevant', 'irrelevant'] -> label=0 High"
2023-11-20,1,High,executed,10:39,call,False,adding to my SPX LONG CALLS,2023-11-20.txt:83-83,model-draft,,first_positive=executed_long_directional side=call -> label=1 High
2023-11-21,1,High,executed,09:39,call,False,going to add to these LONGS with 0DTE SPX LONG CALLS,2023-11-21.txt:117-119,model-draft,,first_positive=executed_long_directional side=call -> label=1 High
2023-11-22,1,High,executed,09:35,call,False,going to go LARGE 0DTE SPX LONG CALLS,2023-11-22.txt:95-95,model-draft,,first_positive=executed_long_directional side=call -> label=1 High
2023-11-24,0,High,,,,False,"FRI, 24 NOV 2023 PMI this morning and an early close to the market today, historically HOLIDAY VOLUME is low when entering the weekend, that doesn't mean great trades can't be found, adjust your expectations and lower...",2023-11-24.txt:14-41,model-draft,No SPX 0DTE long mention in any Pickles message.,"categories=['irrelevant', 'irrelevant', 'irrelevant', 'irrelevant', 'irrelevant', 'irrelevant', 'irrelevant', 'irrelevant', 'irrelevant', 'irrelevant', 'irrelevant', 'irrelevant', 'irrelevant', 'irrelevant', 'irrelevant', 'irrelevant', 'irrelevant', 'irrelevant', 'irrelevant', 'irrelevant', 'irrelevant', 'irrelevant', 'irrelevant', 'irrelevant'] -> label=0 High"
2023-11-26,0,High,,,,False,Some thoughts while running the models this weekend: it's possible SPX sees 4475 - 4425 early this week from a wake-up on the VIX into an expansion of volatility and / or due to 52 WEEK HIGHS being reachable by many b...,2023-11-26.txt:25-35,model-draft,No SPX 0DTE long mention in any Pickles message.,"categories=['irrelevant', 'irrelevant'] -> label=0 High"
2023-11-27,0,High,,,,False,"MON, 27 NOV 2023 Major data events today: 6 MO & 2 YR AUCTION at 1130 EST 3 MO & 5 YR AUCTION at 1300 EST OVN INVENTORY so far has been SHORT, PRICE unable to stay away from VWAP during GLOBEX HOURS. NQ currently bare...",2023-11-27.txt:14-46,model-draft,No SPX 0DTE long mention in any Pickles message.,"categories=['irrelevant', 'irrelevant', 'irrelevant', 'irrelevant', 'irrelevant', 'irrelevant', 'irrelevant', 'irrelevant'] -> label=0 High"
2023-11-30,1,High,executed,09:24,call,False,going to set-up a lightning quick SPX LONG CALLS at market open. literally in & out less than 120 seconds,2023-11-30.txt:82-82,model-draft,,first_positive=executed_long_directional side=call -> label=1 High
2023-12-01,0,High,,,,False,Good job weekly rangers!! See ya next week! Pickles,2023-12-01.txt:6-12,model-draft,No SPX 0DTE long mention in any Pickles message.,categories=['irrelevant'] -> label=0 High
2023-12-03,0,High,,,,False,"===================================================================== ===================================================================== SUN, 3 DEC 2023 SPX WEEKLY RANGES NOTE --> upside has extended out ~75 from l...",2023-12-03.txt:6-26,model-draft,No SPX 0DTE long mention in any Pickles message.,categories=['irrelevant'] -> label=0 High
2023-12-04,1,Medium,executed,09:29,,False,"SMALL SPX LONG when the bell rings, depending on how first 15m candle sets i'll scale higher or exit",2023-12-04.txt:64-66,model-draft,Side ambiguous from keywords; requires human review.,first_positive=executed_long_directional side=none -> label=1 Medium
2023-12-05,1,High,executed,10:13,call,False,"waiting for another LONG set-up to occur, need to see separation from WEEKLY POC & WEEKLY VWAP and will go into SPX LONG CALLS instead of FUTURES",2023-12-05.txt:90-92,model-draft,,first_positive=executed_long_directional side=call -> label=1 High
2023-12-06,1,High,executed,10:14,call,False,going LONG SPX CALLS,2023-12-06.txt:130-132,model-draft,,first_positive=executed_long_directional side=call -> label=1 High
2023-12-07,0,High,,,,False,"THURS, 7 DEC 2023 OVN INVENTORY was mixed, but now to RTH OPEN could make it net LONG. Jobless claims at 0830 EST & 4 WK AUCTION at 1130 as our only potentially high impact data for today. VIX opened above 13.00 & mos...",2023-12-07.txt:16-36,model-draft,No SPX 0DTE long mention in any Pickles message.,"categories=['irrelevant', 'irrelevant', 'irrelevant', 'irrelevant', 'irrelevant', 'irrelevant', 'irrelevant', 'irrelevant', 'irrelevant', 'irrelevant', 'irrelevant', 'irrelevant', 'irrelevant', 'irrelevant', 'irrelevant'] -> label=0 High"
2023-12-08,0,High,,,,False,===================================================================== =====================================================================,2023-12-08.txt:15-17,model-draft,No SPX 0DTE long mention in any Pickles message.,"categories=['irrelevant', 'irrelevant', 'irrelevant', 'irrelevant', 'irrelevant', 'irrelevant', 'irrelevant', 'irrelevant', 'irrelevant', 'irrelevant', 'irrelevant', 'irrelevant', 'irrelevant', 'irrelevant', 'irrelevant'] -> label=0 High"
2023-12-10,0,High,,,,False,"===================================================================== ===================================================================== SUN, 10 DEC 2023 NOTES Both upside & downside ranges have extended further ou...",2023-12-10.txt:6-32,model-draft,No SPX 0DTE long mention in any Pickles message.,"categories=['irrelevant', 'irrelevant'] -> label=0 High"
2023-12-11,0,High,,,,False,"I won't be online much today, GL everyone, trade SMART & remember the Holy Gospel: Always take profits off the table 1 Pickles",2023-12-11.txt:6-12,model-draft,No SPX 0DTE long mention in any Pickles message.,categories=['irrelevant'] -> label=0 High
2023-12-12,1,High,executed,09:46,call,False,SPX LONG CALLS,2023-12-12.txt:62-64,model-draft,,first_positive=executed_long_directional side=call -> label=1 High
2023-12-13,0,High,,,,False,added to LONG PUTS on the PCS to BACK RATIO in event the SHORT STRIKE get's blown up ( 4640 SPX ) 1,2023-12-13.txt:1180-1186,model-draft,SPX 0DTE activity is spread-only (credit/debit spreads). No directional long (N4).,first_qualifying=spread_only -> label=0 High
2023-12-14,1,Medium,executed,10:08,call,False,"LONG SPX CALLS on ES VWAP SUPPORT, quick in & out, not expecting a re-visit to AM HIGHS, TP at +1 VWAP / OPENING CANDLE HIGH",2023-12-14.txt:115-117,model-draft,Day also contains hedge-only SPX long; directional hit(s) make day positive but review structure.,first_positive=executed_long_directional side=call -> label=1 Medium
2023-12-15,0,High,,,,False,"FRI, 15 DEC 2023 OVN INVENTORY was LONG, PAPER is mostly flat, QUAD WITCHING is taking place today, with more notional ( valued in trillions ) being changed today than any MOPEX in the past 20 years. Expect elevated V...",2023-12-15.txt:14-36,model-draft,No SPX 0DTE long mention in any Pickles message.,"categories=['irrelevant', 'irrelevant', 'irrelevant'] -> label=0 High"
2023-12-16,0,High,,,,False,,2023-12-16.txt:0,model-draft,No Pickles-authored content in file.,no_pickles_messages -> label=0 High
2023-12-17,0,High,,,,False,I am afk but ranges are posted 4584.84 - 4834.31 SPX 4 4 Pickles I am afk but ranges are posted 4584.84 - 4834.31 SPX mefy,2023-12-17.txt:6-20,model-draft,No SPX 0DTE long mention in any Pickles message.,categories=['irrelevant'] -> label=0 High
2023-12-18,0,High,,,,False,https://discord.com/channels/1026265666552090676/1163592216523055164/1165853113333317682,2023-12-18.txt:16-18,model-draft,No SPX 0DTE long mention in any Pickles message.,"categories=['irrelevant', 'irrelevant', 'irrelevant', 'irrelevant', 'irrelevant', 'irrelevant', 'irrelevant', 'irrelevant', 'irrelevant', 'irrelevant', 'irrelevant', 'irrelevant', 'irrelevant', 'irrelevant', 'irrelevant', 'irrelevant', 'irrelevant', 'irrelevant', 'irrelevant', 'irrelevant', 'irrelevant', 'irrelevant', 'irrelevant', 'irrelevant'] -> label=0 High"
2023-12-22,0,High,,,,False,Good job weekly rangers!! Have a good christmas weekend! When I get to my pc I will update and post the weekly range chart Pickles,2023-12-22.txt:6-12,model-draft,No SPX 0DTE long mention in any Pickles message.,categories=['irrelevant'] -> label=0 High
2023-12-25,0,High,,,,False,Spx weekly ranges for 26 - 29 Dec 4604.55 - 4865.79 Good luck weekly rangers!! 4 Pickles Spx weekly ranges for 26 - 29 Dec 4604.55 - 4865.79 Good luck weekly rangers!! Pickles,2023-12-25.txt:6-22,model-draft,No SPX 0DTE long mention in any Pickles message.,categories=['irrelevant'] -> label=0 High
2023-12-29,0,High,,,,False,JPM roll notes ( 'fund 1' DEC 2023 to MAR 2024 ROLL ): roll happened at 1412 EST size 39k vs 4768.71 SPOT used 17k 4515c 0dte calls as COUNTER DELTA ( bought back part of their expiring short calls ) SHORT CALLS 5015 ...,2023-12-29.txt:28-41,model-draft,Keyword hits only reference third-party trades (e.g. JPM roll commentary). Not Pickles' own execution.,"categories=['third_party', 'irrelevant', 'irrelevant', 'irrelevant', 'irrelevant', 'irrelevant'] -> label=0 High"
2023-12-30,0,High,,,,False,That’s what I figured about a billion dollar loss but you’re totally right it was outweighed by the gains but barely lol Pickles,2023-12-30.txt:6-10,model-draft,No SPX 0DTE long mention in any Pickles message.,categories=['irrelevant'] -> label=0 High
2024-01-01,0,High,,,,False,WEEKLY SPX RANGES 3 1 Pickles,2024-01-01.txt:6-16,model-draft,No SPX 0DTE long mention in any Pickles message.,categories=['irrelevant'] -> label=0 High
2024-01-03,0,High,,,,False,"if RTH turns out to be a TREND DOWN day, will convert the CCS into a CALL LADDER SPREAD and WRITE CALLS on the way down",2024-01-03.txt:44-44,model-draft,SPX 0DTE activity is spread-only (credit/debit spreads). No directional long (N4).,first_qualifying=spread_only -> label=0 High
2024-01-04,1,High,executed,10:03,put,False,"going into LONG PUTS here Green TICKS are weak on this run-up. small position size until red TICKS start to come in, then scale in more",2024-01-04.txt:94-98,model-draft,,first_positive=executed_long_directional side=put -> label=1 High
2024-01-05,1,High,executed,09:48,call,False,SPX LONG CALLS on push up through OVNH,2024-01-05.txt:73-77,model-draft,,first_positive=executed_long_directional side=call -> label=1 High
2024-01-07,0,High,,,,False,===================================================================== =====================================================================,2024-01-07.txt:6-8,model-draft,No SPX 0DTE long mention in any Pickles message.,"categories=['irrelevant', 'irrelevant'] -> label=0 High"
2024-01-12,0,High,,,,False,good job weekly rangers!! 2 Pickles,2024-01-12.txt:6-14,model-draft,No SPX 0DTE long mention in any Pickles message.,categories=['irrelevant'] -> label=0 High
2024-01-13,0,High,,,,False,^ chart got a little dolled up to add more signals / indicators to stand out more 1 Pickles,2024-01-13.txt:6-12,model-draft,No SPX 0DTE long mention in any Pickles message.,categories=['irrelevant'] -> label=0 High
2024-01-14,0,High,,,,False,===================================================================== =====================================================================,2024-01-14.txt:6-8,model-draft,No SPX 0DTE long mention in any Pickles message.,"categories=['irrelevant', 'irrelevant'] -> label=0 High"
2024-01-17,0,High,,,,False,"Rusty is leading the big 4 in terms of weakness with NQ being in 2nd place - with ES stronger we look at XLF & XLV to see if ES will pull NQ higher, or NQ will pull ES down with it. XLRE being the weakest of the SnP s...",2024-01-17.txt:40-46,model-draft,No SPX 0DTE long mention in any Pickles message.,"categories=['irrelevant', 'irrelevant', 'irrelevant', 'irrelevant', 'irrelevant', 'irrelevant', 'irrelevant', 'irrelevant', 'irrelevant', 'irrelevant', 'irrelevant', 'irrelevant', 'irrelevant', 'irrelevant', 'irrelevant', 'irrelevant', 'irrelevant', 'irrelevant', 'irrelevant', 'irrelevant', 'irrelevant', 'irrelevant'] -> label=0 High"
2024-01-19,1,High,executed,10:22,put,False,SPX LONG PUTS on NQ & ES struggling to hold above their VWAP 2,2024-01-19.txt:109-115,model-draft,,first_positive=executed_long_directional side=put -> label=1 High
2024-01-21,0,High,,,,False,,2024-01-21.txt:0,model-draft,No Pickles-authored content in file.,no_pickles_messages -> label=0 High
2024-01-23,0,High,,,,False,1,2024-01-23.txt:18-21,model-draft,No SPX 0DTE long mention in any Pickles message.,"categories=['irrelevant', 'irrelevant'] -> label=0 High"
2024-01-26,0,High,,,,False,great job weekly rangers!! cya next week! 2 Pickles,2024-01-26.txt:6-14,model-draft,No SPX 0DTE long mention in any Pickles message.,categories=['irrelevant'] -> label=0 High
2024-01-28,0,High,,,,False,"SUN, 28 JAN 2024 WEEKLY SPX RANGE Did some tweaking of the model to bring slightly tighter ranges to aim for 2.25 - 3.5% weekly ROI while still over 92% win-rate to have a higher reward per unit of risk ratio ( 92% = ...",2024-01-28.txt:14-29,model-draft,No SPX 0DTE long mention in any Pickles message.,categories=['irrelevant'] -> label=0 High
2024-01-29,0,High,,,,False,,2024-01-29.txt:0,model-draft,No Pickles-authored content in file.,no_pickles_messages -> label=0 High
2024-02-01,0,High,,,,False,Spy? Long or short strangle?,2024-02-01.txt:18-20,model-draft,No SPX 0DTE long mention in any Pickles message.,"categories=['irrelevant', 'irrelevant'] -> label=0 High"
2024-02-02,0,High,,,,False,great job weekly rangers! see you next week 4 Pickles great job weekly rangers! see you next week Sour Cucumber In Brine,2024-02-02.txt:6-16,model-draft,No SPX 0DTE long mention in any Pickles message.,categories=['irrelevant'] -> label=0 High
2024-02-03,0,High,,,,False,"Nice. Market was definitely impressive this week, SPX 30pts away from 5k Pickles",2024-02-03.txt:6-10,model-draft,No SPX 0DTE long mention in any Pickles message.,categories=['irrelevant'] -> label=0 High
2024-02-04,0,High,,,,False,"===================================================================== ===================================================================== SUN, 4 FEB 2024 WEEKLY SPX RANGE, good luck weekly rangers! FAQ --> ⁠ https:/...",2024-02-04.txt:6-25,model-draft,No SPX 0DTE long mention in any Pickles message.,categories=['irrelevant'] -> label=0 High
2024-02-05,0,High,,,,False,"MON, 5 FEB 2024 OVN INVENTORY is SHORT. PAPER yields are 1.5 - 2.25% up in PRE-MARKET. PMI just after MARKET OPEN, 3 & 6 MO AUCTION at 1130 EST. Yields being up this much during PRE-MARKET isn't a bullish signal for E...",2024-02-05.txt:14-44,model-draft,No SPX 0DTE long mention in any Pickles message.,"categories=['irrelevant', 'irrelevant', 'irrelevant', 'irrelevant', 'irrelevant', 'irrelevant', 'irrelevant', 'irrelevant', 'irrelevant'] -> label=0 High"
2024-02-06,0,High,,,,False,===================================================================== =====================================================================,2024-02-06.txt:6-8,model-draft,No SPX 0DTE long mention in any Pickles message.,"categories=['irrelevant', 'irrelevant', 'irrelevant', 'irrelevant'] -> label=0 High"
2024-02-07,0,High,,,,False,"heading out, final port screenshot for WEDS, GL everyone, we're off to play house keeper and deep clean my parents house while everything is moved out to paint Wait for your A+ set-ups Trade the chart, not the bias Tr...",2024-02-07.txt:15-25,model-draft,No SPX 0DTE long mention in any Pickles message.,categories=['irrelevant'] -> label=0 High
2024-02-08,0,High,,,,False,"THURS, 8 FEB 2024 OVN INVENTORY is SHORT, PAPER is up slightly. Jobless at 0830 EST, 4 WK at 1130 & 30 YR at 1300. SnP was 11 cents from breaking the 5000 barrier in the previous session. both NQ & ES has been using t...",2024-02-08.txt:14-38,model-draft,No SPX 0DTE long mention in any Pickles message.,categories=['irrelevant'] -> label=0 High
2024-02-09,0,High,,,,False,"FRI, 9 FEB 2024 OVN INVENTORY is LONG, PAPER up slightly from the 30 YR AUCTION in PREVIOUS SESSION. SnP broke it's 5000 milestone in the closing minutes yesterday & OVN has pushed higher After the opening bell shake-...",2024-02-09.txt:14-42,model-draft,No SPX 0DTE long mention in any Pickles message.,"categories=['irrelevant', 'irrelevant'] -> label=0 High"
2024-02-11,0,High,,,,False,"===================================================================== ===================================================================== SUN, 11 FEB 2024 WEEKLY SPX RANGE, good luck weekly rangers! FAQ --> ⁠ https:...",2024-02-11.txt:11-28,model-draft,No SPX 0DTE long mention in any Pickles message.,categories=['irrelevant'] -> label=0 High
2024-02-16,1,Medium,executed,10:03,,False,LONG SPX for 1000 MAGIC TIME,2024-02-16.txt:84-86,model-draft,Side ambiguous from keywords; requires human review.,first_positive=executed_long_directional side=none -> label=1 Medium
2024-02-18,0,High,,,,False,This could be the first week I need to actively defend one of the SHORTS ( likely the PUTS ) first defense: 5-wide FRI PDS at $1.25 75% towards the SHORT PUT which is around ~4909 SPX ( or a 10-wide PDS at $2.50 ) sec...,2024-02-18.txt:23-31,model-draft,No SPX 0DTE long mention in any Pickles message.,"categories=['irrelevant', 'irrelevant', 'irrelevant'] -> label=0 High"
2024-02-19,0,High,,,,False,,2024-02-19.txt:0,model-draft,No Pickles-authored content in file.,no_pickles_messages -> label=0 High
2024-02-20,0,High,,,,False,"===================================================================== ===================================================================== TUES, 20 FEB 2024 Started building into a CL LONG position with the MAY CONTR...",2024-02-20.txt:13-49,model-draft,No SPX 0DTE long mention in any Pickles message.,categories=['irrelevant'] -> label=0 High
2024-02-21,0,High,,,,False,"WEDS, 21 FEB 2024 OVN INVENTORY was SHORT, price having spent only one 5m candle above yesterday's RTH CLOSE. PAPER is down slightly, and FOMC MINUTES at 1400 EST being the potential big mover today. Eyes on NVDA and ...",2024-02-21.txt:16-49,model-draft,No SPX 0DTE long mention in any Pickles message.,"categories=['irrelevant', 'irrelevant', 'irrelevant', 'irrelevant', 'irrelevant', 'irrelevant', 'irrelevant', 'irrelevant', 'irrelevant', 'irrelevant', 'irrelevant', 'irrelevant', 'irrelevant'] -> label=0 High"
2024-02-22,0,High,executed,,,True,"LONG SPX 4085 to effectively convert into a back ratio'd ( ~2:3 ) 10-wide CDS with the 4095 SHORT CALLS from the weekly range. The DELTA from the 4085's will out-pace the DELTA from the 4095's, the defense will result...",2024-02-22.txt:44-66,model-draft,SPX long executed but structurally paired with existing SPX short leg (N5 hedge-only). Subsequent exit references on the same day close the same hedge position — not a separate directional bet. label=0.,has_hedge and no_separate_directional -> label=0 High hedge_only=True
2024-02-23,0,High,,,,False,"I made mis-calculation on the total capital, it should be $121,050 will edit and have it correctly posted on next weeks chart",2024-02-23.txt:26-30,model-draft,No SPX 0DTE long mention in any Pickles message.,categories=['irrelevant'] -> label=0 High
2024-02-24,0,High,,,,False,8.12%!!!! detatchablepenis 8.12%!!!! Pickles,2024-02-24.txt:6-12,model-draft,No SPX 0DTE long mention in any Pickles message.,categories=['irrelevant'] -> label=0 High
2024-02-25,0,High,,,,False,"Yes, with ICs the objective is to 'harvest premium' or collecting the TIME VALUE in a contract as it comes closer to EXPIRY. the closer to EXPIRY the faster that TIME VALUE drops. that time 'decay' is what the IC make...",2024-02-25.txt:36-36,model-draft,No SPX 0DTE long mention in any Pickles message.,"categories=['irrelevant', 'irrelevant', 'irrelevant', 'irrelevant', 'irrelevant', 'irrelevant', 'irrelevant', 'irrelevant', 'irrelevant', 'irrelevant', 'irrelevant', 'irrelevant', 'irrelevant', 'irrelevant', 'irrelevant', 'irrelevant', 'irrelevant', 'irrelevant', 'irrelevant', 'irrelevant'] -> label=0 High"
2024-02-26,0,High,,,,False,"depends on margin. If setting up a IC uses $8,000 margin for example, you should be keeping an additional $4,000 in reserve as margin cushion ( 12k total --> 8k for the positon + 4k more for cusion ) splitting it up i...",2024-02-26.txt:17-23,model-draft,No SPX 0DTE long mention in any Pickles message.,"categories=['irrelevant', 'irrelevant', 'irrelevant', 'irrelevant', 'irrelevant', 'irrelevant', 'irrelevant', 'irrelevant'] -> label=0 High"
2024-02-27,0,High,,,,False,,2024-02-27.txt:0,model-draft,No Pickles-authored content in file.,no_pickles_messages -> label=0 High
2024-02-28,0,High,,,,False,1,2024-02-28.txt:28-31,model-draft,No SPX 0DTE long mention in any Pickles message.,categories=['irrelevant'] -> label=0 High
2024-02-29,0,High,,,,False,,2024-02-29.txt:0,model-draft,No Pickles-authored content in file.,no_pickles_messages -> label=0 High
2024-03-01,0,High,,,,False,Good work weekly rangers!! cya next week! 1,2024-03-01.txt:16-20,model-draft,No SPX 0DTE long mention in any Pickles message.,"categories=['irrelevant', 'irrelevant'] -> label=0 High"
2024-03-03,0,High,,,,False,===================================================================== =====================================================================,2024-03-03.txt:6-8,model-draft,No SPX 0DTE long mention in any Pickles message.,"categories=['irrelevant', 'irrelevant', 'irrelevant'] -> label=0 High"
2024-03-04,0,High,,,,False,PCS & CCS 0DTE SPX to effectively make an IC 1 1,2024-03-04.txt:51-59,model-draft,SPX 0DTE activity is spread-only (credit/debit spreads). No directional long (N4).,first_qualifying=spread_only -> label=0 High
2024-03-08,0,High,,,,False,Good job weekly rangers! Cya next week!! 4 1 Pickles,2024-03-08.txt:6-16,model-draft,No SPX 0DTE long mention in any Pickles message.,categories=['irrelevant'] -> label=0 High
2024-03-10,0,High,,,,False,"===================================================================== ===================================================================== SUN, 10 MAR 2024 WEEKLY SPX RANGE, good luck weekly rangers!! NOTE --> RANGE ...",2024-03-10.txt:6-55,model-draft,No SPX 0DTE long mention in any Pickles message.,categories=['irrelevant'] -> label=0 High
2024-03-15,0,High,,,,False,good job weekly rangers! cya next week,2024-03-15.txt:12-16,model-draft,No SPX 0DTE long mention in any Pickles message.,"categories=['irrelevant', 'irrelevant'] -> label=0 High"
2024-03-17,0,High,,,,False,"SUN, 17 MAR 2024 We're starting to be showing overbought MOMO on the DAILY & WEEKLY Possible 4hr SUPPLY ZONE has formed ( need BoS- Break of Structure to confirm it ) OVERBOUGHT doesn't mean ""SELL OFF"" it could just g...",2024-03-17.txt:14-36,model-draft,No SPX 0DTE long mention in any Pickles message.,categories=['irrelevant'] -> label=0 High
2024-03-18,0,High,,,,False,0DTE SPX CCS just inside the PW HIGH,2024-03-18.txt:58-60,model-draft,SPX 0DTE activity is spread-only (credit/debit spreads). No directional long (N4).,first_qualifying=spread_only -> label=0 High
2024-03-20,0,High,,,,False,"first defense: convert the SHORT STRIKE of the CALL-SIDE of the IC into a CDS with FRI EXPIRY and BACK RATIO into positive DELTA to help offset the losses second defense: close out of CALL-SIDE of the IC at a loss, th...",2024-03-20.txt:68-76,model-draft,SPX 0DTE activity is spread-only (credit/debit spreads). No directional long (N4).,first_qualifying=spread_only -> label=0 High
2024-03-21,0,High,,,,False,Or just clench through?? Pickles high range officially breached,2024-03-21.txt:6-10,model-draft,No SPX 0DTE long mention in any Pickles message.,categories=['irrelevant'] -> label=0 High
2024-03-22,0,High,,,,False,"FRI, 22 MAR 2024 OVN INVENTORY was SHORT, with ASIA AM HIGH acting as ceiling that EURO could not break through. PAPER is down ~1% during PRE-MARKET. Few FED speakers today, but should not be much of an event as they'...",2024-03-22.txt:14-38,model-draft,No SPX 0DTE long mention in any Pickles message.,"categories=['irrelevant', 'irrelevant', 'irrelevant', 'irrelevant', 'irrelevant'] -> label=0 High"
2024-03-23,0,High,,,,False,Wow lmao Pickles,2024-03-23.txt:6-10,model-draft,No SPX 0DTE long mention in any Pickles message.,categories=['irrelevant'] -> label=0 High
2024-03-24,0,High,,,,False,"5115 - 5320 is SPX WEEKLY RANGE based on pre-weekend data CFDs are slightly lower, implying 5105 - 5310 Will have exact numbers when running the model later tonight",2024-03-24.txt:6-12,model-draft,No SPX 0DTE long mention in any Pickles message.,"categories=['irrelevant', 'irrelevant', 'irrelevant', 'irrelevant', 'irrelevant', 'irrelevant', 'irrelevant', 'irrelevant', 'irrelevant', 'irrelevant', 'irrelevant', 'irrelevant', 'irrelevant'] -> label=0 High"
2024-03-25,0,High,,,,False,"Today looks like a RANGE day, where selling premium is the way to go Will look at CCS near FRI HOD and wait a bit befire deciding on a PCS 2",2024-03-25.txt:6-12,model-draft,No SPX 0DTE long mention in any Pickles message.,"categories=['irrelevant', 'irrelevant'] -> label=0 High"
2024-03-26,0,High,,,,False,Today looks likes another RANGE DAY. PCS at MON LOD & CCS at FRI HOD 40 - 60% TP unless RTH PA turns out to be a slow melt up day 2,2024-03-26.txt:6-12,model-draft,No SPX 0DTE long mention in any Pickles message.,"categories=['irrelevant', 'irrelevant', 'irrelevant', 'irrelevant'] -> label=0 High"
2024-03-27,0,High,,,,False,"pop quiz time does ES: A) blast through the SUPPLY ZONE and make a NATH to wrap up EoM & 1Q 2024 B ) REJECT the SUPPLY ZONE and drop back down Does it happen OVN? RTH? If REJECTION, where is the SUPPORT? 5298? 5285? 5...",2024-03-27.txt:6-19,model-draft,No SPX 0DTE long mention in any Pickles message.,"categories=['irrelevant', 'irrelevant'] -> label=0 High"
2024-03-28,1,Medium,explicitly_claimed,15:13,,False,"sold those SPX CALLS at 14.50 and scaled down to 12.20, AVG fill at 13.96 2",2024-03-28.txt:40-46,model-draft,Side ambiguous from keywords; requires human review.,first_positive=explicitly_claimed side=none -> label=1 Medium
2024-03-31,0,High,,,,False,"SUN, 31 MAR 2024",2024-03-31.txt:12-16,model-draft,No SPX 0DTE long mention in any Pickles message.,"categories=['irrelevant', 'irrelevant'] -> label=0 High"
2024-04-01,0,High,,,,False,"CL being a troll, 1 penny from TP 3",2024-04-01.txt:6-10,model-draft,No SPX 0DTE long mention in any Pickles message.,"categories=['irrelevant', 'irrelevant', 'irrelevant'] -> label=0 High"
2024-04-03,0,High,,,,False,TP #4 hit for CL position 1,2024-04-03.txt:6-12,model-draft,No SPX 0DTE long mention in any Pickles message.,"categories=['irrelevant', 'irrelevant', 'irrelevant', 'irrelevant'] -> label=0 High"
2024-04-04,0,High,,,,False,Weekly low range is breached,2024-04-04.txt:6-8,model-draft,No SPX 0DTE long mention in any Pickles message.,"categories=['irrelevant', 'irrelevant'] -> label=0 High"
2024-04-05,0,High,,,,False,"GG, that was a clenchy one to wrap the week up. was going to deploy an active defense should FRI continued THUR down-trend, but the OVN INVENTORY was net LONG along with seeing yesterday as an over-extended sell-off f...",2024-04-05.txt:6-14,model-draft,No SPX 0DTE long mention in any Pickles message.,"categories=['irrelevant', 'irrelevant', 'irrelevant', 'irrelevant', 'irrelevant', 'irrelevant', 'irrelevant', 'irrelevant', 'irrelevant', 'irrelevant', 'irrelevant', 'irrelevant', 'irrelevant', 'irrelevant', 'irrelevant', 'irrelevant', 'irrelevant', 'irrelevant'] -> label=0 High"
2024-04-06,0,High,,,,False,Holy shit. Knowledge bomb Pickles,2024-04-06.txt:6-10,model-draft,No SPX 0DTE long mention in any Pickles message.,categories=['irrelevant'] -> label=0 High
2024-04-07,0,High,,,,False,Will scale into 5250 SPX 12 APR LONG CALLS tonight / tomorrow Thesis is first half of this week will follow FRI recovery for ES to re-test as far as 5300 ( ~5250 on SPX ) 2 1 1 1,2024-04-07.txt:27-39,model-draft,No SPX 0DTE long mention in any Pickles message.,categories=['irrelevant'] -> label=0 High
2024-04-08,0,High,,,,False,1 Pickles Click to see attachment 🖼️ Pickles,2024-04-08.txt:6-19,model-draft,No SPX 0DTE long mention in any Pickles message.,categories=['irrelevant'] -> label=0 High
2024-04-09,0,High,,,,False,trailing stop got triggered early this morning looking at re-entering some time today average price was $15.73 Pickles,2024-04-09.txt:6-16,model-draft,No SPX 0DTE long mention in any Pickles message.,categories=['irrelevant'] -> label=0 High
2024-04-10,0,High,,,,False,ES chart for OVN note not one tick above the GLOBEX OPEN ( NQ as well ),2024-04-10.txt:18-24,model-draft,No SPX 0DTE long mention in any Pickles message.,"categories=['irrelevant', 'irrelevant'] -> label=0 High"
2024-04-11,0,High,,,,False,"review of crayons from last night, turned the blue line into grey to not get confused with the EURO SESSION ( which i use blue for ) we see 5209.50 was our OVN H and EURO turned it into a sell-off until PPI came out t...",2024-04-11.txt:6-14,model-draft,No SPX 0DTE long mention in any Pickles message.,"categories=['irrelevant', 'irrelevant'] -> label=0 High"
2024-04-12,0,High,,,,False,"Good job weekly rangers, cya on SUN Pickles",2024-04-12.txt:6-12,model-draft,No SPX 0DTE long mention in any Pickles message.,categories=['irrelevant'] -> label=0 High
2024-04-14,0,High,,,,False,"===================================================================== ===================================================================== SUN, 14 APR 2024 Widest WEEKLY RANGE for the year to date FAQ --> https://dis...",2024-04-14.txt:6-26,model-draft,No SPX 0DTE long mention in any Pickles message.,categories=['irrelevant'] -> label=0 High
2024-04-15,0,High,,,,False,"MON, 15 APR 2024 OVN INVENTORY was LONG, with only the opening candle wicking below the GLOBEX OPEN, & EURO AM SESSION entirely above ASIA AM SESSION but coupled with a struggled to find a print into the 5200's on ES....",2024-04-15.txt:14-32,model-draft,No SPX 0DTE long mention in any Pickles message.,"categories=['irrelevant', 'irrelevant', 'irrelevant', 'irrelevant', 'irrelevant', 'irrelevant', 'irrelevant', 'irrelevant', 'irrelevant', 'irrelevant', 'irrelevant', 'irrelevant'] -> label=0 High"
2024-04-16,0,High,,,,False,what is going on here,2024-04-16.txt:47-47,model-draft,No SPX 0DTE long mention in any Pickles message.,categories=['irrelevant'] -> label=0 High
2024-04-19,0,High,,,,False,"I apologize for not keeping the channel updated with this trade, I was pre-occupied in another server, so I will copy over screenshots that showed my method of thinking / trading during FRI GLOBEX",2024-04-19.txt:24-26,model-draft,No SPX 0DTE long mention in any Pickles message.,"categories=['irrelevant', 'irrelevant', 'irrelevant', 'irrelevant', 'irrelevant', 'irrelevant', 'irrelevant'] -> label=0 High"
2024-04-21,0,High,,,,False,"===================================================================== ===================================================================== SUN, 21 APR 2024 WEEKLY RANGE is posted 2nd widest WEEKLY RANGE for the year ...",2024-04-21.txt:6-60,model-draft,No SPX 0DTE long mention in any Pickles message.,categories=['irrelevant'] -> label=0 High
2024-04-22,0,High,,,,False,"capital deployed = MAX LOSS to determine POSITION SIZE for example last week it was MAX LOSS $8,000 per IC. I run a static $100k port so it's as close to $100k deployed without going over, so $8,000 x 12 ICs = $96,000...",2024-04-22.txt:14-22,model-draft,No SPX 0DTE long mention in any Pickles message.,"categories=['irrelevant', 'irrelevant', 'irrelevant', 'irrelevant', 'irrelevant', 'irrelevant'] -> label=0 High"
2024-04-25,0,High,,,,False,"THURS, 25 APR 2024 OVN INVENTORY was LONG, however two notes: 1) All of GLOBEX is underneath WEDS RTH CLOSE & 2) ASIA printed both OVN H & OVN L ( EURO had a quick LOOK & FAIL top wick ) with EURO SESSION being muted ...",2024-04-25.txt:14-33,model-draft,No SPX 0DTE long mention in any Pickles message.,"categories=['irrelevant', 'irrelevant', 'irrelevant', 'irrelevant', 'irrelevant', 'irrelevant', 'irrelevant', 'irrelevant', 'irrelevant', 'irrelevant', 'irrelevant', 'irrelevant', 'irrelevant', 'irrelevant', 'irrelevant', 'irrelevant', 'irrelevant'] -> label=0 High"
2024-04-26,0,High,,,,False,"WEEKLY IC UPDATE exited SHORT CALLS at BREAK-EVEN, so profit this week will entirely be from the now deep in the zero-BID realm of the SHORT PUTS at 4765 1",2024-04-26.txt:49-55,model-draft,No SPX 0DTE long mention in any Pickles message.,"categories=['irrelevant', 'irrelevant', 'irrelevant'] -> label=0 High"
2024-04-29,0,High,,,,False,I will have the official WEEKLY RANGE CHART up later tonight. I need another nap 1,2024-04-29.txt:28-32,model-draft,No SPX 0DTE long mention in any Pickles message.,categories=['irrelevant'] -> label=0 High
2024-04-30,1,Medium,executed,17:46,,False,"I am TOTALLY in favor of HEDGING a SHORT SPX POSITION by going LONG FUTURES it's much, much better than the reverse ( LONG SPX & HEDGE with SHORT FUTURES )",2024-04-30.txt:164-166,model-draft,Side ambiguous from keywords; requires human review.,first_positive=executed_long_directional side=none -> label=1 Medium
2024-05-01,0,High,,,,False,,2024-05-01.txt:0,model-draft,No Pickles-authored content in file.,no_pickles_messages -> label=0 High
2024-05-02,0,High,,,,False,"when i first started? it was FOREX, JPY / EUR / GBP with USD pairs then i discovered index options & index futures, now it's a blend of that as 90% of my day-trades and i can't remember the last time i traded FOREX 1",2024-05-02.txt:22-28,model-draft,No SPX 0DTE long mention in any Pickles message.,"categories=['irrelevant', 'irrelevant', 'irrelevant', 'irrelevant', 'irrelevant', 'irrelevant', 'irrelevant'] -> label=0 High"
2024-05-03,0,High,,,,False,"Calling it a day for an early weekend posting the WEEKLY CHART a bit early, SPX would need a ~3 SIGMA move in 4 hours to break the SHORT CALLS at 5265 - a 0.28% probability ( not even going to try calculating the SHOR...",2024-05-03.txt:16-28,model-draft,No SPX 0DTE long mention in any Pickles message.,"categories=['irrelevant', 'irrelevant'] -> label=0 High"
2024-05-04,0,High,,,,False,"fees & slippage: FEES if this was one CCS, fees are going to be around ~$3.3( let's say $1.65 per contract = 1.65 x 2 = $3.3 ) fees for 1 ES going to be ~$2.25 one-way and $4.50 round-trip total fees somewhere in the ...",2024-05-04.txt:119-147,model-draft,No SPX 0DTE long mention in any Pickles message.,"categories=['irrelevant', 'irrelevant', 'irrelevant', 'irrelevant', 'irrelevant', 'irrelevant', 'irrelevant', 'irrelevant', 'irrelevant', 'irrelevant', 'irrelevant', 'irrelevant', 'irrelevant'] -> label=0 High"
2024-05-05,0,High,,,,False,added another MACRO LEVEL to the list --> 5308.50 ES full list --> https://discord.com/channels/1026265666552090676/1163592216523055164/1165839923497148467 1 1,2024-05-05.txt:36-47,model-draft,No SPX 0DTE long mention in any Pickles message.,"categories=['irrelevant', 'irrelevant'] -> label=0 High"
2024-05-06,0,High,,,,False,"TP 2 at 18200 NQ was there for less than one, 1m candle, only managed to sell 4 contracts before price dipped back below 200 Pickles",2024-05-06.txt:6-12,model-draft,No SPX 0DTE long mention in any Pickles message.,categories=['irrelevant'] -> label=0 High
2024-05-07,0,High,,,,False,NQ being a bigger tease than that girl i had a crush on in high school who was just using me to help her with her chemistry homework 3 1,2024-05-07.txt:6-12,model-draft,No SPX 0DTE long mention in any Pickles message.,"categories=['irrelevant', 'irrelevant', 'irrelevant'] -> label=0 High"
2024-05-08,0,High,,,,False,"Should the data releases result in a lift in the markets, I'll be watching NQ to tap / get close to 400 to hit TP 3, and look for the final exit on my NQ LONG position, to start building into another multi-week CL LON...",2024-05-08.txt:42-48,model-draft,No SPX 0DTE long mention in any Pickles message.,categories=['irrelevant'] -> label=0 High
2024-05-09,1,High,executed,10:21,call,False,this ZONE tops out at 5222 ES 5223 - 5225 and pickles is going into SPX LONG CALLS and TP on approach to entering 5240s on ES,2024-05-09.txt:144-148,model-draft,,first_positive=executed_long_directional side=call -> label=1 High
2024-05-10,0,High,,,,False,,2024-05-10.txt:0,model-draft,No Pickles-authored content in file.,no_pickles_messages -> label=0 High
2024-05-12,0,High,,,,False,"===================================================================== ===================================================================== SUN, 12 MAY 2024 WEEKLY RANGE is posted FAQ --> https://discord.com/channels/...",2024-05-12.txt:6-39,model-draft,No SPX 0DTE long mention in any Pickles message.,categories=['irrelevant'] -> label=0 High
2024-05-14,1,High,executed,09:13,call,False,"snuck in a few SPX LONG 0DTE CALLS before the 15 minute cool-down window, will TP likely within OPENING DRIVE 2",2024-05-14.txt:46-54,model-draft,,first_positive=executed_long_directional side=call -> label=1 High
2024-05-15,0,High,,,,False,LONG NQ at 520 & 530,2024-05-15.txt:35-35,model-draft,No SPX 0DTE long mention in any Pickles message.,"categories=['irrelevant', 'irrelevant', 'irrelevant', 'irrelevant', 'irrelevant', 'irrelevant', 'irrelevant', 'irrelevant', 'irrelevant', 'irrelevant', 'irrelevant', 'irrelevant', 'irrelevant', 'irrelevant', 'irrelevant', 'irrelevant', 'irrelevant', 'irrelevant', 'irrelevant', 'irrelevant', 'irrelevant', 'irrelevant', 'irrelevant', 'irrelevant'] -> label=0 High"
2024-05-16,0,High,,,,False,0DTE SPX PCS,2024-05-16.txt:184-188,model-draft,SPX 0DTE activity is spread-only (credit/debit spreads). No directional long (N4).,first_qualifying=spread_only -> label=0 High
2024-05-17,0,High,,,,False,"FRI, 17 MAY 2024 OVN INVENTORY was net LONG, with only a brief dip below GLOBEX OPEN, ASIA AM SESSION being the HVN consolidation area for OVN & ASIA printing the OVNH with EURO printing OVNL A couple FED speakers tod...",2024-05-17.txt:14-44,model-draft,No SPX 0DTE long mention in any Pickles message.,"categories=['irrelevant', 'irrelevant', 'irrelevant', 'irrelevant', 'irrelevant', 'irrelevant', 'irrelevant', 'irrelevant', 'irrelevant', 'irrelevant', 'irrelevant', 'irrelevant', 'irrelevant', 'irrelevant', 'irrelevant', 'irrelevant', 'irrelevant', 'irrelevant', 'irrelevant', 'irrelevant', 'irrelevant', 'irrelevant', 'irrelevant', 'irrelevant', 'irrelevant', 'irrelevant'] -> label=0 High"
2024-05-19,0,High,,,,False,"===================================================================== ===================================================================== SUN, 19 MAY 2024 WEEKLY RANGE is posted This week one of the smallest range o...",2024-05-19.txt:6-37,model-draft,No SPX 0DTE long mention in any Pickles message.,"categories=['irrelevant', 'irrelevant', 'irrelevant', 'irrelevant', 'irrelevant', 'irrelevant', 'irrelevant', 'irrelevant', 'irrelevant', 'irrelevant', 'irrelevant'] -> label=0 High"
2024-05-20,0,High,,,,False,"MON, 20 MAY 2024 OVN INVENTORY was LONG, weekend GAP UP and not yet a RE-AUCTION to fill it ( likely filled during today's RTH or at the latest TUES, if not by then, not at all ). EURO AM SPLIT DOWN from ASIA AM, The ...",2024-05-20.txt:14-46,model-draft,No SPX 0DTE long mention in any Pickles message.,"categories=['irrelevant', 'irrelevant', 'irrelevant'] -> label=0 High"
2024-05-21,0,High,,,,False,OVN INVENTORY was LONG with majority of PA occurring above GLOBEX OPEN. EURO printed both the OVNH & OVNL with price hanging around WEEKLY POC & under WVWAP. CL is down -2% while EQUITIES / XLE haven't re-acted. There...,2024-05-21.txt:14-38,model-draft,No SPX 0DTE long mention in any Pickles message.,"categories=['irrelevant', 'irrelevant', 'irrelevant', 'irrelevant', 'irrelevant', 'irrelevant', 'irrelevant', 'irrelevant'] -> label=0 High"
2024-05-22,0,High,,,,False,"WEDS, 22 MAY 2024 OVN INVENTORY was SHORT, with ASIA printing OVNH, EURO SESSION being completely beneath ASIA & also printing the OVNL, with price hovering above the WEEKLY POC to use as a support 'shelf'. CL is down...",2024-05-22.txt:14-42,model-draft,No SPX 0DTE long mention in any Pickles message.,"categories=['irrelevant', 'irrelevant', 'irrelevant', 'irrelevant', 'irrelevant', 'irrelevant', 'irrelevant', 'irrelevant', 'irrelevant', 'irrelevant', 'irrelevant', 'irrelevant', 'irrelevant', 'irrelevant', 'irrelevant', 'irrelevant', 'irrelevant'] -> label=0 High"
2024-05-24,0,High,,,,False,"posting this a bit early, but i'm very confident SPX is not doing a 100 point move in the next hour GG weekly rangers, cya next week! 1",2024-05-24.txt:6-13,model-draft,No SPX 0DTE long mention in any Pickles message.,"categories=['irrelevant', 'irrelevant'] -> label=0 High"
2024-05-27,0,High,,,,False,"===================================================================== ===================================================================== SUN, 27 MAY 2024 WEEKLY RANGE is posted This week is two points from tieing t...",2024-05-27.txt:6-39,model-draft,No SPX 0DTE long mention in any Pickles message.,"categories=['irrelevant', 'irrelevant'] -> label=0 High"
2024-05-31,0,High,,,,False,"What a wild way EoM flow & JPM ROLL to wrap up the week, a 50 point rip in the last 20 minutes GG weekly rangers, cya next week! 1 1 1",2024-05-31.txt:26-38,model-draft,No SPX 0DTE long mention in any Pickles message.,categories=['irrelevant'] -> label=0 High
2024-06-02,0,High,,,,False,https://discord.com/channels/1026265666552090676/1053865549811171458/1246222586384224340,2024-06-02.txt:14-16,model-draft,No SPX 0DTE long mention in any Pickles message.,"categories=['irrelevant', 'irrelevant', 'irrelevant'] -> label=0 High"
2024-06-03,0,High,,,,False,"goddamn you are banging in so much money with this bull market Pickles ===================================================================== ===================================================================== SUN, 2...",2024-06-03.txt:6-34,model-draft,No SPX 0DTE long mention in any Pickles message.,categories=['irrelevant'] -> label=0 High
2024-06-04,0,High,,,,False,"In the Capital column, is that amount always in this trading account of yours / is your BP always going to revolve around the Capital $$ amount?",2024-06-04.txt:6-6,model-draft,No SPX 0DTE long mention in any Pickles message.,"categories=['irrelevant', 'irrelevant'] -> label=0 High"
2024-06-05,0,High,,,,False,amazing what a a few percentage points per week can do for a port over time 1,2024-06-05.txt:22-26,model-draft,No SPX 0DTE long mention in any Pickles message.,categories=['irrelevant'] -> label=0 High
2024-06-06,0,High,,,,False,"added more to SHORT NQ, new AVG / BREAK EVEN --> 047 1 1 1 1",2024-06-06.txt:6-16,model-draft,No SPX 0DTE long mention in any Pickles message.,"categories=['irrelevant', 'irrelevant', 'irrelevant', 'irrelevant'] -> label=0 High"
2024-06-07,0,High,,,,False,"I did something a little different this week: PREMIUM loaded into the CALL-SIDE WEDS and instead of fully scaling into position by TUES AM SESSION and experiencing drawdown during middle of week, I held back the last ...",2024-06-07.txt:6-22,model-draft,No SPX 0DTE long mention in any Pickles message.,"categories=['irrelevant', 'irrelevant'] -> label=0 High"
2024-06-09,0,High,,,,False,"===================================================================== ===================================================================== SUN, 9 JUN 2024 WEEKLY RANGE is posted RANGE has expanded VOLATILITY more to ...",2024-06-09.txt:6-32,model-draft,No SPX 0DTE long mention in any Pickles message.,categories=['irrelevant'] -> label=0 High
2024-06-10,0,High,,,,False,0DTE SPX CCS,2024-06-10.txt:57-59,model-draft,SPX 0DTE activity is spread-only (credit/debit spreads). No directional long (N4).,first_qualifying=spread_only -> label=0 High
2024-06-12,0,High,,,,False,"WEDS, 12 JUN 2024 OVN INVENTORY was LONG, HH & HL printed in both ASIA & EURO SESSIONS, with only brief dips below VWAP otherwise spending most of GLOBEX trending on +1 VWAP. CL up over 1% & 10YR being lethargic befor...",2024-06-12.txt:14-35,model-draft,No SPX 0DTE long mention in any Pickles message.,"categories=['irrelevant', 'irrelevant', 'irrelevant', 'irrelevant', 'irrelevant'] -> label=0 High"
2024-06-13,1,High,executed,10:44,put,False,SPX LONG PUTS 1,2024-06-13.txt:126-130,model-draft,,first_positive=executed_long_directional side=put -> label=1 High
2024-06-14,0,High,,,,False,"GG weekly rangers, see you next week! 2 Pickles",2024-06-14.txt:6-14,model-draft,No SPX 0DTE long mention in any Pickles message.,categories=['irrelevant'] -> label=0 High
2024-06-16,0,High,,,,False,"SPX MODEL is giving 12 total contracts, I will enter 8 on MON - TUES, then hold off until THURS GLOBEX to enter the final 4 1",2024-06-16.txt:30-34,model-draft,No SPX 0DTE long mention in any Pickles message.,categories=['irrelevant'] -> label=0 High
2024-06-17,0,High,,,,False,"MON, 17 JUN 2024 OVN INVENTORY was SHORT, with EURO SESSION printing an EXPANDED RANGE on both sides of the ASIA SESSION and both OVNH & OVNL. This is a prime set up to trade the break out from this RANGE, or quick sc...",2024-06-17.txt:14-45,model-draft,No SPX 0DTE long mention in any Pickles message.,"categories=['irrelevant', 'irrelevant', 'irrelevant', 'irrelevant', 'irrelevant', 'irrelevant', 'irrelevant', 'irrelevant', 'irrelevant', 'irrelevant', 'irrelevant', 'irrelevant', 'irrelevant', 'irrelevant', 'irrelevant', 'irrelevant'] -> label=0 High"
2024-06-18,0,High,,,,False,"TUES, 18 JUN 2024 OVN INVENTORY was SHORT, with one brief stay above GLOBEX during ELECTRONICS SESSION to spend the rest of OVN testing GLOBEX from below. CL flat, with DXY & 10-YR been grinding higher since GLOBEX OP...",2024-06-18.txt:14-37,model-draft,No SPX 0DTE long mention in any Pickles message.,"categories=['irrelevant', 'irrelevant', 'irrelevant', 'irrelevant', 'irrelevant'] -> label=0 High"
2024-06-20,1,High,executed,09:40,put,False,0DTE SPX LONG PUTS 2,2024-06-20.txt:106-110,model-draft,,first_positive=executed_long_directional side=put -> label=1 High
2024-06-21,0,Low,,,,False,LONG 0DTE SPX PUTS,2024-06-21.txt:53-55,model-draft,"AMBIGUOUS: keyword hit but the decision tree could not cleanly resolve the category (saw: ['irrelevant', 'irrelevant', 'ambiguous', 'irrelevant', 'irrelevant', 'irrelevant', 'irrelevant', 'irrelevant', 'irrelevant', 'irrelevant', 'irrelevant', 'irrelevant', 'irrelevant', 'irrelevant', 'irrelevant', 'irrelevant', 'irrelevant', 'irrelevant', 'irrelevant', 'irrelevant', 'irrelevant']). Human review required; shadow file.","categories=['irrelevant', 'irrelevant', 'ambiguous', 'irrelevant', 'irrelevant', 'irrelevant', 'irrelevant', 'irrelevant', 'irrelevant', 'irrelevant', 'irrelevant', 'irrelevant', 'irrelevant', 'irrelevant', 'irrelevant', 'irrelevant', 'irrelevant', 'irrelevant', 'irrelevant', 'irrelevant', 'irrelevant'] -> AMBIGUOUS Low"
2024-06-23,0,High,,,,False,"MODEL is calling for 11 CONTRACTS, 9 will be entered MON - TUES AM, the last 3 will be scaled in later to ( hopefully ) capture more PREMIUM",2024-06-23.txt:32-34,model-draft,No SPX 0DTE long mention in any Pickles message.,categories=['irrelevant'] -> label=0 High
2024-06-24,0,High,,,,False,"MON, 24 JUN 2024 OVN INVENTORY was SHORT, with ASIA printing the OVNL & EURO the OVNH recovery, with PRICE staying underneath GLOBEX OPEN majority of OVN. CL & 10-YR TREND UP since ASIA SESSION, and DXY TREND DOWN sin...",2024-06-24.txt:18-39,model-draft,No SPX 0DTE long mention in any Pickles message.,categories=['irrelevant'] -> label=0 High
2024-06-25,0,High,,,,False,===================================================================== =====================================================================,2024-06-25.txt:6-8,model-draft,No SPX 0DTE long mention in any Pickles message.,"categories=['irrelevant', 'irrelevant'] -> label=0 High"
2024-06-28,0,High,,,,False,JPM COLLAR ROLL notes (fund 1 June 2024 to September 2024): roll happened at 1410 EST size 39.6k vs 5483.56 spot Size increased from 37.5k used 14.7k 5330c 0DTE as COUNTER DELTA -5770c $34.42 --> 31.22 +5185p $42.08 -...,2024-06-28.txt:70-87,model-draft,Keyword hits only reference third-party trades (e.g. JPM roll commentary). Not Pickles' own execution.,"categories=['irrelevant', 'irrelevant', 'irrelevant', 'third_party'] -> label=0 High"
2024-06-30,0,High,,,,False,"===================================================================== ===================================================================== SUN, 30 JUN 2024 RANGE is very close to PREVIOUS WEEK, with the numbers comin...",2024-06-30.txt:6-31,model-draft,No SPX 0DTE long mention in any Pickles message.,categories=['irrelevant'] -> label=0 High
2024-07-01,0,High,,,,False,,2024-07-01.txt:0,model-draft,No Pickles-authored content in file.,no_pickles_messages -> label=0 High
2024-07-03,0,High,,,,False,,2024-07-03.txt:0,model-draft,No Pickles-authored content in file.,no_pickles_messages -> label=0 High
