member,feature,horizon_minutes,sign,n_sessions,measured_raw_ic,excess_wild,excess_wild_se,excess_wild_maxT_p,excess_block,excess_block_p,sign_stable_folds,nulls_agree,status,control_excess,control_maxT_p,fold0_mean_excess,fold1_mean_excess,fold2_mean_excess,fold3_mean_excess,fold4_mean_excess
omar_clipped_neg3_pos3|60m|-,omar_clipped_neg3_pos3,60,-,213,0.5217198901738914,0.07798695109615199,0.015872497233990136,4.999750012499375e-05,0.10683243456174724,9.721366031989349e-11,5,True,EXCESS_SURVIVES,-0.015277741539615704,1.0,0.07021584102735497,0.13954521807807851,0.06876802490789453,0.06601937604046743,0.06321313476709138
omar_clipped_neg3_pos3|15m|-,omar_clipped_neg3_pos3,15,-,213,0.32455748695220465,0.05209812413780706,0.011097380914943004,0.00014999250037498125,0.062189212577770575,4.715221540096793e-09,5,True,EXCESS_SURVIVES,-0.00452722307099497,1.0,0.0341932867741516,0.08398394946033741,0.04040923873092702,0.08588111517407213,0.0339727542921165
omar_clipped_neg3_pos3|30m|-,omar_clipped_neg3_pos3,30,-,213,0.4187646029320599,0.06343936430630727,0.01399872885189344,0.000199990000499975,0.08404061198610517,2.6953151214576402e-09,5,True,EXCESS_SURVIVES,-0.013218717591480548,1.0,0.052854011706883856,0.1295852200374408,0.04013589018348463,0.07908257788562019,0.0348361756392024
momentum_5m_bps|30m|-,momentum_5m_bps,30,-,213,0.08117172591547687,0.024249956286242085,0.008684990099240826,0.06244687765611719,0.0018529246855411045,0.3986460604114576,5,False,NO_EXCESS,-0.001869693540564013,1.0,0.029468697963002097,0.04470627647826976,0.024451858939258633,0.030551129804327705,0.014023844685782971
momentum_5m_bps|15m|-,momentum_5m_bps,15,-,213,0.06040977635624562,0.02281567226336669,0.008576923569537301,0.08934553272336383,-0.00413558946844687,0.773119922124352,5,False,NO_EXCESS,-0.01075756385624315,1.0,0.020547141988406736,0.00217867872410595,0.03110299761882804,0.03249539485201835,0.030697834408206115
momentum_5m_over_session_range|30m|-,momentum_5m_over_session_range,30,-,213,0.07109179003874089,0.023439732907226455,0.008857296509653886,0.09249537523123844,0.0019048211023730921,0.39795100168335157,5,False,NO_EXCESS,-0.00021357004858523694,1.0,0.025327739725971597,0.047923684265384306,0.025417141960755073,0.03195228385768411,0.011089642015767672
momentum_5m_over_session_range|15m|-,momentum_5m_over_session_range,15,-,213,0.052283906769090054,0.02178817305009876,0.008686293510801477,0.12764361781910905,-0.004409048360751872,0.7813702029796343,5,False,NO_EXCESS,-0.009589465585247675,1.0,0.018853595226335753,0.003046359036816735,0.03179598909151515,0.029844601990953297,0.031151080504375143
spx_vwap_gap_bps|15m|-,spx_vwap_gap_bps,15,-,213,0.29089344059829614,0.025814968678425365,0.011274584377657191,0.208039598020099,0.02825992615728759,0.004358628462813484,5,True,NO_EXCESS,-0.0059606339680698325,1.0,0.01641677495592841,0.06862782883139434,0.016720898058452924,0.03842965094681859,0.006455343532719871
spx_vwap_gap_points|15m|-,spx_vwap_gap_points,15,-,213,0.2908259407508549,0.02573801815392518,0.011275835704763343,0.21083945802709864,0.028186654309221286,0.004448460037316656,5,True,NO_EXCESS,-0.005925544233642097,1.0,0.016181189376776747,0.06843434674914119,0.016546995813670556,0.03856247256685103,0.006446236355471727
spx_vwap_gap_bps|60m|-,spx_vwap_gap_bps,60,-,213,0.47872675985218,0.03740985144475855,0.017306009097857195,0.2686865656717164,0.05418257954230671,0.001021432552612297,5,True,NO_EXCESS,-0.016256405903567302,1.0,0.025394384213487622,0.09323517821438156,0.010078274912601224,0.031266448861742624,0.03833074256087199
spx_vwap_gap_points|60m|-,spx_vwap_gap_points,60,-,213,0.4787317562969434,0.03740859440268504,0.01730612702640547,0.2687365631718414,0.05418429428142213,0.001020614916491819,5,True,NO_EXCESS,-0.016260774417576025,1.0,0.025321484058166158,0.09322545829752457,0.01000358804884091,0.03133447911732261,0.03837007084785734
spx_vwap_gap_over_session_range|15m|-,spx_vwap_gap_over_session_range,15,-,213,0.22581939077464222,0.02255029203001062,0.011828760814840897,0.42522873856307186,0.015511882963632904,0.07841439193895929,4,False,NO_EXCESS,-0.004621674760572591,1.0,-0.010932178414912461,0.07659276686240378,0.021249333351347616,0.02682742125598163,0.008378645895649432
momentum_15m_over_session_range|15m|-,momentum_15m_over_session_range,15,-,213,0.0694204081908274,0.022782645543042566,0.012390016618634037,0.47087645617719115,-0.004233050216030453,0.678082252172705,5,False,NO_EXCESS,-0.001015248199619964,1.0,0.02840628994794633,0.020267972022753968,0.039672814297472575,0.04235632590105071,0.02768707489848971
momentum_15m_bps|15m|-,momentum_15m_bps,15,-,213,0.08221485817123529,0.022345523997911558,0.012231807662084954,0.47982600869956504,-0.006207947278030022,0.7552682932073713,5,False,NO_EXCESS,-0.001945296564330265,1.0,0.026642519487183353,0.01696602254302644,0.03475275393656214,0.0480866687239571,0.029714550560741647
spx_vwap_gap_bps|30m|-,spx_vwap_gap_bps,30,-,213,0.37419773755454183,0.026393586594367958,0.014553372824654676,0.49027548622568873,0.03692254502547524,0.005438031734078709,5,True,NO_EXCESS,-0.011597860191888807,1.0,0.015212247140342508,0.09484808822078462,0.0014200993716744063,0.03323812326012998,0.0013204669891975335
spx_vwap_gap_points|30m|-,spx_vwap_gap_points,30,-,213,0.3741632021323045,0.026351736970160803,0.014555542943412453,0.49242537873106346,0.03688220414567058,0.005487398343170477,5,True,NO_EXCESS,-0.011592097426123636,1.0,0.015051518132892697,0.09473091974647306,0.0012944018190145234,0.033344441004743146,0.0013054953343885993
momentum_15m_over_session_range|30m|-,momentum_15m_over_session_range,30,-,213,0.08794689882335266,0.017142956994421456,0.013007968651035743,0.8290585470726464,-0.004809983955370477,0.66379088329628,4,False,NO_EXCESS,-0.001722656616362281,1.0,0.0130677242494164,0.06520302745633984,0.005875135161492394,0.03996589598762312,-0.02372666296972581
momentum_15m_bps|30m|-,momentum_15m_bps,30,-,213,0.10435836510965733,0.016251591696149686,0.012655453620754714,0.8493075346232688,-0.007775835333927702,0.7589413823151794,4,False,NO_EXCESS,-0.0037931322110396895,1.0,0.013140766836907373,0.060787498741065024,0.0017541331498909447,0.03870945943911885,-0.018949659465011696
minute_of_session|60m|-,minute_of_session,60,-,213,0.03777023993001249,0.03787277120908088,0.030500594029721054,0.8728063596820159,0.03896901186872886,0.10420268284549712,5,False,NO_EXCESS,-0.0013059955662556343,1.0,0.004514269787747569,0.1023670409646759,0.1316901708061211,0.03823951033603922,0.04479996918571451
minute_of_session|30m|-,minute_of_session,30,-,213,0.024544507613218837,0.02448598148666017,0.02242523760137449,0.936003199840008,0.025585114336522417,0.1302282242046232,4,False,NO_EXCESS,-0.005690094770388449,1.0,-0.04774826931546483,0.05524272563606681,0.1085303103590616,0.04774361560579174,0.04691624025788375
spx_vwap_gap_over_session_range|30m|-,spx_vwap_gap_over_session_range,30,-,213,0.2867205725650647,0.016352548300947133,0.015328497920359981,0.9441027948602569,0.016827799460629695,0.1323829204988553,2,False,NO_EXCESS,-0.011330818519214353,1.0,-0.025802614222738898,0.10362495324248946,-0.01959830679639808,0.020308865523606,-0.0116588918344785
minute_of_session|15m|-,minute_of_session,15,-,213,0.016130897815983238,0.015852970918905918,0.015247808925862824,0.9507524623768812,0.017430564516911624,0.12943704402938822,4,False,NO_EXCESS,-0.003985717032152586,1.0,-0.03946538272029104,0.02440051736663639,0.050525116082420655,0.04908082957182337,0.03824043492227963
session_range_bps|15m|+,session_range_bps,15,+,213,0.1287710589420076,0.01582809228050531,0.018154141389187396,0.9857507124643767,0.03412196378572224,0.03133572266153005,1,True,NO_EXCESS,-0.003796747836947154,1.0,0.06474298783884024,-0.0010313005917990884,-0.010365686592104226,-0.012608669724731,-0.019083479857324313
spx_vwap_gap_over_session_range|60m|-,spx_vwap_gap_over_session_range,60,-,213,0.3637263649476061,0.011144061586084318,0.017771419646334205,0.99930003499825,0.019459804383858362,0.13733280039322698,3,False,NO_EXCESS,-0.026853614027082803,1.0,-0.035957937652264016,0.07047448935726833,-0.03457062888795004,0.014904991498663448,0.0006104842830125868
session_range_bps|30m|+,session_range_bps,30,+,213,0.13420684847172668,0.01289163657400341,0.02473642154726974,0.999950002499875,0.037843283124620604,0.06389932997622211,1,False,NO_EXCESS,-0.0018382701743283629,1.0,0.0691476597702687,-0.018421329704437054,-0.051547191422133064,-0.010039451525592323,-0.026162651867078678
session_range_bps|60m|+,session_range_bps,60,+,213,0.12669666417751604,0.003722529714719089,0.03202151959132247,1.0,0.03429935524229928,0.14343883443306177,2,False,NO_EXCESS,-0.006504443207816983,1.0,0.02807160242402026,-0.059449541262480886,-0.08912774467842212,0.0083383538680296,-0.038615250566770315
momentum_5m_bps|60m|-,momentum_5m_bps,60,-,213,0.08605389981968549,0.0032002314703954747,0.007396552058517327,1.0,-0.013370334626608592,0.9722379696987862,1,False,NO_EXCESS,-0.013519868278240645,1.0,-0.011153390165947045,0.01965795192709032,-0.0056546161448530075,-0.001646944158594108,-0.014898538843678656
momentum_15m_over_session_range|60m|-,momentum_15m_over_session_range,60,-,213,0.10945073053807153,0.002933428306590929,0.012561245628161135,1.0,-0.0116590495771877,0.8319775731059598,2,False,NO_EXCESS,-0.019078858556261895,1.0,-0.02862963940047339,0.04042425772776051,-0.03411456776840412,0.0034423858699337844,-0.023162206904350568
momentum_5m_over_session_range|60m|-,momentum_5m_over_session_range,60,-,213,0.07320959997412732,0.0023116022549521174,0.007725457408581593,1.0,-0.013051133462580826,0.9632211623870536,1,False,NO_EXCESS,-0.013351613510928102,1.0,-0.01864873785013005,0.02257302774018056,-0.005596662617958163,-0.0018373707226293366,-0.016413388761770065
momentum_15m_bps|60m|-,momentum_15m_bps,60,-,213,0.1302939097373627,0.0013120106397946476,0.012052639133968522,1.0,-0.0163790815245138,0.920321472464035,1,False,NO_EXCESS,-0.01792762046263869,1.0,-0.024194719454229206,0.037446827110063495,-0.0351372534316355,-8.332275786165153e-05,-0.021517729664260188
momentum_15m_bps|60m|+,momentum_15m_bps,60,+,213,-0.1302939097373627,-0.0013120106397946476,0.012052639133968522,1.0,0.0163790815245138,0.07967852753596498,1,False,NO_EXCESS,0.01792762046263869,0.7143142842857857,0.024194719454229206,-0.037446827110063495,0.0351372534316355,8.332275786165153e-05,0.021517729664260188
momentum_5m_over_session_range|60m|+,momentum_5m_over_session_range,60,+,213,-0.07320959997412732,-0.0023116022549521174,0.007725457408581593,1.0,0.013051133462580826,0.03677883761294636,1,False,NO_EXCESS,0.013351613510928102,0.5723213839308035,0.01864873785013005,-0.02257302774018056,0.005596662617958163,0.0018373707226293366,0.016413388761770065
momentum_15m_over_session_range|60m|+,momentum_15m_over_session_range,60,+,213,-0.10945073053807153,-0.002933428306590929,0.012561245628161135,1.0,0.0116590495771877,0.16802242689404018,2,False,NO_EXCESS,0.019078858556261895,0.712264386780661,0.02862963940047339,-0.04042425772776051,0.03411456776840412,-0.0034423858699337844,0.023162206904350568
momentum_5m_bps|60m|+,momentum_5m_bps,60,+,213,-0.08605389981968549,-0.0032002314703954747,0.007396552058517327,1.0,0.013370334626608592,0.027762030301213825,1,False,NO_EXCESS,0.013519868278240645,0.4919754012299385,0.011153390165947045,-0.01965795192709032,0.0056546161448530075,0.001646944158594108,0.014898538843678656
session_range_bps|60m|-,session_range_bps,60,-,213,-0.12669666417751604,-0.003722529714719089,0.03202151959132247,1.0,-0.03429935524229928,0.8565611655669383,2,False,NO_EXCESS,0.006504443207816983,1.0,-0.02807160242402026,0.059449541262480886,0.08912774467842212,-0.0083383538680296,0.038615250566770315
spx_vwap_gap_over_session_range|60m|+,spx_vwap_gap_over_session_range,60,+,213,-0.3637263649476061,-0.011144061586084318,0.017771419646334205,1.0,-0.019459804383858362,0.862667199606773,3,False,NO_EXCESS,0.026853614027082803,0.7855107244637768,0.035957937652264016,-0.07047448935726833,0.03457062888795004,-0.014904991498663448,-0.0006104842830125868
session_range_bps|30m|-,session_range_bps,30,-,213,-0.13420684847172668,-0.01289163657400341,0.02473642154726974,1.0,-0.037843283124620604,0.936100670023778,1,False,NO_EXCESS,0.0018382701743283629,1.0,-0.0691476597702687,0.018421329704437054,0.051547191422133064,0.010039451525592323,0.026162651867078678
session_range_bps|15m|-,session_range_bps,15,-,213,-0.1287710589420076,-0.01582809228050531,0.018154141389187396,1.0,-0.03412196378572224,0.9686642773384699,1,False,NO_EXCESS,0.003796747836947154,1.0,-0.06474298783884024,0.0010313005917990884,0.010365686592104226,0.012608669724731,0.019083479857324313
minute_of_session|15m|+,minute_of_session,15,+,213,-0.016130897815983238,-0.015852970918905918,0.015247808925862824,1.0,-0.017430564516911624,0.8705629559706118,4,False,NO_EXCESS,0.003985717032152586,1.0,0.03946538272029104,-0.02440051736663639,-0.050525116082420655,-0.04908082957182337,-0.03824043492227963
momentum_15m_bps|30m|+,momentum_15m_bps,30,+,213,-0.10435836510965733,-0.016251591696149686,0.012655453620754714,1.0,0.007775835333927702,0.24105861768482056,4,False,NO_EXCESS,0.0037931322110396895,1.0,-0.013140766836907373,-0.060787498741065024,-0.0017541331498909447,-0.03870945943911885,0.018949659465011696
spx_vwap_gap_over_session_range|30m|+,spx_vwap_gap_over_session_range,30,+,213,-0.2867205725650647,-0.016352548300947133,0.015328497920359981,1.0,-0.016827799460629695,0.8676170795011446,2,False,NO_EXCESS,0.011330818519214353,0.9965501724913755,0.025802614222738898,-0.10362495324248946,0.01959830679639808,-0.020308865523606,0.0116588918344785
momentum_15m_over_session_range|30m|+,momentum_15m_over_session_range,30,+,213,-0.08794689882335266,-0.017142956994421456,0.013007968651035743,1.0,0.004809983955370477,0.3362091167037199,4,False,NO_EXCESS,0.001722656616362281,1.0,-0.0130677242494164,-0.06520302745633984,-0.005875135161492394,-0.03996589598762312,0.02372666296972581
momentum_5m_over_session_range|15m|+,momentum_5m_over_session_range,15,+,213,-0.052283906769090054,-0.02178817305009876,0.008686293510801477,1.0,0.004409048360751872,0.2186297970203656,5,False,NO_EXCESS,0.009589465585247675,0.9109044547772611,-0.018853595226335753,-0.003046359036816735,-0.03179598909151515,-0.029844601990953297,-0.031151080504375143
momentum_15m_bps|15m|+,momentum_15m_bps,15,+,213,-0.08221485817123529,-0.022345523997911558,0.012231807662084954,1.0,0.006207947278030022,0.24473170679262868,5,False,NO_EXCESS,0.001945296564330265,1.0,-0.026642519487183353,-0.01696602254302644,-0.03475275393656214,-0.0480866687239571,-0.029714550560741647
spx_vwap_gap_over_session_range|15m|+,spx_vwap_gap_over_session_range,15,+,213,-0.22581939077464222,-0.02255029203001062,0.011828760814840897,1.0,-0.015511882963632904,0.9215856080610407,4,False,NO_EXCESS,0.004621674760572591,0.999950002499875,0.010932178414912461,-0.07659276686240378,-0.021249333351347616,-0.02682742125598163,-0.008378645895649432
momentum_15m_over_session_range|15m|+,momentum_15m_over_session_range,15,+,213,-0.0694204081908274,-0.022782645543042566,0.012390016618634037,1.0,0.004233050216030453,0.32191774782729493,5,False,NO_EXCESS,0.001015248199619964,1.0,-0.02840628994794633,-0.020267972022753968,-0.039672814297472575,-0.04235632590105071,-0.02768707489848971
momentum_5m_bps|15m|+,momentum_5m_bps,15,+,213,-0.06040977635624562,-0.02281567226336669,0.008576923569537301,1.0,0.00413558946844687,0.226880077875648,5,False,NO_EXCESS,0.01075756385624315,0.8342582870856458,-0.020547141988406736,-0.00217867872410595,-0.03110299761882804,-0.03249539485201835,-0.030697834408206115
momentum_5m_over_session_range|30m|+,momentum_5m_over_session_range,30,+,213,-0.07109179003874089,-0.023439732907226455,0.008857296509653886,1.0,-0.0019048211023730921,0.6020489983166484,5,False,NO_EXCESS,0.00021357004858523694,1.0,-0.025327739725971597,-0.047923684265384306,-0.025417141960755073,-0.03195228385768411,-0.011089642015767672
momentum_5m_bps|30m|+,momentum_5m_bps,30,+,213,-0.08117172591547687,-0.024249956286242085,0.008684990099240826,1.0,-0.0018529246855411045,0.6013539395885423,5,False,NO_EXCESS,0.001869693540564013,1.0,-0.029468697963002097,-0.04470627647826976,-0.024451858939258633,-0.030551129804327705,-0.014023844685782971
minute_of_session|30m|+,minute_of_session,30,+,213,-0.024544507613218837,-0.02448598148666017,0.02242523760137449,1.0,-0.025585114336522417,0.8697717757953768,4,False,NO_EXCESS,0.005690094770388449,1.0,0.04774826931546483,-0.05524272563606681,-0.1085303103590616,-0.04774361560579174,-0.04691624025788375
spx_vwap_gap_points|15m|+,spx_vwap_gap_points,15,+,213,-0.2908259407508549,-0.02573801815392518,0.011275835704763343,1.0,-0.028186654309221286,0.9955515399626833,5,False,NO_EXCESS,0.005925544233642097,0.99990000499975,-0.016181189376776747,-0.06843434674914119,-0.016546995813670556,-0.03856247256685103,-0.006446236355471727
spx_vwap_gap_bps|15m|+,spx_vwap_gap_bps,15,+,213,-0.29089344059829614,-0.025814968678425365,0.011274584377657191,1.0,-0.02825992615728759,0.9956413715371865,5,False,NO_EXCESS,0.0059606339680698325,0.99990000499975,-0.01641677495592841,-0.06862782883139434,-0.016720898058452924,-0.03842965094681859,-0.006455343532719871
spx_vwap_gap_points|30m|+,spx_vwap_gap_points,30,+,213,-0.3741632021323045,-0.026351736970160803,0.014555542943412453,1.0,-0.03688220414567058,0.9945126016568295,5,False,NO_EXCESS,0.011592097426123636,0.9960501974901255,-0.015051518132892697,-0.09473091974647306,-0.0012944018190145234,-0.033344441004743146,-0.0013054953343885993
spx_vwap_gap_bps|30m|+,spx_vwap_gap_bps,30,+,213,-0.37419773755454183,-0.026393586594367958,0.014553372824654676,1.0,-0.03692254502547524,0.9945619682659214,5,False,NO_EXCESS,0.011597860191888807,0.9960501974901255,-0.015212247140342508,-0.09484808822078462,-0.0014200993716744063,-0.03323812326012998,-0.0013204669891975335
spx_vwap_gap_points|60m|+,spx_vwap_gap_points,60,+,213,-0.4787317562969434,-0.03740859440268504,0.01730612702640547,1.0,-0.05418429428142213,0.9989793850835081,5,False,NO_EXCESS,0.016260774417576025,0.9937503124843757,-0.025321484058166158,-0.09322545829752457,-0.01000358804884091,-0.03133447911732261,-0.03837007084785734
spx_vwap_gap_bps|60m|+,spx_vwap_gap_bps,60,+,213,-0.47872675985218,-0.03740985144475855,0.017306009097857195,1.0,-0.05418257954230671,0.9989785674473877,5,False,NO_EXCESS,0.016256405903567302,0.9937503124843757,-0.025394384213487622,-0.09323517821438156,-0.010078274912601224,-0.031266448861742624,-0.03833074256087199
minute_of_session|60m|+,minute_of_session,60,+,213,-0.03777023993001249,-0.03787277120908088,0.030500594029721054,1.0,-0.03896901186872886,0.895797317154503,5,False,NO_EXCESS,0.0013059955662556343,1.0,-0.004514269787747569,-0.1023670409646759,-0.1316901708061211,-0.03823951033603922,-0.04479996918571451
omar_clipped_neg3_pos3|15m|+,omar_clipped_neg3_pos3,15,+,213,-0.32455748695220465,-0.05209812413780706,0.011097380914943004,1.0,-0.062189212577770575,0.9999999952847785,5,False,NO_EXCESS,0.00452722307099497,1.0,-0.0341932867741516,-0.08398394946033741,-0.04040923873092702,-0.08588111517407213,-0.0339727542921165
omar_clipped_neg3_pos3|30m|+,omar_clipped_neg3_pos3,30,+,213,-0.4187646029320599,-0.06343936430630727,0.01399872885189344,1.0,-0.08404061198610517,0.9999999973046849,5,False,NO_EXCESS,0.013218717591480548,0.9834008299585021,-0.052854011706883856,-0.1295852200374408,-0.04013589018348463,-0.07908257788562019,-0.0348361756392024
omar_clipped_neg3_pos3|60m|+,omar_clipped_neg3_pos3,60,+,213,-0.5217198901738914,-0.07798695109615199,0.015872497233990136,1.0,-0.10683243456174724,0.9999999999027863,5,False,NO_EXCESS,0.015277741539615704,0.9933003349832509,-0.07021584102735497,-0.13954521807807851,-0.06876802490789453,-0.06601937604046743,-0.06321313476709138
