width,start,end,n_trades,pf,win_rate,avg_pnl,median_pnl,sharpe,gross_profit,gross_loss,max_drawdown
45,193,238,43576,71.5419,0.9211,0.298874,0.33425,1.2896,13208.348876,184.62406,0.003799
45,58,103,43628,97.139,0.9292,0.300121,0.327216,1.3076,13229.864628,136.195184,0.016928
45,36,81,43538,87.6783,0.9282,0.301941,0.326154,1.3016,13297.570438,151.663225,0.018824
45,219,264,43348,61.0867,0.9179,0.298223,0.329778,1.2742,13142.521276,215.145367,0.013493
45,100,145,43798,103.4506,0.9304,0.298824,0.335,1.3169,13215.656007,127.748531,0.004015
45,92,137,43783,102.0778,0.9303,0.298239,0.331366,1.3112,13186.989706,129.185734,0.004015
45,87,132,43761,103.4603,0.9313,0.299032,0.331,1.3127,13213.67712,127.717316,0.004015
45,65,110,43655,98.2916,0.9294,0.299381,0.328,1.307,13203.812216,134.333018,0.002888
45,218,263,43349,62.3536,0.9184,0.298692,0.330006,1.2764,13159.025839,211.038588,0.013493
45,56,101,43618,95.524,0.9292,0.300146,0.326968,1.3055,13230.27469,138.502029,0.018443
45,203,248,43445,67.1114,0.9198,0.299073,0.331,1.2812,13189.749305,196.53525,0.003543
45,219,264,43348,61.0867,0.9179,0.298223,0.329778,1.2742,13142.521276,215.145367,0.013493
45,169,214,43851,88.7458,0.9299,0.301964,0.340072,1.3143,13392.338458,150.906671,0.002133
45,52,97,43598,93.8688,0.9286,0.300052,0.326154,1.3039,13222.525552,140.861755,0.018135
45,181,226,43727,80.8196,0.9259,0.301476,0.3395,1.3065,13347.818385,165.155613,0.002026
45,138,183,43885,97.5654,0.9318,0.299708,0.338571,1.3203,13288.871232,136.20478,0.005264
45,38,83,43543,91.1785,0.9289,0.302408,0.327021,1.3058,13313.758311,146.018635,0.016215
45,37,82,43541,89.5814,0.9283,0.302096,0.326198,1.3041,13302.044753,148.491222,0.018637
45,53,98,43603,94.0613,0.9287,0.299961,0.326408,1.3043,13219.746039,140.543934,0.006245
45,85,130,43749,103.7401,0.9314,0.299052,0.331053,1.3138,13210.573718,127.343016,0.004015
60,89,149,58391,97.0448,0.9298,0.298036,0.332555,1.3088,17583.828959,181.192956,0.004015
60,159,219,58435,89.1932,0.9291,0.301462,0.339687,1.3146,17815.701609,199.742885,0.003965
60,184,244,58126,74.4968,0.9229,0.300537,0.335632,1.2964,17706.725742,237.6844,0.003956
60,36,96,58086,88.2079,0.9282,0.301371,0.326986,1.3021,17706.170714,200.732266,0.018824
60,173,233,58275,80.9999,0.926,0.301512,0.339048,1.3086,17790.224014,219.632633,0.003079
60,80,140,58333,98.9312,0.9299,0.299164,0.333197,1.3121,17629.320591,178.197751,0.004015
60,196,256,57977,68.0767,0.9212,0.299294,0.332432,1.2865,17610.840857,258.691296,0.004208
60,209,269,57821,57.775,0.9164,0.29742,0.328818,1.2649,17500.015415,302.899287,0.013493
60,169,229,58329,82.4102,0.9269,0.301591,0.3395,1.3109,17807.586764,216.084717,0.002133
60,137,197,58519,98.1526,0.9314,0.301001,0.341109,1.3236,17795.581177,181.305187,0.010187
60,86,146,58373,98.775,0.93,0.298423,0.333095,1.3107,17598.018311,178.162741,0.004015
60,144,204,58522,98.137,0.9314,0.301137,0.340418,1.3245,17804.568094,181.425593,0.00661
60,180,240,58182,76.9905,0.924,0.301036,0.337056,1.3002,17745.360901,230.487536,0.004125
60,101,161,58425,101.4669,0.9306,0.298495,0.335029,1.3169,17613.181104,173.585521,0.004015
60,31,91,58038,85.1031,0.928,0.302136,0.327021,1.3001,17743.848119,208.49816,0.019502
60,70,130,58276,103.0137,0.9311,0.300125,0.331053,1.3158,17661.508827,171.448076,0.004015
60,208,268,57826,58.5803,0.9169,0.297526,0.32907,1.2667,17503.554517,298.795751,0.013493
60,138,198,58520,99.2006,0.9316,0.301081,0.340874,1.3237,17798.691612,179.421248,0.005264
60,117,177,58480,98.7767,0.9304,0.298903,0.336928,1.3169,17658.634975,178.77323,0.004015
60,101,161,58425,101.4669,0.9306,0.298495,0.335029,1.3169,17613.181104,173.585521,0.004015
75,69,144,72888,99.27,0.9299,0.299623,0.332916,1.314,22061.136579,222.233652,0.004015
75,85,160,72991,98.5095,0.9303,0.298282,0.333572,1.3125,21995.204744,223.280043,0.004015
75,116,191,73114,100.8826,0.9315,0.300472,0.339267,1.3222,22188.688002,219.945549,0.004015
75,56,131,72799,101.6098,0.9304,0.300029,0.329565,1.3119,22058.910304,217.094363,0.004015
75,53,128,72781,100.0756,0.9303,0.299832,0.328772,1.3099,22042.365012,220.257062,0.006245
75,127,202,73136,97.0128,0.9303,0.300581,0.340059,1.322,22212.224349,228.961672,0.004015
75,54,129,72787,100.4053,0.9303,0.299886,0.329091,1.3102,22047.421524,219.584132,0.004015
75,121,196,73124,99.6339,0.931,0.300786,0.340606,1.3232,22217.667247,222.992976,0.004015
75,118,193,73117,100.177,0.9313,0.300699,0.339831,1.3229,22207.921258,221.686927,0.004015
75,184,259,72571,71.1378,0.9225,0.300306,0.3348,1.2928,22104.265996,310.724703,0.013493
75,97,172,73047,99.7108,0.9305,0.298659,0.335474,1.3146,22037.190103,221.011047,0.004015
75,41,116,72702,96.1966,0.9297,0.300802,0.328894,1.3094,22098.594532,229.723229,0.015314
75,147,222,73030,89.3221,0.9292,0.300845,0.339011,1.3144,22219.491357,248.757011,0.003391
75,167,242,72786,80.0356,0.9257,0.30125,0.337482,1.3056,22204.183512,277.428915,0.018606
75,61,136,72830,102.2627,0.9298,0.299776,0.330415,1.3134,22048.289153,215.604442,0.004015
75,126,201,73135,97.5786,0.9305,0.300631,0.340323,1.3221,22214.32668,227.655636,0.004015
75,50,125,72763,99.3931,0.9301,0.300227,0.328772,1.3099,22067.410418,222.021551,0.002592
75,171,246,72736,78.4161,0.9252,0.301215,0.336834,1.3038,22192.188456,283.005563,0.003005
75,105,180,73069,100.1404,0.9309,0.299092,0.337132,1.3183,22074.794943,220.438491,0.004015
75,190,265,72501,65.9486,0.9203,0.298889,0.33253,1.2818,22003.411071,333.644861,0.013493
120,109,229,116780,89.9226,0.9286,0.300096,0.33852,1.3138,35439.302202,394.108972,0.013701
120,143,263,116414,77.579,0.9254,0.299803,0.335632,1.2999,35357.019397,455.755085,0.002863
120,140,260,116445,78.9211,0.9259,0.30006,0.33617,1.3023,35388.866452,448.408391,0.005435
120,76,196,116826,99.4115,0.9308,0.300238,0.336592,1.3183,35432.032732,356.417994,0.019497
120,103,223,116823,93.5442,0.9295,0.300118,0.338039,1.315,35439.480342,378.85293,0.012445
120,54,174,116661,97.6722,0.9298,0.299069,0.331724,1.311,35250.625101,360.907348,0.017687
120,120,240,116670,86.48,0.9273,0.300148,0.337865,1.3095,35427.974873,409.666503,0.004047
120,38,158,116516,95.1516,0.9296,0.300159,0.331061,1.31,35344.745461,371.457322,0.016215
120,35,155,116491,93.0625,0.9293,0.300143,0.330962,1.3077,35343.739574,379.7848,0.014416
120,114,234,116733,88.8714,0.928,0.300102,0.338293,1.3118,35430.523238,398.671888,0.003039
120,59,179,116699,99.3718,0.9302,0.299396,0.333554,1.3145,35294.365182,355.174898,0.017397
120,128,248,116583,83.0103,0.9264,0.299978,0.33678,1.3063,35398.821565,426.438748,0.004015
120,67,187,116762,99.6665,0.9308,0.29979,0.334875,1.3168,35358.887222,354.771919,0.008065
120,40,160,116537,96.9343,0.9299,0.299977,0.331053,1.3116,35322.772692,364.399202,0.017602
120,139,259,116457,79.3719,0.926,0.300115,0.336425,1.3031,35396.409994,445.956213,0.005247
120,59,179,116699,99.3718,0.9302,0.299396,0.333554,1.3145,35294.365182,355.174898,0.017397
120,140,260,116445,78.9211,0.9259,0.30006,0.33617,1.3023,35388.866452,448.408391,0.005435
120,42,162,116557,98.0546,0.9299,0.299995,0.331483,1.312,35326.787501,360.276617,0.017869
120,78,198,116841,99.4094,0.9307,0.300073,0.336562,1.3177,35417.057924,356.274577,0.017433
120,65,185,116745,99.5602,0.9307,0.299683,0.334576,1.3161,35341.412229,354.975469,0.002888
