date,fold,strategy_label,paired_trade_id,bar_entry,side,strike,contract_idx,delta_at_entry,spread_at_entry,context_spread_at_entry,entry_mid,trigger_vwap_dist_min_prior,trigger_vwap_dist_now,first15_acceptance_at_entry,bar_delta_at_entry,bar_exit,exit_mid,bars_held,exit_reason,gross_pct,spread_cost_pct,net_pct,net_pnl_dollars,vix_regime_at_entry,predicted_net_pct,score_rank_in_day,n_candidates_in_day,first15_range_pct,pop_ctrl_a_mean_net_pct,pop_ctrl_a_n_bars,pop_ctrl_b_mean_net_pct,pop_ctrl_b_n_days,delta_vs_pop_A,delta_vs_pop_B
2024-12-19,0,strategy,-1,114,C,5910.0,195,0.5231439471244812,0.019999999552965164,0.05183098465204239,17.600000381469727,0.0,0.000604640634264797,-1.0,0.3263888955116272,120,18.0,6,time_stop,0.022727250560256557,0.006360000157356262,0.016367250402900296,28.806361333465574,0.33000001311302185,0.011314900232079192,1,142,0.0038556521758437157,-0.012762050253175389,70,-0.0016063743791741858,40,0.029129300656075684,0.017973624782074482
2024-12-20,0,strategy,-1,40,C,5855.0,257,0.48538005352020264,0.04359649121761322,0.10608020424842834,17.100000381469727,0.0,0.0007864118088036776,0.20437291264533997,-0.3908296823501587,43,27.489999771118164,3,target_first15,0.6076022899337169,0.00848000020980835,0.5991222897239086,1024.4991382825854,0.33000001311302185,-0.003219857442974842,1,160,0.005624531302601099,0.067929205597513,79,-0.042163614079974515,29,0.5311930841263955,0.6412859038038831
2024-12-23,0,strategy,-1,117,C,5935.0,152,0.46704593300819397,0.037745099514722824,0.09756097197532654,10.199999809265137,0.0,0.0006338646053336561,-1.0,0.3004694879055023,120,9.5,3,time_stop,-0.0686274335641942,0.006,-0.07462743356419421,-76.11998081207277,-0.33000001311302185,-0.003370076030007764,1,138,0.002187825972214341,-0.008639967578126502,68,-0.00869814661959406,38,-0.06598746598606771,-0.06592928694460015
2024-12-24,0,strategy,-1,115,C,6020.0,175,0.46494123339653015,0.05833333358168602,0.1538461595773697,3.5999999046325684,0.0,0.0029307559598237276,1.0,-0.22033898532390594,116,3.700000047683716,1,target_first15,0.027777818250068514,0.006,0.021777818250068512,7.840014362335205,-0.33000001311302185,-0.007196049773310186,1,90,0.002488275757059455,0.010439790654156017,40,0.0010215432716610651,38,0.011338027595912495,0.020756274978407447
2024-12-27,0,strategy,-1,101,P,5955.0,200,-0.4956120550632477,0.056843969970941544,0.13304567337036133,14.100000381469727,0.0,-0.003313386579975486,-1.0,-0.035971224308013916,102,14.100000381469727,1,target_first15,0.0,0.006,-0.006,-8.460000228881837,-0.33000001311302185,-0.019731367320400105,1,98,0.00287995464168489,-0.01617577895049667,49,-0.014964605487646136,35,0.010175778950496669,0.008964605487646136
2024-12-30,0,strategy,-1,74,C,5890.0,132,0.5189998745918274,0.05454545468091965,0.1548387110233307,15.399999618530273,0.0,0.001038951682858169,-0.5096904039382935,0.6181318759918213,78,11.369999885559082,4,stop_vwap,-0.26168830083099714,0.006,-0.26768830083099715,-412.2399730682373,-0.33000001311302185,0.016666213856223265,1,164,0.006752702873200178,0.059978953570596474,81,-0.03140645539263286,36,-0.3276672544015936,-0.23628184543836428
2024-12-31,0,strategy,-1,68,P,5920.0,204,-0.5121318697929382,0.043989069759845734,0.10725551843643188,18.299999237060547,0.0,-0.00048265341320075095,-0.22543950378894806,0.7692307829856873,79,22.0,11,target_first15,0.20218584246967264,0.006,0.19618584246967263,359.020076751709,-0.33000001311302185,0.005638531288604328,1,178,0.0032683825120329857,0.02209547467935996,88,-0.010178970233561409,33,0.17409036779031267,0.20636481270323404
2025-01-02,0,strategy,-1,56,P,5910.0,146,-0.5184386372566223,0.06525423377752304,0.14814814925193787,17.700000762939453,0.0,-0.0013055215822532773,0.1961015909910202,0.3203883469104767,86,17.200000762939453,30,time_stop,-0.02824858635299655,0.008,-0.03624858635299655,-64.16000061035156,-0.33000001311302185,0.011611470318966066,1,134,0.005742058623582125,0.147568068052019,67,-0.02243631959265073,38,-0.18381665440501554,-0.013812266760345818
2025-01-03,0,strategy,-1,32,C,5905.0,173,0.4957292377948761,0.04904458671808243,0.14965985715389252,15.699999809265137,0.0,-9.834679804043844e-05,-0.08827893435955048,0.9739696383476257,45,15.100000381469727,13,stop_vwap,-0.038216524527683676,0.008,-0.046216524527683676,-72.55994262695312,-0.33000001311302185,0.0005653746989290525,1,160,0.0045585897751152515,0.14077509114096284,79,-0.015237917671783459,26,-0.18699161566864653,-0.030978606855900218
2025-01-06,0,strategy,-1,81,C,6010.0,167,0.5330115556716919,0.032692309468984604,0.09366390854120255,9.100000381469727,0.0,0.001810392364859581,1.0,0.3963963985443115,82,10.100000381469727,1,target_first15,0.10989010528354413,0.006,0.10389010528354413,94.53999977111816,-0.33000001311302185,-0.00186094719063467,1,162,0.0033779223449528217,-0.0024700244373235974,80,-0.025850052420419833,38,0.10636012972086772,0.12974015770396397
2025-01-07,0,strategy,-1,94,C,5960.0,141,0.4715843200683594,0.05326768010854721,0.12734082341194153,11.170000076293945,0.0,-0.001183206681162119,-1.0,0.4053156077861786,95,9.199999809265137,1,stop_vwap,-0.1763652868015403,0.006,-0.1823652868015403,-203.70202674865726,-0.33000001311302185,-0.003409092763409849,1,88,0.002672177739441395,-0.015946931384173336,44,-0.0031426040444680376,37,-0.16641835541736696,-0.17922268275707226
2025-01-08,0,strategy,-1,83,C,5905.0,140,0.48836007714271545,0.06118880957365036,0.1607716977596283,14.300000190734863,0.0,0.0007763972389511764,0.08995327353477478,-0.9328703880310059,87,15.699999809265137,4,target_first15,0.09790206992006542,0.006,0.09190206992006542,131.4199617385864,-0.33000001311302185,0.007268976078661242,1,178,0.002902393462136388,0.008690801894911534,88,0.004163333564666073,36,0.08321126802515388,0.08773873635539935
2025-01-10,0,strategy,-1,69,C,5850.0,179,0.4809374213218689,0.052877698093652725,0.13333334028720856,13.899999618530273,0.0,0.0007331434753723443,-1.0,0.2532750964164734,73,11.779999732971191,4,stop_vwap,-0.15251798156403415,0.006,-0.15851798156403415,-220.33998832702636,-0.33000001311302185,0.028771761738733467,1,170,0.005886622238904238,-0.02995254089282906,84,-0.003927156051505367,36,-0.1285654406712051,-0.15459082551252878
2025-01-13,0,strategy,-1,58,P,5785.0,121,-0.5142343044281006,0.03480663150548935,0.10242587327957153,18.100000381469727,0.0,-0.0005070752231404185,0.16033484041690826,-0.7183098793029785,60,15.199999809265137,2,stop_vwap,-0.1602210227118851,0.00848000020980835,-0.16870102292169345,-305.34885792369846,0.33000001311302185,0.006326814942765486,1,180,0.0026850628200918436,-0.016334826039021734,89,-0.008780949560760531,35,-0.15236619688267172,-0.15992007336093292
2025-01-14,0,strategy,-1,49,C,5865.0,155,0.4934137165546417,0.03846416249871254,0.10417340695858002,14.649999618530273,0.0,0.0005942157004028559,-0.11282051354646683,-0.746874988079071,51,12.600000381469727,2,stop_vwap,-0.13993169218022192,0.008,-0.14793169218022192,-216.71992340087888,-0.33000001311302185,0.002239222278843961,1,172,0.002658726880326867,-0.03876019717749314,85,-0.03264249253689709,37,-0.10917149500272878,-0.11528919964332483
2025-01-16,0,strategy,-1,105,C,5960.0,148,0.4735799729824066,0.06010100990533829,0.15510204434394836,9.899999618530273,0.0,0.000954813789576292,-0.051344744861125946,0.2772861421108246,107,7.5,2,stop_vwap,-0.24242421323310825,0.006,-0.24842421323310826,-245.9399616241455,-0.33000001311302185,0.0035630690691777238,1,162,0.0020616997499018908,0.014544881206543483,80,-0.0021653575336940045,36,-0.2629690944396517,-0.24625885569941425
2025-01-17,0,strategy,-1,93,P,6000.0,287,-0.48499104380607605,0.030882352963089943,0.11382114142179489,10.199999809265137,0.0,0.001523398095741868,0.9771167039871216,-0.13698630034923553,94,9.989999771118164,1,stop_vwap,-0.020588239419006636,0.006,-0.026588239419006635,-27.120003700256344,-0.33000001311302185,0.002176580765279891,1,176,0.0036493120715022087,-0.033916255542052784,87,-0.011802045266373908,37,0.007328016123046149,-0.014786194152632727
2025-01-21,0,strategy,-1,93,P,6020.0,205,-0.46243754029273987,0.04374999925494194,0.09369024634361267,8.800000190734863,0.0,-0.0003853781381621957,-0.22228173911571503,0.17469879984855652,95,7.400000095367432,2,stop_vwap,-0.15909091647991447,0.006,-0.16509091647991447,-145.2800096511841,-0.33000001311302185,0.013004007127108426,1,172,0.0030982820317149162,-0.020299605438163306,85,-0.008058729670133154,37,-0.14479131104175116,-0.15703218680978132
2025-01-27,0,strategy,-1,96,P,5995.0,205,-0.5273525714874268,0.07471910119056702,0.18518517911434174,15.130000114440918,0.0,-0.0007063798839226365,0.44803228974342346,-0.8487544655799866,106,11.699999809265137,10,stop_vwap,-0.22670193517725074,0.006,-0.23270193517725074,-352.0780305862427,-0.33000001311302185,0.01975035228750153,1,176,0.006606501527130604,-0.00499865819177806,87,-0.010337994009359608,37,-0.22770327698547269,-0.22236394116789113
2025-01-28,0,strategy,-1,36,C,6025.0,145,0.5265270471572876,0.024822695180773735,0.07092198729515076,14.100000381469727,0.0,0.001602413016371429,0.8647342920303345,-0.5582524538040161,37,14.720000267028809,1,target_first15,0.043971621899662375,0.008,0.035971621899662375,50.71998825073243,-0.33000001311302185,-0.0011380991779033718,1,166,0.004135230556130409,0.016671196122093116,82,-0.02460212029472896,30,0.01930042577756926,0.060573742194391336
2025-01-29,0,strategy,-1,41,C,6055.0,167,0.5110191106796265,0.052173912525177,0.13953489065170288,16.100000381469727,0.0,5.76244383410085e-05,0.1627296656370163,-0.9709091186523438,42,14.399999618530273,1,stop_vwap,-0.10559010699751702,0.008,-0.11359010699751701,-182.88007659912108,-0.33000001311302185,-0.0004978048553034252,1,72,0.0025183879770338535,-0.02328474202646774,36,-0.02004365505605957,28,-0.09030536497104927,-0.09354645194145744
2025-01-30,0,strategy,-1,41,P,6060.0,144,-0.485892117023468,0.05000000074505806,0.12098581343889236,13.649999618530273,0.0,-0.0005679015885107219,0.06022727116942406,0.2046109437942505,46,15.899999618530273,5,target_first15,0.1648351694417309,0.008,0.1568351694417309,214.08000030517576,-0.33000001311302185,0.006879275419264221,1,122,0.002901652129366994,0.05502363503480553,60,-0.019596360726134056,28,0.10181153440692536,0.17643153016786495
2025-02-03,0,strategy,-1,58,C,5970.0,168,0.521037757396698,0.06709844619035721,0.186397984623909,19.299999237060547,0.0,0.0039839670062065125,1.0,-0.3146747350692749,59,26.899999618530273,1,target_first15,0.3937824187513922,0.008,0.3857824187513922,744.5600387573242,-0.33000001311302185,-0.00783859888262801,1,114,0.005405359901487827,-0.0018996592599368914,56,-0.04022253521819492,35,0.3876820780113291,0.4260049539695871
2025-02-04,0,strategy,-1,119,P,6040.0,155,-0.49160751700401306,0.038701921701431274,0.11891891807317734,10.399999618530273,0.0,0.0043707541190087795,1.0,0.9692307710647583,120,12.399999618530273,1,stop_vwap,0.1923076993614967,0.006,0.1863076993614967,193.76000022888184,-0.33000001311302185,0.00797819592596888,1,174,0.002386316657066345,-0.017040632886060395,86,-0.014916846285719102,38,0.20334833224755708,0.20122454564721579
2025-02-07,0,strategy,-1,68,P,6075.0,207,-0.5199384689331055,0.03402777761220932,0.10958904027938843,14.399999618530273,0.0,-0.00122957827989012,-1.0,-0.8523809313774109,69,17.739999771118164,1,target_first15,0.2319444611852556,0.006,0.2259444611852556,325.36001548767086,-0.33000001311302185,-0.0029037164602470594,1,72,0.002190086292102933,0.04607919917492527,36,-0.011080746558276046,33,0.17986526201033032,0.23702520774353164
2025-02-10,0,strategy,-1,30,C,6055.0,152,0.5110321044921875,0.030497925356030464,0.09110628813505173,12.050000190734863,0.0,0.0002818205684889108,0.3346966505050659,0.2699114978313446,34,14.1899995803833,4,target_first15,0.1775933075332118,0.008,0.1695933075332118,204.35993881225585,-0.33000001311302185,-0.0016705231694142785,1,178,0.002424689242616296,-0.0031903758899256107,88,0.017357770830079992,23,0.1727836834231374,0.1522355367031318
2025-02-11,0,strategy,-1,38,P,6050.0,140,-0.5023817420005798,0.05000000074505806,0.11453744769096375,13.300000190734863,0.0,-0.00041504797991365194,-0.032307691872119904,-0.022580645978450775,39,11.800000190734863,1,stop_vwap,-0.11278195326981576,0.008,-0.12078195326981575,-160.64000015258787,-0.33000001311302185,0.0029070272864191427,1,180,0.002147542778402567,-0.024472531789619025,89,0.018530268257826357,29,-0.09630942148019672,-0.1393122215276421
2025-02-12,0,strategy,-1,115,P,6025.0,131,-0.5329479575157166,0.0548507459461689,0.11293260753154755,13.399999618530273,0.0,-0.0005676056025549769,0.6829710006713867,-0.7038043737411499,120,11.300000190734863,5,stop_vwap,-0.15671637966999735,0.006,-0.16271637966999736,-218.03994255065916,-0.33000001311302185,0.058990390064360666,1,166,0.0036648702807724476,-0.022333228596438506,82,0.001315878002189605,38,-0.14038315107355887,-0.16403225767218696
2025-02-13,0,strategy,-1,36,C,6070.0,151,0.47680720686912537,0.07305502891540527,0.17010851204395294,10.539999961853027,0.0,0.0004131372843403369,0.7747402787208557,-0.76606684923172,40,11.5,4,target_first15,0.09108159787679886,0.008,0.08308159787679886,87.56800384521486,-0.33000001311302185,-0.0020184996866687397,1,170,0.003016489325091243,0.007059399268922984,84,-0.02617245282730018,30,0.07602219860787587,0.10925405070409905
2025-02-20,0,strategy,-1,102,C,6100.0,145,0.48539191484451294,0.022340426221489906,0.06315789371728897,9.399999618530273,0.0,-0.0012457232223823667,-1.0,0.5903614163398743,103,9.0,1,stop_vwap,-0.04255315263436308,0.006,-0.04855315263436308,-45.639961624145506,-0.33000001311302185,-0.0021516578597017607,1,148,0.002145652659237385,-0.012364467261736062,73,0.008994320949516329,37,-0.03618868537262702,-0.057547473583879405
2025-02-24,0,strategy,-1,119,C,6015.0,155,0.5113872289657593,0.024322034791111946,0.0672682523727417,11.800000190734863,0.0,0.0013029194669798017,-1.0,-0.7471264600753784,120,13.600000381469727,1,time_stop,0.15254238657963662,0.006,0.1465423865796366,172.92001895904542,-0.33000001311302185,0.005915598129414442,1,162,0.003945385571569204,0.013779499737780263,80,-0.0037631008708926563,38,0.13276288684185636,0.15030548745052927
2025-02-25,0,strategy,-1,87,C,5945.0,122,0.5028120875358582,0.03914473578333855,0.1168384850025177,15.199999809265137,0.0,-0.0009098185691982508,-1.0,-0.013029315508902073,88,14.199999809265137,1,stop_vwap,-0.06578947450975964,0.006,-0.07178947450975964,-109.1199998855591,-0.33000001311302185,-0.0012097077034940002,1,160,0.0027781075332313776,-0.02180947356331055,80,0.027956005571780743,38,-0.049980000946449096,-0.09974548008154038
2025-02-26,0,strategy,-1,100,C,6010.0,141,0.4937187731266022,0.021212121471762657,0.06060606241226196,9.899999618530273,0.0,0.0039976052939891815,1.0,0.5203251838684082,101,9.770000457763672,1,target_first15,-0.013131228866239176,0.006,-0.019131228866239178,-18.939915847778323,-0.33000001311302185,-0.00038655433146586647,1,172,0.0024202822241932154,-0.003635832307690461,85,-0.023459416081530765,37,-0.015495396558548716,0.004328187215291587
2025-02-27,0,strategy,-1,55,C,5970.0,156,0.502640426158905,0.038804348558187485,0.11135371029376984,18.399999618530273,0.0,0.0015583630884066224,-0.6841384172439575,-0.3952941298484802,62,13.819999694824219,7,stop_vwap,-0.24891304449232857,0.008,-0.25691304449232855,-472.71999206542966,-0.33000001311302185,0.006842466691299945,1,160,0.004885862581431866,-0.13004641584532223,79,-0.012353440768414967,35,-0.12686662864700632,-0.24455960372391358
2025-02-28,0,strategy,-1,118,C,5875.0,225,0.5067515969276428,0.03994565084576607,0.10852713137865067,18.399999618530273,0.0,0.00028973762528039515,0.9734813570976257,-0.9239904880523682,120,17.899999618530273,2,time_stop,-0.027173913606849207,0.006360000157356262,-0.03353391376420547,-61.70240004692077,0.33000001311302185,-0.003107370324599697,1,175,0.0055254362523555756,-0.00818450205335901,86,0.0036876484787550386,37,-0.02534941171084646,-0.037221562242960506
2025-03-03,0,strategy,-1,114,C,5955.0,176,0.5205833315849304,0.026923077180981636,0.0771513357758522,16.899999618530273,0.0,0.0008286158554255962,-1.0,0.4009900987148285,115,12.359999656677246,1,stop_vwap,-0.2686390570609879,0.006,-0.2746390570609879,-464.13999595642093,-0.33000001311302185,0.00522320178611171,1,156,0.004715136718004942,-0.03096550446772338,77,0.0056687833074230256,40,-0.2436735525932645,-0.28030784036841094
2025-03-04,0,strategy,-1,63,C,5770.0,141,0.5101160407066345,0.06274900585412979,0.1918976604938507,25.100000381469727,0.0,-0.0014843640383332968,-1.0,0.7123894095420837,64,22.100000381469727,1,stop_vwap,-0.11952191053410396,0.006360000157356262,-0.12588191069146024,-315.963600637579,0.33000001311302185,-0.006598760408532042,1,94,0.004600337240844965,-0.02073256987934968,47,-0.019820052580895985,35,-0.10514934081211055,-0.10606185811056425
2025-03-13,0,strategy,-1,54,C,5595.0,155,0.4889098107814789,0.06045454367995262,0.18830879032611847,22.0,0.0,0.0026425363030284643,0.5413070321083069,0.912188708782196,55,22.399999618530273,1,target_first15,0.018181800842285156,0.00848000020980835,0.009701800632476807,21.343961391448975,0.33000001311302185,-0.00019281313154247885,1,148,0.002906086156144738,-0.029023912316814737,73,-0.020045347220997184,37,0.038725712949291544,0.02974714785347399
2025-03-14,0,strategy,-1,48,C,5575.0,180,0.5141937732696533,0.019999999552965164,0.05567451938986778,23.5,0.0,-0.0008729685214348137,-0.07959814369678497,0.7099236845970154,49,23.399999618530273,1,stop_vwap,-0.004255335381690492,0.00848000020980835,-0.012735335591498842,-29.928038640022276,0.33000001311302185,-4.053239728701794e-05,1,166,0.004626021720468998,-0.0016602750947466932,82,-0.01868434458378398,36,-0.011075060496752148,0.00594900899228514
2025-03-17,0,strategy,-1,119,P,5650.0,167,-0.5055408477783203,0.062468353658914566,0.1733333319425583,15.800000190734863,0.0,-0.0009014041861519217,-0.040462426841259,-0.8522727489471436,120,14.0,1,time_stop,-0.11392406132946664,0.006360000157356262,-0.1202840614868229,-190.0488194434166,0.33000001311302185,0.01481016217411526,1,174,0.0064103808254003525,-0.07955339358657743,86,-0.006848642052868582,38,-0.040730667900245474,-0.11343541943395431
2025-03-18,0,strategy,-1,64,P,5620.0,137,-0.4832313656806946,0.021149732172489166,0.06549118459224701,18.700000762939453,0.0,-0.0009801570558920503,-1.0,0.2215568870306015,65,19.40999984741211,1,target_first15,0.03796786393077406,0.006360000157356262,0.031607863773417795,59.106707667779915,0.33000001311302185,-0.01509805213402596,1,172,0.005633377004414797,-0.006274851093227114,85,-0.013021300225777278,37,0.037882714866644907,0.04462916399919507
2025-03-19,0,strategy,-1,89,P,5640.0,143,-0.48855268955230713,0.02522522583603859,0.05833333358168602,22.200000762939453,0.0,-0.0006370798801071942,1.0,-0.9180327653884888,92,20.200000762939453,3,stop_vwap,-0.09009008699399632,0.006360000157356262,-0.09645008715135257,-214.1192008345604,0.33000001311302185,0.01461102454678968,1,150,0.0029854513704776764,-0.014259676072621685,75,-0.007989919407290581,39,-0.08219041107873089,-0.08846016774406198
2025-03-20,1,strategy,-1,118,C,5695.0,181,0.5098991990089417,0.047068964689970016,0.12682926654815674,14.5,0.0,0.002848970238119364,1.0,-0.9288135766983032,119,14.5,1,target_first15,0.0,0.006,-0.006,-8.700000000000001,-0.33000001311302185,-0.005668256138269076,1,178,0.0049422490410506725,-0.004275083581746453,88,-0.02565016899081165,38,-0.0017249164182535472,0.01965016899081165
2025-03-21,1,strategy,-1,43,P,5615.0,201,-0.5173225998878479,0.023689955472946167,0.07407407462596893,22.899999618530273,0.0,-0.001208445755764842,-0.5323027968406677,0.4158730208873749,52,16.200000762939453,9,stop_vwap,-0.29257637411353055,0.00848000020980835,-0.30105637432333887,-689.4190857160568,0.33000001311302185,0.0014582301097921739,1,180,0.004491801373660564,-0.029924375680989698,89,-0.018470085847664196,39,-0.27113199864234916,-0.2825862884756747
2025-03-24,1,strategy,-1,116,C,5760.0,174,0.5068406462669373,0.04035714268684387,0.11454637348651886,9.800000190734863,0.0,0.0023104269057512283,1.0,-0.4444444477558136,117,9.100000381469727,1,target_first15,-0.07142855057563488,0.006,-0.07742855057563489,-75.87998104095459,-0.33000001311302185,-0.0068748223809914875,1,180,0.005112458486109972,-0.0022665076658467897,89,-0.009440599580678026,38,-0.07516204290978809,-0.06798795099495686
2025-03-25,1,strategy,-1,44,C,5775.0,136,0.4933881163597107,0.06862745434045792,0.1818181872367859,10.199999809265137,0.0,0.00018154049757868052,0.036866359412670135,-0.42716050148010254,59,13.800000190734863,15,target_first15,0.3529412204694041,0.008,0.3449412204694041,351.84003829956055,-0.33000001311302185,-0.0045372024875075904,1,180,0.0022560416255146265,0.03926274727702943,89,-0.02257127849265329,38,0.3056784731923747,0.3675124989620574
2025-03-26,1,strategy,-1,118,P,5745.0,138,-0.49992671608924866,0.05999999865889549,0.1568627506494522,10.5,0.0,-0.0031512940768152475,-1.0,-0.5933333039283752,119,9.899999618530273,1,target_first15,-0.05714289347330729,0.006,-0.06314289347330729,-66.30003814697265,-0.33000001311302185,-0.0053601293355932285,1,162,0.002677114447578788,0.0029838328864094364,80,0.003307650581474256,38,-0.06612672635971673,-0.06645054405478154
2025-03-27,1,strategy,-1,38,C,5700.0,133,0.5243958234786987,0.06436781585216522,0.16842105984687805,17.399999618530273,0.0,0.0016826459905132651,1.0,-1.0,39,19.399999618530273,1,target_first15,0.11494253125558022,0.008,0.10694253125558023,186.0800003051758,-0.33000001311302185,-0.004593439708567421,1,176,0.004545334726572037,-0.0052367747627573335,87,-0.011984555064616454,38,0.11217930601833756,0.11892708632019669
2025-03-28,1,strategy,-1,116,P,5610.0,171,-0.4832073450088501,0.05296052619814873,0.13249211013317108,15.199999809265137,0.0,-0.0041373674757778645,-1.0,0.9162895679473877,117,14.899999618530273,1,target_first15,-0.019736854901274317,0.006360000157356262,-0.026096855058630578,-39.66721919136047,0.33000001311302185,-0.0011334079356518064,1,176,0.003447570838034153,0.009769342070708712,87,-0.0025233404561119913,38,-0.03586619712933929,-0.023573514602518587
2025-03-31,1,strategy,-1,56,C,5520.0,203,0.4871506690979004,0.033157896250486374,0.08142825961112976,20.899999618530273,0.0,0.0005906337755732238,0.3697916567325592,-0.22589531540870667,60,22.299999237060547,4,target_first15,0.0669856289035054,0.00848000020980835,0.05850562869369705,122.2767617380142,0.33000001311302185,-0.0085121042154612,1,178,0.006295058876276016,0.0030416675084349396,88,-0.017636190376595254,39,0.05546396118526211,0.0761418190702923
2025-04-01,1,strategy,-1,31,P,5590.0,145,-0.5118101239204407,0.06293859332799911,0.14569535851478577,22.799999237060547,0.0,-0.0010436803568154573,-0.446393758058548,-0.8431084752082825,36,26.899999618530273,5,target_first15,0.17982458415197353,0.00848000020980835,0.17134458394216517,390.66563831558227,0.33000001311302185,0.0031658666775044807,1,172,0.0027523820754140615,-0.012848005526741197,85,-0.0054489837435976705,33,0.18419258946890638,0.17679356768576285
2025-04-02,1,strategy,-1,118,C,5655.0,172,0.49939119815826416,0.07241379469633102,0.1894736886024475,17.399999618530273,0.0,0.006783167365938425,1.0,-0.8094339370727539,119,18.299999237060547,1,target_first15,0.05172411714146312,0.006360000157356262,0.045364116984106855,78.9335618218422,0.33000001311302185,-0.008212332289777002,1,180,0.007251230999827385,0.006281188897318338,89,-0.02700185627986709,38,0.03908292808678852,0.07236597326397394
2025-04-22,1,strategy,-1,60,C,5245.0,189,0.4843987822532654,0.053035713732242584,0.1305263191461563,19.600000381469727,0.0,0.002297588624060154,1.0,-1.0,61,20.200000762939453,1,target_first15,0.030612263764901768,0.0144,0.016212263764901768,31.77603759765625,1.0,-0.006349373874532566,1,166,0.004422370810061693,-0.011701677193122914,82,-0.017728904503388803,37,0.027913940958024682,0.03394116826829057
2025-04-24,1,strategy,-1,93,C,5440.0,217,0.4974396824836731,0.019999999552965164,0.048827189952135086,20.600000381469727,0.0,0.004213340114802122,1.0,-0.591160237789154,94,24.5,1,target_first15,0.189320366325742,0.006360000157356262,0.18296036616838574,376.8983612862587,0.33000001311302185,-0.004795552282863434,1,72,0.0045029520988464355,-0.0058969489842742905,35,0.0024921718572245774,37,0.18885731515266002,0.18046819431116115
2025-04-25,1,strategy,-1,83,C,5490.0,260,0.47963061928749084,0.04254143685102463,0.10784313827753067,18.100000381469727,0.0,0.001232451875694096,-0.06131451204419136,0.9136363863945007,86,13.279999732971191,3,stop_vwap,-0.2662983727576667,0.006360000157356262,-0.272658372915023,-493.5116653772831,0.33000001311302185,0.004093665647375298,1,150,0.004131764639168978,-0.09480683689901316,74,0.02073908720262603,37,-0.17785153601600984,-0.293397460117649
2025-04-28,1,strategy,-1,32,P,5520.0,213,-0.48803967237472534,0.06034482643008232,0.15797625482082367,20.299999237060547,0.0,-0.0030524542089551687,-1.0,0.6313645839691162,33,17.799999237060547,1,target_first15,-0.12315271398808199,0.00848000020980835,-0.13163271419789033,-267.2143997789383,0.33000001311302185,-0.004415371025814397,1,158,0.003827413311228156,0.01028116568137791,79,0.004921005382839685,37,-0.14191387987926823,-0.13655371958073
2025-04-29,1,strategy,-1,57,P,5515.0,194,-0.5021546483039856,0.03500000014901161,0.07216223329305649,21.0,0.0,-0.0018290148582309484,-0.036263059824705124,-0.8263888955116272,63,14.100000381469727,6,stop_vwap,-0.3285714104062035,0.00848000020980835,-0.33705141061601185,-707.8079622936249,0.33000001311302185,0.008720369249782927,1,174,0.0029460068326443434,-0.03112152919177375,87,-0.0002603435438453921,37,-0.3059298814242381,-0.33679106707216644
2025-04-30,1,strategy,-1,88,P,5490.0,239,-0.4912708103656769,0.02800000086426735,0.08071748912334442,22.0,0.0,0.004346838686615229,0.6591240763664246,0.6111111044883728,89,25.06999969482422,1,stop_vwap,0.13954544067382812,0.006360000157356262,0.13318544051647185,293.0079691362381,0.33000001311302185,-0.005347010305941483,1,42,0.010049974545836449,0.010749891370489994,20,-0.03939275185005655,39,0.12243554914598186,0.1725781923665284
2025-05-01,1,strategy,-1,32,P,5620.0,216,-0.5073679089546204,0.054235536605119705,0.13810741901397705,24.200000762939453,0.0,-0.00026999565307050943,-0.03460410609841347,0.3513985872268677,33,22.799999237060547,1,stop_vwap,-0.05785130089842423,0.00848000020980835,-0.06633130110823258,-160.52175374259951,0.33000001311302185,0.0012721565123817726,1,176,0.00303395907394588,-0.02340949063933482,87,0.0031561023263624493,37,-0.042921810468897766,-0.06948740343459503
2025-05-02,1,strategy,-1,32,C,5660.0,275,0.5084134340286255,0.05621761828660965,0.16802167892456055,19.299999237060547,0.0,-4.2243929783580825e-05,0.09802371263504028,0.928196132183075,34,18.600000381469727,2,stop_vwap,-0.03626937218974898,0.00848000020980835,-0.04474937239955733,-86.36628531703947,0.33000001311302185,-0.001786958744067581,1,180,0.004465262871235609,0.006960557479104253,89,-0.012405883801428538,37,-0.05170992987866158,-0.032343488598128786
2025-05-05,1,strategy,-1,36,C,5645.0,196,0.4981021285057068,0.06774193793535233,0.1764705926179886,15.5,0.0,-0.000256622995948419,-0.11900191754102707,-0.9967213273048401,37,18.200000762939453,1,target_first15,0.17419359760899697,0.00848000020980835,0.16571359739918862,256.85607596874235,0.33000001311302185,-0.004388016468082315,1,174,0.0036940332502126694,-0.005930786967278714,86,0.007519888944044659,37,0.17164438436646734,0.15819370845514397
2025-05-06,1,strategy,-1,40,C,5605.0,168,0.5173776149749756,0.04908536747097969,0.14511041343212128,16.399999618530273,0.0,0.0008950664196163416,0.15829281508922577,0.5418994426727295,48,20.5,8,target_first15,0.25000002907543717,0.00848000020980835,0.24152002886562882,396.0928381263733,0.33000001311302185,-0.003622802991339536,1,180,0.003299612319096923,0.031470122776146324,89,-0.01672775301713608,38,0.21004990608948249,0.25824778188276487
2025-05-07,1,strategy,-1,81,C,5625.0,220,0.4900631010532379,0.019999999552965164,0.05352798104286194,20.100000381469727,0.0,-0.00045933574438095093,0.1627907007932663,-0.3586497902870178,82,18.600000381469727,1,stop_vwap,-0.07462686425532888,0.006360000157356262,-0.08098686441268514,-162.78360055890084,0.33000001311302185,0.007261522313105581,1,114,0.002827439224347472,-0.017287706852297937,57,-0.0005990489500743833,39,-0.0636991575603872,-0.08038781546261076
2025-05-08,1,strategy,-1,108,C,5665.0,197,0.4921705722808838,0.03395833447575569,0.1019705981016159,16.799999237060547,0.0,0.001105166389606893,-0.3484536111354828,0.7681159377098083,113,22.149999618530273,5,target_first15,0.31845241812081193,0.006360000157356262,0.31209241796345566,524.3152383678437,0.33000001311302185,0.0008501841854044409,1,136,0.0025694365613162518,0.033596089936616724,68,-0.016904262916196018,39,0.27849632802683894,0.32899668087965167
2025-05-09,1,strategy,-1,48,C,5680.0,270,0.4946702718734741,0.027898550033569336,0.0788530483841896,13.800000190734863,0.0,-0.0011998891131952405,-1.0,-0.7385621070861816,49,11.899999618530273,1,stop_vwap,-0.1376811989814482,0.00848000020980835,-0.14616119919125656,-201.70245767173768,0.33000001311302185,0.0011963759201764526,1,124,0.0022992552258074284,-0.04188011964617795,61,-0.021978864708678554,39,-0.1042810795450786,-0.12418233448257801
2025-05-12,1,strategy,-1,113,P,5800.0,240,-0.5124519467353821,0.04545454680919647,0.10452961921691895,15.399999618530273,0.0,-0.00172228435985744,-1.0,-0.9941176176071167,120,11.399999618530273,7,time_stop,-0.2597402661742239,0.006,-0.2657402661742239,-409.23999977111816,-0.33000001311302185,-0.027930075994127366,1,182,0.005051192361861467,-0.018183825060025815,90,-0.015749470886740197,38,-0.2475564411141981,-0.24999079528748372
2025-05-13,1,strategy,-1,95,C,5885.0,228,0.5207827687263489,0.0555555559694767,0.1599999964237213,12.600000381469727,0.0,0.002415806520730257,1.0,-0.5508474707603455,96,13.0,1,target_first15,0.03174600050953455,0.006,0.02574600050953455,32.43996162414551,-0.33000001311302185,-0.006081771904276851,1,170,0.0030801943503320217,0.011467463673490958,84,-0.006172708130460372,40,0.014278536836043593,0.03191870863999492
2025-05-14,1,strategy,-1,95,C,5880.0,213,0.4701468050479889,0.039912279695272446,0.1076066792011261,11.399999618530273,0.0,-0.0024981554597616196,-1.0,-0.2943143844604492,96,11.020000457763672,1,stop_vwap,-0.03333326083177469,0.006,-0.039333260831774686,-44.839915847778315,-0.33000001311302185,0.012777127619131181,1,170,0.002233954146504402,6.788970225619834e-05,84,-0.004545726596927641,40,-0.039401150534030885,-0.034787534234847046
2025-05-16,1,strategy,-1,74,C,5910.0,276,0.4868617653846741,0.05982905998826027,0.16129031777381897,11.699999809265137,0.0,-0.002303333720192313,-1.0,-0.8818897604942322,75,13.899999618530273,1,stop_vwap,0.1880341747974196,0.006,0.1820341747974196,212.97998104095458,-0.33000001311302185,-0.013642805048511985,1,176,0.0027127782814204693,-0.013929018860672951,87,0.0020455543413155294,39,0.19596319365809256,0.17998862045610406
2025-05-19,1,strategy,-1,114,C,5940.0,205,0.49318933486938477,0.04038461670279503,0.11214952915906906,10.399999618530273,0.0,0.0021915899123996496,1.0,-0.6353591084480286,115,10.0,1,target_first15,-0.038461503192516594,0.006,-0.04446150319251659,-46.23996162414551,-0.33000001311302185,-0.004435993512619078,1,172,0.003820721758529544,-0.0020130180269744835,85,-0.026919694661375598,39,-0.04244848516554211,-0.017541808531140995
2025-05-21,1,strategy,-1,81,P,5910.0,205,-0.479891300201416,0.05384615436196327,0.1353871077299118,11.699999809265137,0.0,-7.556378841400146e-05,0.7235386967658997,0.6761904954910278,85,10.720000267028809,4,stop_vwap,-0.08376064600106013,0.006,-0.08976064600106014,-105.01995410919191,-0.33000001311302185,0.005325470610698078,1,176,0.002141791395843029,-0.06524319999373729,87,-0.021037644721909905,39,-0.02451744600732285,-0.06872300127915024
2025-05-22,1,strategy,-1,77,P,5835.0,170,-0.4772951602935791,0.07531645894050598,0.1505376398563385,15.800000190734863,0.0,-0.0013444278156384826,0.07850179821252823,-0.9034369587898254,92,12.5,15,stop_vwap,-0.20886076904416664,0.006360000157356262,-0.21522076920152292,-340.0488194434166,0.33000001311302185,0.020963880206495044,1,170,0.003337225876748562,-0.058207297158780494,85,-0.015773020721226893,38,-0.1570134720427424,-0.19944774848029603
2025-05-23,1,strategy,-1,103,C,5785.0,223,0.48576122522354126,0.05303030461072922,0.14180928468704224,16.5,0.0,-0.00045743584632873535,0.2125857174396515,-0.9123134613037109,105,16.200000762939453,2,stop_vwap,-0.018181771943063446,0.006360000157356262,-0.024541772100419707,-40.49392396569252,0.33000001311302185,-0.003122734692418165,1,180,0.0042906939052045345,0.0004333234303266843,89,-0.014413316933091478,40,-0.02497509553074639,-0.01012845516732823
2025-05-27,1,strategy,-1,112,C,5895.0,190,0.48299890756607056,0.06104651093482971,0.16759777069091797,8.600000381469727,0.0,0.002390972338616848,1.0,-0.8459016680717468,113,9.0,1,target_first15,0.04651158148692013,0.006,0.040511581486920134,34.8399616241455,-0.33000001311302185,-0.00565667700087495,1,178,0.0033342817332595587,0.0030561640117546408,88,-0.010611072030422362,38,0.037455417475165495,0.05112265351734249
2025-05-28,1,strategy,-1,56,P,5915.0,170,-0.49646076560020447,0.0649193525314331,0.19354838132858276,12.399999618530273,0.0,-0.001984334085136652,-1.0,-0.9178743958473206,57,12.600000381469727,1,target_first15,0.016129094281630188,0.008,0.008129094281630188,10.080076599121096,-0.33000001311302185,-0.005354819363574602,1,182,0.0024234417360275984,-0.0005610843911587633,90,0.005343242475387431,39,0.008690178672788951,0.0027858518062427572
2025-05-30,1,strategy,-1,75,P,5900.0,273,-0.49509158730506897,0.03733333200216293,0.11295680701732635,15.0,0.0,0.0008769597625359893,0.536373496055603,-0.9255663156509399,76,13.399999618530273,1,stop_vwap,-0.10666669209798177,0.006,-0.11266669209798177,-169.00003814697266,-0.33000001311302185,-0.012662175074239255,1,176,0.00312559911981225,-0.02213422157544657,87,-0.02223990171487311,36,-0.0905324705225352,-0.09042679038310866
2025-06-02,1,strategy,-1,56,C,5895.0,160,0.5086362361907959,0.05196733400225639,0.1550387591123581,13.470000267028809,0.0,0.0014334216248244047,-0.7653263211250305,0.7590758800506592,86,15.399999618530273,30,time_stop,0.14328131501419644,0.008,0.13528131501419643,182.22393493652345,-0.33000001311302185,0.010341584277391146,1,160,0.0025704936124384403,-0.01234076477881267,79,-0.019604797718146518,39,0.1476220797930091,0.15488611273234296
2025-06-05,1,strategy,-1,74,C,5975.0,156,0.5249956250190735,0.05701986700296402,0.1625908762216568,15.100000381469727,0.0,0.0015817958628758788,-0.012629161588847637,-0.13793103396892548,104,17.5,30,time_stop,0.15894036807280362,0.006,0.15294036807280362,230.93996162414552,-0.33000001311302185,-0.005429292772528488,1,160,0.0043836249969899654,0.054973717227898684,79,0.0027915493855364517,39,0.09796665084490494,0.15014881868726718
2025-06-06,1,strategy,-1,107,P,6000.0,254,-0.48536643385887146,0.08749999850988388,0.18965516984462738,11.199999809265137,0.0,-0.0009186230599880219,-0.004566209856420755,-0.7243902683258057,108,16.600000381469727,1,target_first15,0.4821429164433976,0.006,0.47614291644339757,533.2800573348999,-0.33000001311302185,0.018888461988111158,1,164,0.004369709175080061,-0.021331260044894673,81,-0.02690257664298369,41,0.49747417648829223,0.5030454930863812
2025-06-09,1,strategy,-1,45,P,6005.0,175,-0.4973248541355133,0.037588026374578476,0.12067259848117828,11.359999656677246,0.0,0.0004439232579898089,0.3204272389411926,-0.8829787373542786,46,11.170000076293945,1,stop_vwap,-0.016725315680060054,0.008,-0.024725315680060055,-28.087957763671874,-0.33000001311302185,-0.004472694749299641,1,178,0.002496254863217473,-0.03856263828460487,88,-0.027353547106796564,39,0.013837322604544816,0.002628231426736509
2025-06-11,1,strategy,-1,34,C,6045.0,179,0.5113003849983215,0.03500000014901161,0.10169491171836853,12.0,0.0,0.00037935064756311476,0.07818317413330078,-0.018987340852618217,42,13.699999809265137,8,target_first15,0.14166665077209473,0.008,0.13366665077209472,160.39998092651365,-0.33000001311302185,-0.004482234395552228,1,176,0.0022234253119677305,0.005008915878444995,87,7.472951797046073e-05,37,0.12865773489364973,0.13359192125412425
2025-06-13,1,strategy,-1,33,P,5995.0,236,-0.4882550835609436,0.05337918549776077,0.11104020476341248,16.719999313354492,0.0,-0.0009677596972323954,-0.5062344074249268,0.8476190567016602,34,18.049999237060547,1,target_first15,0.07954545324913773,0.00848000020980835,0.07106545303932937,118.82143260208132,0.33000001311302185,0.0009725972395151904,1,174,0.0033411765471100807,-0.018220045634014387,86,-0.015615273145309777,37,0.08928549867334376,0.08668072618463915
2025-06-16,2,strategy,-1,117,C,6040.0,212,0.5099520087242126,0.04117647185921669,0.11320754885673523,10.199999809265137,0.0,0.0007874944130890071,1.0,-0.6431924700737,118,10.600000381469727,1,target_first15,0.03921574310631365,0.006,0.03321574310631365,33.8800573348999,-0.33000001311302185,-0.006766024971168333,1,172,0.003256474854424596,-0.005602625250535399,85,0.010023238480217394,17,0.03881836835684905,0.023192504626096257
2025-06-23,2,strategy,-1,85,C,5995.0,184,0.46629026532173157,0.061157893389463425,0.12955155968666077,9.5,0.0,0.0009006666950881481,1.0,-0.584269642829895,86,8.619999885559082,1,target_first15,-0.09263159099378084,0.006360000157356262,-0.09899159115113709,-94.04201159358023,0.33000001311302185,-0.006251799560529435,1,168,0.003838562872260809,-0.013933036763639627,84,0.016859690691532116,14,-0.08505855438749746,-0.11585128184266921
2025-06-24,2,strategy,-1,58,C,6070.0,196,0.5193557739257812,0.06733333319425583,0.1978452503681183,10.5,0.0,0.00018592683773022145,0.07859733700752258,-0.3316326439380646,72,13.800000190734863,14,target_first15,0.3142857324509394,0.008,0.3062857324509394,321.60001907348635,-0.33000001311302185,-0.001276668957270482,1,170,0.0027220959309488535,0.09141129258054123,84,-0.016040250079299684,16,0.21487443987039814,0.32232598253023903
2025-07-09,2,strategy,-1,59,P,6255.0,161,-0.46635130047798157,0.03010752610862255,0.0845070406794548,9.300000190734863,0.0,-0.000769064063206315,0.25,-0.4183673560619354,61,14.800000190734863,2,target_first15,0.5913978373333134,0.008,0.5833978373333134,542.5599998474121,-0.33000001311302185,0.013934648647079046,1,94,0.003256559371948242,0.04941660234142119,46,-0.024368417658124707,18,0.5339812349918922,0.6077662549914381
2025-07-11,2,strategy,-1,106,P,6255.0,206,-0.5330128073692322,0.03097345121204853,0.08178438991308212,11.300000190734863,0.0,-0.00025834841653704643,0.46055683493614197,-0.19801980257034302,110,8.5,4,stop_vwap,-0.24778762331620574,0.006,-0.25378762331620575,-286.7800191879272,-0.33000001311302185,0.04941055474917891,1,182,0.002762754214927554,-0.03175987074986802,90,-0.02700583876236958,13,-0.22202775256633772,-0.22678178455383616
2025-07-14,2,strategy,-1,58,P,6250.0,169,-0.504359245300293,0.07070706784725189,0.15679234266281128,9.899999618530273,0.0,-0.0002720321645028889,0.1711263209581375,-0.8099688291549683,67,8.5,9,stop_vwap,-0.14141410833085602,0.008,-0.14941410833085603,-147.91996154785156,-0.33000001311302185,0.02967575318293211,1,151,0.002573551144450903,-0.05035482679342535,81,0.03429717811451056,16,-0.09905928153743068,-0.18371128644536658
2025-07-15,2,strategy,-1,45,P,6285.0,165,-0.49064719676971436,0.03349282220005989,0.08602150529623032,10.449999809265137,0.0,-0.0003864024765789509,-0.5914855003356934,0.5,47,13.699999809265137,2,target_first15,0.3110047903654982,0.008,0.3030047903654982,316.6400001525879,-0.33000001311302185,-0.0015085302261087811,1,140,0.003511880524456501,0.010648163166154703,69,-0.008671645347593947,18,0.2923566271993435,0.31167643571309217
2025-07-17,2,strategy,-1,52,P,6275.0,146,-0.49990880489349365,0.07523364573717117,0.1994609236717224,10.699999809265137,0.0,-0.0001322361349593848,0.5364238619804382,-0.8544891476631165,59,9.0,7,stop_vwap,-0.15887848967932744,0.008,-0.16687848967932745,-178.5599807739258,-0.33000001311302185,0.034057308414411736,1,174,0.0024056537076830864,-0.02884674409254494,87,0.00883866515567813,19,-0.1380317455867825,-0.17571715483500558
2025-07-31,2,strategy,-1,53,C,6410.0,299,0.5182082653045654,0.04565217345952988,0.13953489065170288,11.5,0.0,0.0003123571805190295,-0.16517549753189087,0.9722222089767456,54,11.399999618530273,1,target_first15,-0.008695685345193615,0.008,-0.016695685345193615,-19.200038146972656,-0.33000001311302185,0.02110746096532988,1,116,0.004542300011962652,-0.03917909313000811,58,-0.010316138194180691,18,0.02248340778481449,-0.006379547151012924
2025-08-01,2,strategy,-1,65,C,6255.0,198,0.4991123378276825,0.04736527055501938,0.1279003918170929,16.700000762939453,0.0,0.0014733575517311692,-0.43468034267425537,-0.9386792182922363,73,11.859999656677246,8,stop_vwap,-0.2898204122842383,0.006,-0.29582041228423833,-494.0201110839844,-0.33000001311302185,0.021416758803025994,1,162,0.007498364895582199,-0.10685194036576307,80,-0.006653850442422719,17,-0.18896847191847527,-0.2891665618418156
2025-08-04,2,strategy,-1,105,C,6315.0,193,0.467593252658844,0.0560000017285347,0.13235294818878174,7.5,0.0,0.0014730453258380294,1.0,-0.8648648858070374,106,7.070000171661377,1,target_first15,-0.05733331044514974,0.006,-0.06333331044514974,-47.499982833862305,-0.33000001311302185,-0.007685338508175245,1,170,0.0043256450444459915,-0.011252832547654216,84,-0.011904510595698196,15,-0.05208047789749552,-0.05142879984945155
2025-08-07,2,strategy,-1,36,P,6380.0,177,-0.49762898683547974,0.07113821059465408,0.16981132328510284,12.300000190734863,0.0,-0.00029024327523075044,-0.39701104164123535,0.9127516746520996,37,15.100000381469727,1,target_first15,0.2276422883996376,0.008,0.2196422883996376,270.1600189208984,-0.33000001311302185,0.00379183156760453,1,66,0.0024139888118952513,0.07041744045219049,33,0.006545679234225954,15,0.14922484794744711,0.21309660916541165
2025-08-12,2,strategy,-1,36,P,6400.0,188,-0.4893319308757782,0.05040000006556511,0.1355932205915451,12.5,0.0,-0.0001775728742359206,-0.5810239315032959,0.5150375962257385,37,10.069999694824219,1,stop_vwap,-0.1944000244140625,0.008,-0.20240002441406252,-253.00003051757812,-0.33000001311302185,0.0008792907696359018,1,154,0.003325710305944085,-0.022528323036137193,77,0.03468183342180596,15,-0.17987170137792532,-0.2370818578358685
2025-08-15,2,strategy,-1,37,C,6460.0,296,0.49364161491394043,0.04638124257326126,0.13333334028720856,9.8100004196167,0.0,-0.0009136990993283689,-1.0,-0.21264368295669556,38,10.199999809265137,1,stop_vwap,0.039755287764164614,0.008,0.031755287764164614,31.15193862915039,-1.0,-0.006872937073143454,1,174,0.002053079893812537,-0.009747277139457503,86,-0.048633140567309115,18,0.04150256490362211,0.08038842833147372
2025-08-19,2,strategy,-1,61,P,6445.0,179,-0.4891999065876007,0.0490909107029438,0.11796246469020844,7.699999809265137,0.0,-0.00020447798306122422,0.2223738133907318,-0.15454545617103577,62,5.840000152587891,1,stop_vwap,-0.2415584029546565,0.006,-0.2475584029546565,-190.6199655532837,-1.0,0.00898818953485615,1,80,0.0022759416606277227,0.09609772122217153,40,-0.04710603187829151,17,-0.343656124176828,-0.200452371076365
2025-08-20,2,strategy,-1,119,C,6380.0,159,0.49187979102134705,0.021212121471762657,0.06060606241226196,9.899999618530273,0.0,0.0009546756045892835,-1.0,0.5280898809432983,120,9.0,1,time_stop,-0.09090905587972992,0.006,-0.09690905587972992,-95.93996162414552,-0.33000001311302185,0.033705638883673165,1,160,0.0021255763713270426,-1.2341795246152962e-05,79,0.012630439649938117,17,-0.09689671408448376,-0.10953949552966805
2025-08-21,2,strategy,-1,108,P,6375.0,156,-0.5057263970375061,0.040495868772268295,0.13215859234333038,12.100000381469727,0.0,-0.0003289545711595565,-0.030604982748627663,-0.9107142686843872,109,10.100000381469727,1,stop_vwap,-0.16528925098736816,0.006,-0.17128925098736816,-207.26000022888184,-0.33000001311302185,0.0029188562847005865,1,164,0.0022079842165112495,-0.02763157629873094,81,-0.014387726813711393,17,-0.14365767468863722,-0.15690152417365677
2025-08-22,2,strategy,-1,93,C,6475.0,249,0.529528796672821,0.04684771969914436,0.13649851083755493,10.3100004196167,0.0,0.004857865162193775,1.0,0.9259259104728699,94,10.699999809265137,1,target_first15,0.037827291345826804,0.006,0.031827291345826805,32.81393871307373,-1.0,-0.007542775139094394,1,140,0.0037142245564609766,0.0009230942243593672,69,-0.03374894890893359,15,0.030904197121467438,0.06557624025476039
2025-09-02,2,strategy,-1,93,P,6390.0,162,-0.5221654176712036,0.03003731369972229,0.06593406945466995,13.399999618530273,0.0,-0.0003455789992585778,0.1051972433924675,0.28742516040802,120,20.34000015258789,27,time_stop,0.5179105023600593,0.006,0.5119105023600593,685.9600536346435,-0.33000001311302185,0.015412135532084582,1,172,0.005004480946809053,0.058564525858699396,85,0.04249927770646808,15,0.4533459765013599,0.4694112246535912
2025-09-10,2,strategy,-1,92,P,6545.0,176,-0.5037267804145813,0.05617284029722214,0.15856777131557465,8.100000381469727,0.0,-0.00032175867818295956,0.049707602709531784,-0.8687782883644104,106,12.199999809265137,14,target_first15,0.5061727450254113,0.006,0.5001727450254113,405.13994255065916,-1.0,0.0024788810512068153,1,152,0.0020910620223730803,0.10737671582996411,77,0.025044170267281438,13,0.3927960291954472,0.47512857475812986
2025-09-18,3,strategy,-1,54,P,6650.0,199,-0.5066481232643127,0.049318183213472366,0.16393442451953888,11.0,0.0,0.0027922496665269136,1.0,0.8547486066818237,55,9.970000267028809,1,stop_vwap,-0.0936363393610174,0.008,-0.1016363393610174,-111.79997329711915,-0.33000001311302185,-0.007232224676780239,1,170,0.0024643836077302694,-0.010069118096043772,84,-0.019542666396772046,32,-0.09156722126497363,-0.08209367296424536
2025-09-19,3,strategy,-1,84,P,6645.0,331,-0.5230467319488525,0.040526315569877625,0.12413793057203293,9.5,0.0,-0.0004583814588841051,-0.5823405981063843,-0.6994818449020386,85,11.199999809265137,1,target_first15,0.1789473483436986,0.006,0.1729473483436986,164.29998092651368,-0.33000001311302185,0.002788677050751595,1,174,0.0021484848111867905,0.01599097301646629,86,0.04244259745881001,31,0.1569563753272323,0.13050475088488858
2025-09-25,3,strategy,-1,30,P,6585.0,159,-0.5141962766647339,0.04932885989546776,0.14871953427791595,14.899999618530273,0.0,-0.0007146790158003569,-0.5541478395462036,-0.12184873968362808,31,11.699999809265137,1,stop_vwap,-0.21476509336855826,0.008,-0.22276509336855826,-331.9199806213379,-0.33000001311302185,-0.0043407517913988825,1,170,0.005036539398133755,-0.012086593033405818,85,-0.013455681870216351,21,-0.21067850033515245,-0.20930941149834192
2025-09-26,3,strategy,-1,70,P,6625.0,208,-0.5115527510643005,0.05634751915931702,0.184422567486763,14.100000381469727,0.0,-0.0007754197577014565,-0.44274523854255676,0.6589147448539734,75,18.399999618530273,5,target_first15,0.3049644766472221,0.006,0.2989644766472221,421.53992347717286,-0.33000001311302185,0.0023411164168867563,1,108,0.004040827509015799,0.042596676981853036,53,-0.014487013776495665,30,0.25636779966536904,0.3134514904237177
2025-10-01,3,strategy,-1,32,P,6665.0,186,-0.480147123336792,0.040833331644535065,0.12598425149917603,12.0,0.0,-0.0002701680641621351,-0.3143683671951294,-0.19736842811107635,33,10.600000381469727,1,stop_vwap,-0.11666663487752278,0.008,-0.12466663487752278,-149.59996185302734,-0.33000001311302185,0.003965780357207804,1,166,0.0031078332103788853,-0.036773699162695385,84,-0.024253085503838336,27,-0.0878929357148274,-0.10041354937368444
2025-10-02,3,strategy,-1,33,P,6720.0,194,-0.511976420879364,0.04816513881087303,0.11180124431848526,10.899999618530273,0.0,-0.0005142890149727464,-0.5317286849021912,0.9497717022895813,40,13.399999618530273,7,target_first15,0.2293578061920238,0.008,0.2213578061920238,241.28000030517578,-0.33000001311302185,-0.002742969486447146,1,122,0.0027204162906855345,0.03176970536840434,60,-0.037068056885950496,30,0.18958810082361946,0.2584258630779743
2025-10-03,3,strategy,-1,34,P,6730.0,243,-0.515519917011261,0.046875,0.1485714316368103,11.199999809265137,0.0,-0.0005822444800287485,-0.3114143908023834,0.6451612710952759,42,8.899999618530273,8,stop_vwap,-0.20535716338425303,0.008,-0.21335716338425303,-238.96001892089848,-0.33000001311302185,0.0030125381122407106,1,164,0.002394000068306923,-0.047084634208482065,85,-0.023531920338406277,30,-0.16627252917577096,-0.18982524304584675
2025-10-06,3,strategy,-1,43,P,6725.0,191,-0.45983219146728516,0.043696969747543335,0.12371134012937546,8.25,0.0,-0.0003882721357513219,-0.6516044735908508,0.3478260934352875,51,6.800000190734863,8,stop_vwap,-0.1757575526381984,0.008,-0.1837575526381984,-151.59998092651367,-0.33000001311302185,-0.008529308900741767,1,156,0.0022699502296745777,-0.03327587193200316,79,-0.0008833524544140709,33,-0.15048168070619525,-0.18287420018378434
2025-10-09,3,strategy,-1,81,C,6735.0,182,0.5161958336830139,0.046666666865348816,0.13953489065170288,9.0,0.0,-0.0014693844132125378,-1.0,0.5722543597221375,82,8.0,1,stop_vwap,-0.1111111111111111,0.006,-0.11711111111111111,-105.4,-0.33000001311302185,-0.007405325692041654,1,146,0.0020964392460882664,-0.020673229290713406,71,0.0063511486398019215,30,-0.0964378818203977,-0.12346225975091303
2025-10-10,3,strategy,-1,50,P,6750.0,292,-0.5131217241287231,0.07455000281333923,0.19308701157569885,10.0,0.0,-0.0003472412936389446,-0.1872294396162033,0.8666666746139526,55,8.100000381469727,5,stop_vwap,-0.18999996185302734,0.008,-0.19799996185302735,-197.99996185302734,-0.33000001311302185,0.0017144080236587678,1,90,0.0027332790195941925,-0.048621189289544606,46,-0.002195265064843115,29,-0.14937877256348275,-0.19580469678818424
2025-10-13,3,strategy,-1,59,P,6635.0,182,-0.5171304941177368,0.02153846062719822,0.037533510476350784,19.5,0.0,-0.0007430423283949494,0.18347638845443726,0.6448979377746582,64,15.399999618530273,5,stop_vwap,-0.21025642981896034,0.00848000020980835,-0.2187364300287687,-426.53603855609896,0.33000001311302185,0.0052047622961662685,1,168,0.0028119846247136593,-0.11514467484784388,83,-0.005645671421376019,32,-0.10359175518092481,-0.21309075860739268
2025-10-14,3,strategy,-1,30,C,6590.0,194,0.503009557723999,0.02488151751458645,0.07025761157274246,21.100000381469727,0.0,0.0019440081669017673,0.4185495972633362,-0.7797619104385376,31,21.1200008392334,1,target_first15,0.0009478889764019397,0.00848000020980835,-0.00753211123340641,-15.892754989814767,0.33000001311302185,0.0033272319580684526,1,180,0.007078672759234905,0.0007801233248807033,89,-0.0033263185556371587,21,-0.008312234558287113,-0.004205792677769251
2025-10-17,3,strategy,-1,107,P,6620.0,298,-0.49290168285369873,0.04250418767333031,0.11345484107732773,23.8799991607666,0.0,-0.001083016162738204,0.09530292451381683,0.6226012706756592,120,24.799999237060547,13,time_stop,0.03852596769791558,0.006360000157356262,0.032165967540559316,76.81232778738021,0.33000001311302185,0.006892191969026308,1,158,0.0044458163902163506,-0.034515815607427835,78,-0.024456955119726675,29,0.06668178314798714,0.05662292266028599
2025-10-20,3,strategy,-1,32,C,6715.0,216,0.47528690099716187,0.049065422266721725,0.125681072473526,10.699999809265137,0.0,0.00041331988177262247,0.8983933925628662,0.009569377638399601,33,12.4399995803833,1,target_first15,0.1626168039378372,0.008,0.1546168039378372,165.4399772644043,-0.33000001311302185,-0.006604719797226446,1,178,0.003431464545428753,0.0025164514037760823,88,0.026418591943284456,27,0.15210035253406112,0.12819821199455272
2025-10-22,3,strategy,-1,31,C,6735.0,207,0.5285972952842712,0.04371584579348564,0.12598425149917603,12.8100004196167,0.0,0.0003030842053703964,0.20456069707870483,0.2639405131340027,32,11.729999542236328,1,stop_vwap,-0.08430919921958027,0.008,-0.09230919921958028,-118.24808807373049,-0.33000001311302185,0.002205500304512263,1,114,0.0022127078846096992,-0.05398951971486016,57,-0.06246628738861788,28,-0.03831967950472012,-0.029842911830962396
2025-10-23,3,strategy,-1,53,P,6715.0,169,-0.4808085560798645,0.07453462481498718,0.17322835326194763,13.430000305175781,0.0,9.382601274410263e-05,0.8949320316314697,0.9858585596084595,54,12.800000190734863,1,stop_vwap,-0.046909910657122064,0.008,-0.054909910657122064,-73.74401168823242,-0.33000001311302185,0.015532514464606215,1,162,0.002407240215688944,0.011292785044318045,80,-0.027475543036911326,33,-0.0662026957014401,-0.027434367620210738
2025-10-24,3,strategy,-1,62,P,6790.0,260,-0.5138906240463257,0.05787401646375656,0.1463414579629898,12.699999809265137,0.0,-0.0006084993365220726,0.17598499357700348,0.4122137427330017,69,9.899999618530273,7,stop_vwap,-0.22047245927453918,0.006,-0.22647245927453918,-287.6200189590454,-0.33000001311302185,0.006074358217500062,1,176,0.003920691553503275,-0.05004567135577696,87,0.013032766320635403,29,-0.1764267879187622,-0.2395052255951746
2025-10-28,3,strategy,-1,68,C,6885.0,207,0.5424641966819763,0.02816092036664486,0.08187134563922882,8.699999809265137,0.0,0.00023394687741529197,-0.5300193428993225,0.6619718074798584,69,7.300000190734863,1,stop_vwap,-0.16091949991071636,0.006,-0.16691949991071636,-145.21996173858645,-0.33000001311302185,-0.007459918138063556,1,180,0.002251224359497428,-0.01558685757709086,89,-0.0005446053579667127,31,-0.1513326423336255,-0.16637489455274965
2025-10-30,3,strategy,-1,59,P,6860.0,208,-0.521099328994751,0.025789473205804825,0.07061322033405304,19.0,0.0,-0.000379479315597564,0.6754008531570435,-0.7567567825317383,60,15.699999809265137,1,stop_vwap,-0.1736842205649928,0.008,-0.1816842205649928,-345.2000190734863,-0.33000001311302185,0.022839350753878426,1,170,0.003733244491741061,-0.013969623964274855,84,-0.006803552967119018,32,-0.16771459660071797,-0.1748806675978738
2025-10-31,3,strategy,-1,76,C,6870.0,334,0.4877762794494629,0.02566666714847088,0.07177814096212387,12.0,0.0,0.0013666893355548382,0.17578409612178802,-0.03703703731298447,106,10.699999809265137,30,time_stop,-0.10833334922790527,0.006,-0.11433334922790528,-137.20001907348635,-0.33000001311302185,-0.006422041889848884,1,180,0.004002253524959087,-0.08679043507489494,89,-0.03100969156213969,30,-0.027542914153010342,-0.08332365766576559
2025-11-03,3,strategy,-1,109,C,6850.0,194,0.4883119463920593,0.019999999552965164,0.0555555559694767,11.0,0.0,0.00015239180356729776,-1.0,0.47580644488334656,110,9.699999809265137,1,stop_vwap,-0.11818183552135121,0.006,-0.12418183552135122,-136.60001907348632,-0.33000001311302185,-0.0019033120204312165,1,146,0.00453683827072382,-0.01810088374837747,72,0.021477132029555118,29,-0.10608095177297375,-0.14565896755090635
2025-11-04,3,strategy,-1,116,P,6800.0,171,-0.5189277529716492,0.031343284994363785,0.06506364792585373,13.399999618530273,0.0,0.0002713038120418787,1.0,-0.49740931391716003,117,12.100000381469727,1,stop_vwap,-0.09701487119916292,0.006,-0.10301487119916293,-138.03992347717283,-0.33000001311302185,-0.011169968311464225,1,178,0.0036224571522325277,-0.005971207452816121,88,-0.021852941603398575,27,-0.0970436637463468,-0.08116192959576435
2025-11-06,3,strategy,-1,56,C,6770.0,166,0.500926673412323,0.059477124363183975,0.16149067878723145,15.300000190734863,0.0,-0.00013772583042737097,-1.0,-0.7751606106758118,57,14.399999618530273,1,stop_vwap,-0.05882356607744346,0.008,-0.06682356607744347,-102.2400573730469,-0.33000001311302185,-0.006011575901222035,1,104,0.002697653602808714,-0.02684832256284702,51,-0.024368615042903188,29,-0.03997524351459645,-0.04245495103454028
2025-11-07,3,strategy,-1,33,P,6675.0,202,-0.5156419277191162,0.0469696968793869,0.1473684161901474,23.100000381469727,0.0,-0.0007344938931055367,-0.44853800535202026,-0.8183391094207764,36,28.479999542236328,3,target_first15,0.2329003927239027,0.00848000020980835,0.22442039251409435,518.4111152685166,0.33000001311302185,0.008471233165471574,1,174,0.005121124908328056,0.039974246676413985,86,-0.037170143096686176,30,0.18444614583768038,0.2615905356107805
2025-11-10,3,strategy,-1,75,P,6800.0,201,-0.4699656069278717,0.06517241150140762,0.1428571492433548,11.600000381469727,0.0,-0.0005682143964804709,0.2253086417913437,0.8919667601585388,77,13.100000381469727,2,target_first15,0.12931034057517413,0.006,0.12331034057517412,143.03999977111818,-0.33000001311302185,0.00585679291545593,1,116,0.0038063351530581713,0.0197657585478828,57,0.00015300418317523392,26,0.10354458202729132,0.12315733639199888
2025-11-13,3,strategy,-1,31,P,6805.0,167,-0.4793221056461334,0.04969135671854019,0.10826210677623749,16.200000762939453,0.0,-0.0005800638464279473,-0.31609195470809937,-0.7622950673103333,37,13.300000190734863,6,stop_vwap,-0.17901237256969063,0.008,-0.18701237256969064,-302.96005783081057,-0.33000001311302185,-0.0047613761851602494,1,104,0.004607474431395531,0.0860173241949392,52,0.007030904592541336,28,-0.27302969676462985,-0.19404327716223196
2025-11-14,3,strategy,-1,32,C,6700.0,203,0.4867185354232788,0.03125,0.08230452984571457,22.399999618530273,0.0,0.0029677138663828373,1.0,0.08965517580509186,33,21.350000381469727,1,target_first15,-0.046874966738478914,0.00848000020980835,-0.05535496694828726,-123.99512385253905,0.33000001311302185,-0.008415242903727294,1,170,0.0057737254537642,0.009416381876164455,84,0.0341953241983261,27,-0.06477134882445171,-0.08955029114661336
2025-11-17,3,strategy,-1,73,P,6730.0,176,-0.5147998929023743,0.07270531356334686,0.16853933036327362,18.6299991607666,0.0,-0.00048241496551781893,0.17130231857299805,0.828519880771637,74,15.680000305175781,1,stop_vwap,-0.15834669825446365,0.006360000157356262,-0.16470669841181992,-306.8485653184843,0.33000001311302185,0.01763334095493537,1,144,0.005706885363906622,0.08372668912314989,71,0.00823162873427536,31,-0.2484333875349698,-0.17293832714609528
2025-11-18,3,strategy,-1,118,C,6635.0,162,0.4852930009365082,0.0455729179084301,0.1336459517478943,19.200000762939453,0.0,0.003202565014362335,-0.5545053482055664,0.8152866363525391,120,19.299999237060547,2,time_stop,0.005208253653516227,0.006360000157356262,-0.0011517465038400352,-2.2113533752441525,0.33000001311302185,0.018252504727454565,1,120,0.004776085261255503,0.045123253180723646,59,0.009065664449200617,28,-0.04627499968456368,-0.010217410953040653
2025-11-19,3,strategy,-1,93,P,6650.0,196,-0.5060559511184692,0.04170984402298927,0.09142857044935226,19.299999237060547,0.0,-0.0018474775133654475,0.915939211845398,-0.5508474707603455,120,23.75,27,time_stop,0.23056999683162696,0.006360000157356262,0.2242099966742707,432.7252764754772,0.33000001311302185,0.08165544774531808,1,150,0.004650701303035021,0.06009222658190753,74,-0.011454311535311318,28,0.16411777009236317,0.235664308209582
2025-11-20,3,strategy,-1,87,P,6750.0,241,-0.48820847272872925,0.06916167587041855,0.18960244953632355,16.700000762939453,0.0,-0.0006110144895501435,0.26179367303848267,0.8015384674072266,89,20.700000762939453,2,target_first15,0.23952094714131852,0.006360000157356262,0.23316094698396225,389.37879925198547,0.33000001311302185,0.006365948748417014,1,120,0.0028581502847373486,-0.0016817688110744818,60,-0.010588326844976306,29,0.23484271579503674,0.24374927382893857
2025-11-24,3,strategy,-1,39,C,6665.0,214,0.502768337726593,0.04306282848119736,0.11764705926179886,19.100000381469727,0.0,0.0015305246924981475,0.5924528241157532,-0.2181818187236786,44,21.700000762939453,5,target_first15,0.1361256717037646,0.00848000020980835,0.12764567149395625,243.80323742275237,0.33000001311302185,0.0011735302084958054,1,178,0.005182204302400351,0.02342931031873464,88,0.028073977840061833,32,0.10421636117522161,0.09957169365389443
2025-11-25,3,strategy,-1,37,C,6695.0,184,0.510374903678894,0.06648045033216476,0.1931818127632141,17.899999618530273,0.0,0.0005873371846973896,-0.47903525829315186,0.7616000175476074,44,16.31999969482422,7,stop_vwap,-0.088268154043446,0.00848000020980835,-0.09674815425325435,-173.1791924226761,0.33000001311302185,-0.005124838792213553,1,156,0.004033458884805441,0.073497992305725,77,0.032040525595950164,28,-0.17024614655897935,-0.1287886798492045
2025-12-01,3,strategy,-1,63,P,6810.0,198,-0.4912570118904114,0.04285714402794838,0.11999999731779099,14.699999809265137,0.0,-0.0009921503951773047,0.153616264462471,-0.634441077709198,72,11.069999694824219,9,stop_vwap,-0.246938786499371,0.006,-0.252938786499371,-371.8200113296509,-0.33000001311302185,0.01902565999460428,1,172,0.0024562773760408163,-0.0491904934479835,85,-0.028951906107261748,31,-0.20374829305138753,-0.22398688039210926
2025-12-03,3,strategy,-1,43,C,6825.0,163,0.483567476272583,0.02987160161137581,0.06686930358409882,13.239999771118164,0.0,-7.87411627243273e-05,0.2647058963775635,-0.6682027578353882,45,15.0,2,target_first15,0.13293053318030365,0.008,0.12493053318030364,165.40802307128902,-0.33000001311302185,-0.006305345054459327,1,178,0.0025913873687386513,-0.005610640200933309,88,-0.016138063815546715,33,0.13054117338123694,0.14106859699585036
2025-12-04,3,strategy,-1,72,C,6860.0,163,0.47701728343963623,0.02074829861521721,0.07518796622753143,10.289999961853027,0.0,0.0007740598521195352,-0.054192811250686646,-0.01764705963432789,77,6.5,5,stop_vwap,-0.3683187537320965,0.006,-0.3743187537320965,-385.1739961624146,-0.33000001311302185,0.002131935174054846,1,172,0.0025582427624613047,-0.05507097320798986,85,0.00596609478276887,30,-0.31924778052410663,-0.3802848485148654
2025-12-08,4,strategy,-1,32,C,6870.0,178,0.5009039640426636,0.04875621944665909,0.14141413569450378,10.050000190734863,0.0,-0.0003895701374858618,-0.3310006856918335,0.6335078477859497,33,10.0,1,stop_vwap,-0.004975143262281594,0.008,-0.012975143262281594,-13.04001922607422,-0.33000001311302185,-0.0038453037469940625,1,86,0.0020800218917429447,-0.02121318826594045,42,-0.05433579060560696,29,0.008238045003658857,0.04136064734332537
2025-12-10,4,strategy,-1,77,C,6840.0,171,0.4927765727043152,0.02500000037252903,0.0729166641831398,19.600000381469727,0.0,-4.422536221682094e-05,0.46021145582199097,0.9783393740653992,79,21.5,2,target_first15,0.09693875416076905,0.006,0.09093875416076905,178.2399616241455,-0.33000001311302185,-0.002251590788697957,1,86,0.002627035602927208,-0.004425487082512986,43,-0.032271350080743624,37,0.09536424124328204,0.12321010424151267
2025-12-11,4,strategy,-1,39,C,6860.0,182,0.5026487708091736,0.04382113739848137,0.13084112107753754,12.300000190734863,0.0,0.0008960894192568958,-0.4811655879020691,0.7044776082038879,50,16.399999618530273,11,target_first15,0.33333328164366927,0.008,0.32533328164366926,400.15994262695307,-0.33000001311302185,0.00238523275838086,1,158,0.00205059302970767,0.08565335927477849,79,-0.006343598983413541,38,0.23967992236889077,0.3316768806270828
2025-12-15,4,strategy,-1,92,P,6820.0,158,-0.4759153723716736,0.06402438879013062,0.14913958311080933,12.300000190734863,0.0,-0.0014999404083937407,-1.0,0.726190447807312,93,14.5,1,target_first15,0.17886177033739523,0.006,0.17286177033739522,212.61998081207275,-0.33000001311302185,-0.006685289258203213,1,96,0.002595603233203292,-0.01115269287770798,47,0.01120716874968202,35,0.1840144632151032,0.1616546015877132
2025-12-16,4,strategy,-1,33,P,6805.0,166,-0.5152673125267029,0.055927835404872894,0.10038609802722931,19.399999618530273,0.0,-0.0007257643737830222,0.015562471933662891,-0.9786666631698608,34,15.800000190734863,1,stop_vwap,-0.18556698446307202,0.008,-0.19356698446307202,-375.5199424743652,-0.33000001311302185,-0.00234384275696078,1,142,0.0033131460659205914,0.11232428745190821,70,-0.002440827073235494,31,-0.3058912719149802,-0.19112615738983652
2025-12-17,4,strategy,-1,36,C,6800.0,159,0.5187200903892517,0.0559171587228775,0.1487603336572647,16.899999618530273,0.0,0.00026746539515443146,-0.05680793523788452,-0.6274510025978088,37,15.399999618530273,1,stop_vwap,-0.0887573984531515,0.008,-0.09675739845315151,-163.51999969482424,-0.33000001311302185,-0.0069641052756054785,1,132,0.003265976905822754,-0.03232319219857027,65,-0.021634346738919903,33,-0.06443420625458124,-0.07512305171423161
2025-12-18,4,strategy,-1,45,P,6780.0,168,-0.5213645100593567,0.04850543662905693,0.09214092046022415,18.399999618530273,0.0,-0.0009809567127376795,-0.5014992356300354,0.1376975178718567,52,14.399999618530273,7,stop_vwap,-0.21739130885479366,0.008,-0.22539130885479366,-414.71999969482425,-0.33000001311302185,-0.003579484418712321,1,174,0.003938274923712015,-0.047669343712585514,86,-0.04448198932452227,39,-0.17772196514220814,-0.1809093195302714
2025-12-19,4,strategy,-1,35,C,6830.0,274,0.49182775616645813,0.05180000141263008,0.1459566056728363,12.5,0.0,0.0017911954782903194,1.0,-0.6390374302864075,36,11.600000381469727,1,target_first15,-0.07199996948242188,0.008,-0.07999996948242188,-99.99996185302736,-0.33000001311302185,-0.00700332495485227,1,170,0.004492448642849922,-0.014133390966220852,85,0.0055177776124983825,31,-0.06586657851620104,-0.08551774709492027
2025-12-22,4,strategy,-1,99,C,6870.0,179,0.5391004085540771,0.04256756603717804,0.1258741319179535,7.400000095367432,0.0,0.0008954761433415115,0.5701298713684082,0.2673267424106598,101,8.600000381469727,2,target_first15,0.1621621987347706,0.006,0.1561621987347706,115.56002855300902,-1.0,-0.009895378298550424,1,155,0.002244489034637809,0.11402445357373561,73,0.026278840971802452,37,0.042137745161034995,0.12988335776296817
2025-12-23,4,strategy,-1,40,P,6880.0,154,-0.5193589329719543,0.05651041492819786,0.13917525112628937,9.600000381469727,0.0,-0.0005677039735019207,-0.036552101373672485,0.23849372565746307,41,12.199999809265137,1,target_first15,0.2708332629667416,0.008,0.2628332629667416,252.31994247436523,-1.0,-0.0015750506544962705,1,146,0.002661057049408555,-0.01792718009489872,77,0.017793173429333595,39,0.28076044306164033,0.245040089537408
2025-12-29,4,strategy,-1,32,P,6905.0,179,-0.5012942552566528,0.05384615436196327,0.13103097677230835,10.399999618530273,0.0,-0.0006376053206622601,-0.46191105246543884,-0.7137404680252075,34,11.5,2,target_first15,0.10576927132860592,0.008,0.09776927132860591,101.68003845214844,-1.0,-0.003527509002466568,1,166,0.0032887638080865145,-0.0015102928422842938,83,-0.015153239270067594,29,0.0992795641708902,0.1129225105986735
2025-12-31,4,strategy,-1,88,C,6870.0,234,0.5281178951263428,0.02522522583603859,0.07339449226856232,11.100000381469727,0.0,-0.002039432991296053,-1.0,0.7584269642829895,89,11.0,1,stop_vwap,-0.009009043066040483,0.006,-0.015009043066040484,-16.66003837585449,-1.0,-0.006694828259484539,1,176,0.002494867192581296,-0.014863063356197123,87,0.009529735000358823,34,-0.00014597970984336038,-0.024538778066399307
2026-01-02,4,strategy,-1,103,C,6840.0,175,0.5183157920837402,0.04798386991024017,0.14592275023460388,12.399999618530273,0.0,-0.0034979612100869417,-1.0,1.0,104,14.0,1,stop_vwap,0.12903229279771292,0.006,0.12303229279771291,152.5600383758545,-0.33000001311302185,-0.005351642987331297,1,74,0.0030199927277863026,-0.04436346162067164,36,-0.020140849024350968,34,0.16739575441838456,0.14317314182206387
2026-01-08,4,strategy,-1,32,C,6905.0,146,0.5230280160903931,0.03934108465909958,0.11306042969226837,12.899999618530273,0.0,-0.0006962640327401459,-0.5828065872192383,-0.1419753134250641,33,13.600000381469727,1,stop_vwap,0.05426362663871193,0.008,0.04626362663871193,59.680076599121094,-0.33000001311302185,-0.004996302161506803,1,160,0.002291743876412511,0.009861145398708858,79,-0.056378506809089506,29,0.03640248124000307,0.10264213344780143
2026-01-09,4,strategy,-1,31,C,6935.0,206,0.5210165977478027,0.04277777671813965,0.11518324911594391,18.0,0.0,-0.0003755329817067832,-0.2521008551120758,-0.4650537669658661,33,14.600000381469727,2,stop_vwap,-0.1888888676961263,0.008,-0.19688886769612632,-354.3999618530274,-0.33000001311302185,-0.003802295159973311,1,152,0.003086949000135064,0.0555148342374416,75,-0.03575143289810376,35,-0.2524037019335679,-0.16113743479802256
2026-01-12,4,strategy,-1,75,C,6960.0,183,0.47068068385124207,0.060220587998628616,0.1501014232635498,6.800000190734863,0.0,0.000462017284007743,1.0,-0.6696969866752625,76,6.900000095367432,1,target_first15,0.01470586791583039,0.006,0.00870586791583039,5.919990348815918,-0.33000001311302185,-0.0061127967230804915,1,165,0.0033656861633062363,0.003224188305113601,79,-0.01450411783665757,37,0.005481679610716789,0.02320998575248796
2026-01-14,4,strategy,-1,48,C,6930.0,156,0.5194606781005859,0.05147058889269829,0.15267175436019897,13.600000381469727,0.0,0.0012635810999199748,0.00586907472461462,0.6018099784851074,53,9.199999809265137,5,stop_vwap,-0.32352944476381623,0.008,-0.33152944476381624,-450.88005752563475,-0.33000001311302185,-0.0049892801494622495,1,152,0.0032021719962358475,-0.029092378473118637,76,0.03175468715427538,33,-0.3024370662906976,-0.3632841319180916
2026-01-20,4,strategy,-1,52,C,6855.0,177,0.505462646484375,0.05321637541055679,0.16455696523189545,17.100000381469727,0.0,0.0013578161597251892,0.20189160108566284,1.0,53,17.899999618530273,1,target_first15,0.046783580070995756,0.008,0.038783580070995756,66.3199234008789,-0.33000001311302185,0.0017596375557811731,1,168,0.004012992139905691,0.00361515767225202,83,0.0101003648027966,33,0.03516842239874374,0.028683215268199155
2026-01-21,4,strategy,-1,34,C,6850.0,153,0.47575047612190247,0.051153846085071564,0.10608331114053726,13.0,0.0,0.002755754394456744,1.0,-1.0,35,13.0,1,target_first15,0.0,0.008,-0.008,-10.4,-0.33000001311302185,-0.006465743174681548,1,166,0.0028249125462025404,0.0019365500480683496,82,0.016441076094811772,32,-0.00993655004806835,-0.024441076094811772
2026-01-22,4,strategy,-1,110,C,6925.0,162,0.4655340313911438,0.05060240998864174,0.14223513007164001,8.300000190734863,0.0,0.0013192433398216963,-0.020481927320361137,0.8837209343910217,120,7.400000095367432,10,time_stop,-0.10843374393799232,0.006,-0.11443374393799233,-94.98000965118408,-0.33000001311302185,0.0010035920200511877,1,160,0.002400047378614545,-0.01553961985223657,79,0.010436260166165081,36,-0.09889412408575576,-0.12487000410415741
2026-01-23,4,strategy,-1,49,C,6910.0,166,0.4827893376350403,0.02401960827410221,0.06763284653425217,10.199999809265137,0.0,0.00017843842215370387,0.39976826310157776,-0.3206106722354889,50,12.899999618530273,1,target_first15,0.2647058686033112,0.008,0.2567058686033112,261.83998107910156,-0.33000001311302185,-0.004187663999022001,1,174,0.002498957561329007,0.0044033247639990785,86,0.004526230364678659,37,0.2523025438393121,0.25217963823863254
2026-01-26,4,strategy,-1,109,C,6950.0,193,0.48919808864593506,0.039000000804662704,0.11287988722324371,7.0,0.0,0.00040427056956104934,1.0,-0.5828877091407776,110,6.0,1,target_first15,-0.14285714285714285,0.006,-0.14885714285714285,-104.2,-0.33000001311302185,-0.006417980106887354,1,159,0.00359282991848886,0.004272277647873243,76,-0.014353112934740212,36,-0.1531294205050161,-0.13450402992240265
2026-01-29,4,strategy,-1,41,C,6930.0,161,0.5190896391868591,0.056806281208992004,0.17270195484161377,19.100000381469727,0.0,-0.003823392791673541,-1.0,0.9177419543266296,42,16.0,1,stop_vwap,-0.16230368165213538,0.008,-0.17030368165213539,-325.28003845214846,-0.33000001311302185,-0.006463851500456732,1,80,0.0052068205550313,-0.025018084240305424,39,0.009202706676961348,35,-0.14528559741182995,-0.17950638832909674
2026-01-30,4,strategy,-1,92,P,6945.0,242,-0.49710312485694885,0.04483660310506821,0.12969283759593964,15.300000190734863,0.0,-0.0008514513610862195,-0.3549695611000061,0.5476190447807312,95,17.700000762939453,3,target_first15,0.1568627805415287,0.006,0.15086278054152868,230.82005710601808,-0.33000001311302185,0.000925672720719129,1,158,0.0035486568231135607,0.0438622860678466,78,0.011835711315278205,35,0.1070004944736821,0.13902706922625047
2026-02-02,4,strategy,-1,98,C,6970.0,178,0.4916466772556305,0.05055555701255798,0.15568862855434418,9.0,0.0,0.0017890991875901818,1.0,0.8804780840873718,99,9.779999732971191,1,target_first15,0.08666663699679905,0.006,0.08066663699679905,72.59997329711913,-0.33000001311302185,-0.006874005925283524,1,164,0.005179713945835829,0.009068668814362609,81,0.00940527279627764,37,0.07159796818243644,0.0712613642005214
2026-02-03,4,strategy,-1,99,C,6945.0,166,0.4954855442047119,0.04873054847121239,0.13333334028720856,12.210000038146973,0.0,-0.0024945971090346575,-1.0,-0.9234972596168518,100,11.399999618530273,1,stop_vwap,-0.06633910049844909,0.006,-0.07233910049844909,-88.32604198455812,-0.33000001311302185,-0.007133374907552501,1,104,0.003204232081770897,-0.03150337513551756,52,0.03245455176188947,37,-0.04083572536293153,-0.10479365226033857
2026-02-04,4,strategy,-1,54,C,6925.0,173,0.49080169200897217,0.03419540077447891,0.09631728380918503,17.399999618530273,0.0,0.0011205628979951143,-0.005982906091958284,0.04746835306286812,61,14.699999809265137,7,stop_vwap,-0.1551724062332593,0.008,-0.16317240623325932,-283.9199806213379,-0.33000001311302185,0.002021216210123108,1,112,0.0033795346971601248,-0.029083317376351565,56,-0.02354887254116314,34,-0.13408908885690776,-0.13962353369209618
2026-02-05,4,strategy,-1,117,C,6815.0,157,0.5021269917488098,0.045896224677562714,0.12996727228164673,21.200000762939453,0.0,0.0009125948417931795,-0.7028642296791077,0.6377440094947815,120,23.799999237060547,3,time_stop,0.12264143304495782,0.006360000157356262,0.11628143288760157,246.5166465932846,0.33000001311302185,0.00513891063155919,1,166,0.007083720061928034,-0.05207449219567301,82,-0.011245277819427963,41,0.16835592508327457,0.12752671070702953
2026-02-06,4,strategy,-1,45,P,6860.0,198,-0.5016925930976868,0.030567685142159462,0.07407407462596893,22.899999618530273,0.0,-0.0008333945297636092,0.3639494776725769,-0.3248175084590912,48,17.299999237060547,3,stop_vwap,-0.24454150544781256,0.008,-0.25254150544781256,-578.3200378417969,-0.33000001311302185,0.010139608193203082,1,162,0.008863155730068684,-0.04576804694182425,80,-0.04378583043752178,39,-0.20677345850598833,-0.2087556750102908
2026-02-09,4,strategy,-1,31,C,6930.0,176,0.5277190208435059,0.04867549613118172,0.1473684161901474,15.100000381469727,0.0,0.0008335844613611698,0.5541165471076965,0.9507874250411987,36,18.989999771118164,5,target_first15,0.2576158471109795,0.008,0.2496158471109795,376.91993865966793,-0.33000001311302185,-0.005262228305008709,1,166,0.004678087774664164,0.009859877425737653,82,-0.04850871046402108,35,0.23975596968524185,0.29812455757500056
2026-02-10,4,strategy,-1,111,P,6970.0,165,-0.5307251811027527,0.05042373016476631,0.1097046434879303,11.800000190734863,0.0,-0.0009103652555495501,-0.030215827748179436,-0.5210526585578918,120,11.399999618530273,9,time_stop,-0.033898353028728144,0.006,-0.03989835302872814,-47.0800573348999,-0.33000001311302185,0.005622992348816368,1,158,0.0029958230443298817,0.035110947584053295,78,-0.001284285496272182,38,-0.07500930061278144,-0.03861406753245596
2026-02-11,4,strategy,-1,108,C,6945.0,166,0.519364058971405,0.037938930094242096,0.10847975313663483,13.100000381469727,0.0,-0.0007262478466145694,-1.0,-0.7076923251152039,109,14.699999809265137,1,stop_vwap,0.12213735734379434,0.006,0.11613735734379434,152.13994255065916,-0.33000001311302185,-0.007719893401037264,1,110,0.00302785518579185,-0.020202338922360757,55,-0.009004963328491787,37,0.1363396962661551,0.12514232067228612
2026-02-12,4,strategy,-1,61,P,6950.0,200,-0.4927994906902313,0.06348709762096405,0.19117647409439087,12.789999961853027,0.0,-0.0010833373526111245,-1.0,-0.9470338821411133,62,15.699999809265137,1,target_first15,0.22752148992113883,0.006,0.22152148992113882,283.32598476409913,-0.33000001311302185,-0.009308569001795134,1,52,0.002254007151350379,0.009863475483153937,26,-0.011285590449488219,36,0.21165801443798488,0.23280708037062703
2026-02-13,4,strategy,-1,79,P,6830.0,197,-0.49572330713272095,0.030753137543797493,0.05473684147000313,23.899999618530273,0.0,-0.0006714175106026232,0.3694581389427185,-0.08936170488595963,80,22.0,1,stop_vwap,-0.07949789325758631,0.006360000157356262,-0.08585789341494257,-205.20036198649402,0.33000001311302185,0.0031203794261498237,1,162,0.007419417146593332,-0.028337964962493904,80,0.034050939643597324,40,-0.05751992845244867,-0.11990883305853989
2026-02-17,4,strategy,-1,92,C,6815.0,177,0.5041834712028503,0.03093922697007656,0.08743169158697128,18.100000381469727,0.0,0.0011109611950814724,-1.0,0.336448609828949,109,38.599998474121094,17,target_first15,1.132596555834258,0.006360000157356262,1.1262365556769016,2038.4882087377073,0.33000001311302185,0.00640009891904774,1,156,0.004272438585758209,0.10961707961303481,77,-0.004965912963934782,35,1.0166194760638667,1.1312024686408364
2026-02-18,4,strategy,-1,41,C,6890.0,177,0.5155186057090759,0.06282051652669907,0.17499999701976776,15.600000381469727,0.0,0.002680713776499033,1.0,-0.5398772954940796,42,16.299999237060547,1,target_first15,0.044871720414975474,0.008,0.036871720414975474,57.51988525390625,-0.33000001311302185,-0.006390454296554352,1,176,0.003351739142090082,-0.003290252304235129,87,0.0032834094750438985,35,0.040161972719210605,0.03358831093993157
2026-02-19,4,strategy,-1,119,P,6860.0,149,-0.5030573606491089,0.049358975142240524,0.08873720467090607,15.600000381469727,0.0,-0.0006201067590154707,0.4133928716182709,-0.6159169673919678,120,13.0,1,stop_vwap,-0.1666666870443225,0.006360000157356262,-0.17302668720167877,-269.9216386350632,0.33000001311302185,0.009499044478371303,1,170,0.0032699727453291416,-0.03822110667886387,84,-0.0009015418767024097,37,-0.13480558052281488,-0.17212514532497636
2026-02-23,4,strategy,-1,33,C,6880.0,191,0.5031922459602356,0.06308139860630035,0.16621984541416168,17.200000762939453,0.0,-0.002816530177369714,-1.0,-0.5223613381385803,34,13.800000190734863,1,stop_vwap,-0.1976744431041255,0.00848000020980835,-0.20615444331393384,-354.585658228302,0.33000001311302185,-0.00701452518917006,1,114,0.003557251999154687,-0.025781041591273663,56,0.009922125846897327,31,-0.18037340172266017,-0.21607656916083118
2026-02-24,4,strategy,-1,110,C,6875.0,168,0.513150691986084,0.05833333358168602,0.1551724076271057,10.800000190734863,0.0,0.0025396449491381645,1.0,-1.0,111,12.0,1,target_first15,0.11111109148818314,0.006,0.10511109148818314,113.51998081207275,-0.33000001311302185,-0.006238924811040515,1,168,0.006382082123309374,0.04625145984130717,84,0.0043377925154379875,36,0.058859631646875965,0.10077329897274515
2026-02-25,4,strategy,-1,36,P,6925.0,162,-0.5103765726089478,0.047600001096725464,0.1666666716337204,12.5,0.0,-0.0007386570796370506,-0.015247776173055172,-0.7791411280632019,37,13.5,1,target_first15,0.08,0.008,0.07200000000000001,90.00000000000001,-0.33000001311302185,0.0007756377602911351,1,171,0.002271169563755393,-0.010753519652254547,85,-0.030571596429388025,34,0.08275351965225455,0.10257159642938804
2026-02-26,4,strategy,-1,106,C,6910.0,183,0.46878618001937866,0.04162995517253876,0.11152416467666626,11.350000381469727,0.0,0.000602974439971149,-1.0,0.6385542154312134,107,9.800000190734863,1,stop_vwap,-0.13656388886694926,0.006,-0.14256388886694926,-161.81001930236818,-0.33000001311302185,0.0115198109492479,1,135,0.0032562282867729664,-0.02732507621588479,67,0.0059800990882979115,36,-0.11523881265106448,-0.14854398795524718
2026-02-27,4,strategy,-1,30,C,6845.0,220,0.5128605365753174,0.05197685584425926,0.14419475197792053,20.739999771118164,0.0,-0.00022792004165239632,0.0624505914747715,0.22045855224132538,32,27.030000686645508,2,target_first15,0.3032787360145775,0.00848000020980835,0.2947987358047692,611.4125713116837,0.33000001311302185,-0.0016891764186711244,1,176,0.003697662614285946,0.007160931458829895,87,-0.042553188544568354,22,0.2876378043459393,0.33735192434933753
2026-03-02,4,strategy,-1,66,C,6845.0,175,0.4996230900287628,0.044252872467041016,0.13173653185367584,17.399999618530273,0.0,0.0003660053771454841,1.0,-0.23376622796058655,67,18.600000381469727,1,target_first15,0.0689655626004441,0.006360000157356262,0.06260556244308785,108.93367626276019,0.33000001311302185,-0.004729714588105981,1,172,0.006399518344551325,-0.007017273037208718,85,0.001730963066864835,31,0.06962283548029656,0.06087459937622301
2026-03-03,4,strategy,-1,102,C,6760.0,147,0.5032541751861572,0.03131578862667084,0.08695652335882187,19.0,0.0,0.00219088071025908,-0.5404542684555054,-0.34200742840766907,120,24.799999237060547,18,time_stop,0.3052631177400288,0.006360000157356262,0.2989031175826725,567.9159234070778,0.33000001311302185,0.0006083506154828903,1,158,0.007887236773967743,0.0010929513268227748,78,0.01922655324700783,38,0.2978101662558497,0.2796765643356647
2026-03-04,4,strategy,-1,31,C,6840.0,169,0.49579429626464844,0.034278351813554764,0.09870129823684692,19.399999618530273,0.0,0.0011233630357310176,0.39454546570777893,0.07865168899297714,33,14.5,2,stop_vwap,-0.25257730489076646,0.00848000020980835,-0.2610573051005748,-506.45116193656924,0.33000001311302185,-0.005991199753188689,1,166,0.004843261558562517,-0.0006775841531295574,82,-0.03391804897226238,35,-0.2603797209474452,-0.2271392561283124
