policy,session,daily_pnl
one_contract_baseline,2024-10-01,3910.0
one_contract_baseline,2024-10-02,2510.0
one_contract_baseline,2024-10-03,2550.0
one_contract_baseline,2024-10-04,2310.0
one_contract_baseline,2024-10-07,170.0
one_contract_baseline,2024-10-08,1040.0
one_contract_baseline,2024-10-09,1030.0
one_contract_baseline,2024-10-10,630.0
one_contract_baseline,2024-10-11,2670.0
one_contract_baseline,2024-10-14,-680.0
one_contract_baseline,2024-10-15,670.0
one_contract_baseline,2024-10-16,930.0
one_contract_baseline,2024-10-17,180.0
one_contract_baseline,2024-10-18,670.0
one_contract_baseline,2024-10-21,2170.0
one_contract_baseline,2024-10-22,-480.0
one_contract_baseline,2024-10-23,1170.0
one_contract_baseline,2024-10-24,-630.0
one_contract_baseline,2024-10-25,3070.0
one_contract_baseline,2024-10-28,-180.0
one_contract_baseline,2024-10-29,770.0
one_contract_baseline,2024-10-30,360.0
one_contract_baseline,2024-10-31,-2080.0
one_contract_baseline,2024-11-01,1720.0
one_contract_baseline,2024-11-04,60.0
one_contract_baseline,2024-11-05,1590.0
one_contract_baseline,2024-11-06,20.0
one_contract_baseline,2024-11-07,440.0
one_contract_baseline,2024-11-08,-20.0
one_contract_baseline,2024-11-11,-160.0
one_contract_baseline,2024-11-12,870.0
one_contract_baseline,2024-11-13,1450.0
one_contract_baseline,2024-11-14,230.0
one_contract_baseline,2024-11-15,1720.0
one_contract_baseline,2024-11-18,1560.0
one_contract_baseline,2024-11-19,1490.0
one_contract_baseline,2024-11-20,3880.0
one_contract_baseline,2024-11-21,5710.0
one_contract_baseline,2024-11-22,-1300.0
one_contract_baseline,2024-11-25,590.0
one_contract_baseline,2024-11-26,-890.0
one_contract_baseline,2024-11-27,640.0
one_contract_baseline,2024-11-29,710.0
one_contract_baseline,2024-12-02,-280.0
one_contract_baseline,2024-12-03,-640.0
one_contract_baseline,2024-12-04,-460.0
one_contract_baseline,2024-12-05,-580.0
one_contract_baseline,2024-12-06,190.0
one_contract_baseline,2024-12-09,70.0
one_contract_baseline,2024-12-10,290.0
one_contract_baseline,2024-12-11,110.0
one_contract_baseline,2024-12-12,-1190.0
one_contract_baseline,2024-12-13,1220.0
one_contract_baseline,2024-12-16,670.0
one_contract_baseline,2024-12-17,1190.0
one_contract_baseline,2024-12-18,550.0
one_contract_baseline,2024-12-19,200.0
one_contract_baseline,2024-12-20,4020.0
one_contract_baseline,2024-12-23,2170.0
one_contract_baseline,2024-12-24,550.0
one_contract_baseline,2024-12-26,390.0
one_contract_baseline,2024-12-27,5400.0
one_contract_baseline,2024-12-30,450.0
one_contract_baseline,2024-12-31,890.0
one_contract_baseline,2025-07-01,320.0
one_contract_baseline,2025-07-02,690.0
one_contract_baseline,2025-07-03,490.0
one_contract_baseline,2025-07-07,1580.0
one_contract_baseline,2025-07-08,1010.0
one_contract_baseline,2025-07-09,670.0
one_contract_baseline,2025-07-10,1020.0
one_contract_baseline,2025-07-11,360.0
one_contract_baseline,2025-07-14,870.0
one_contract_baseline,2025-07-15,1480.0
one_contract_baseline,2025-07-16,3940.0
one_contract_baseline,2025-07-17,1240.0
one_contract_baseline,2025-07-18,-90.0
one_contract_baseline,2025-07-21,500.0
one_contract_baseline,2025-07-22,850.0
one_contract_baseline,2025-07-23,-20.0
one_contract_baseline,2025-07-24,360.0
one_contract_baseline,2025-07-25,450.0
one_contract_baseline,2025-07-28,660.0
one_contract_baseline,2025-07-29,540.0
one_contract_baseline,2025-07-30,2750.0
one_contract_baseline,2025-07-31,-140.0
one_contract_baseline,2025-08-01,2520.0
one_contract_baseline,2025-08-04,750.0
one_contract_baseline,2025-08-05,2840.0
one_contract_baseline,2025-08-06,2510.0
one_contract_baseline,2025-08-07,-160.0
one_contract_baseline,2025-08-08,440.0
one_contract_baseline,2025-08-11,-650.0
one_contract_baseline,2025-08-12,2670.0
one_contract_baseline,2025-08-13,780.0
one_contract_baseline,2025-08-14,150.0
one_contract_baseline,2025-08-15,520.0
one_contract_baseline,2025-08-18,-160.0
one_contract_baseline,2025-08-19,1470.0
one_contract_baseline,2025-08-20,1610.0
one_contract_baseline,2025-08-21,2080.0
one_contract_baseline,2025-08-22,4940.0
one_contract_baseline,2025-08-25,450.0
one_contract_baseline,2025-08-26,100.0
one_contract_baseline,2025-08-27,360.0
one_contract_baseline,2025-08-28,400.0
one_contract_baseline,2025-08-29,910.0
one_contract_baseline,2025-09-02,-810.0
one_contract_baseline,2025-09-03,450.0
one_contract_baseline,2025-09-04,2350.0
one_contract_baseline,2025-09-05,5110.0
one_contract_baseline,2025-09-08,1380.0
one_contract_baseline,2025-09-09,370.0
one_contract_baseline,2025-09-10,-440.0
one_contract_baseline,2025-09-11,1280.0
one_contract_baseline,2025-09-12,640.0
one_contract_baseline,2025-09-15,470.0
one_contract_baseline,2025-09-16,-350.0
one_contract_baseline,2025-09-17,4920.0
one_contract_baseline,2025-09-18,1570.0
one_contract_baseline,2025-09-19,520.0
one_contract_baseline,2025-09-22,1310.0
one_contract_baseline,2025-09-23,1580.0
one_contract_baseline,2025-09-24,200.0
one_contract_baseline,2025-09-25,-1200.0
one_contract_baseline,2025-09-26,4330.0
one_contract_baseline,2025-09-29,380.0
one_contract_baseline,2025-09-30,620.0
one_contract_baseline,2025-10-01,-420.0
one_contract_baseline,2025-10-02,1280.0
one_contract_baseline,2025-10-03,1880.0
one_contract_baseline,2025-10-06,1100.0
one_contract_baseline,2025-10-07,660.0
one_contract_baseline,2025-10-08,1310.0
one_contract_baseline,2025-10-09,410.0
one_contract_baseline,2025-10-10,730.0
one_contract_baseline,2025-10-13,2040.0
one_contract_baseline,2025-10-14,1260.0
one_contract_baseline,2025-10-15,3460.0
one_contract_baseline,2025-10-16,820.0
one_contract_baseline,2025-10-17,3510.0
one_contract_baseline,2025-10-20,1820.0
one_contract_baseline,2025-10-21,1050.0
one_contract_baseline,2025-10-22,1910.0
one_contract_baseline,2025-10-23,1450.0
one_contract_baseline,2025-10-24,1080.0
one_contract_baseline,2025-10-27,650.0
one_contract_baseline,2025-10-28,20.0
one_contract_baseline,2025-10-29,5850.0
one_contract_baseline,2025-10-30,620.0
one_contract_baseline,2025-10-31,2490.0
one_contract_baseline,2025-11-03,2930.0
one_contract_baseline,2025-11-04,1850.0
one_contract_baseline,2025-11-05,850.0
one_contract_baseline,2025-11-06,990.0
one_contract_baseline,2025-11-07,1610.0
one_contract_baseline,2025-11-10,-270.0
one_contract_baseline,2025-11-11,1380.0
one_contract_baseline,2025-11-12,2310.0
one_contract_baseline,2025-11-13,3940.0
one_contract_baseline,2025-11-14,5780.0
one_contract_baseline,2025-11-17,880.0
one_contract_baseline,2025-11-18,4780.0
one_contract_baseline,2025-11-19,3770.0
one_contract_baseline,2025-11-20,5170.0
one_contract_baseline,2025-11-21,7400.0
one_contract_baseline,2025-11-24,2700.0
one_contract_baseline,2025-11-25,-100.0
one_contract_baseline,2025-11-26,-1420.0
one_contract_baseline,2025-11-28,30.0
one_contract_baseline,2025-12-01,1600.0
one_contract_baseline,2025-12-02,1520.0
one_contract_baseline,2025-12-03,1850.0
one_contract_baseline,2025-12-04,1440.0
one_contract_baseline,2025-12-05,1620.0
one_contract_baseline,2025-12-08,2030.0
one_contract_baseline,2025-12-09,250.0
one_contract_baseline,2025-12-10,2970.0
one_contract_baseline,2025-12-11,-1540.0
one_contract_baseline,2025-12-12,1320.0
one_contract_baseline,2025-12-15,810.0
one_contract_baseline,2025-12-16,-950.0
one_contract_baseline,2025-12-17,1720.0
one_contract_baseline,2025-12-18,-260.0
one_contract_baseline,2025-12-19,680.0
one_contract_baseline,2025-12-22,610.0
one_contract_baseline,2025-12-23,1010.0
one_contract_baseline,2025-12-24,190.0
one_contract_baseline,2025-12-26,-280.0
one_contract_baseline,2025-12-29,220.0
one_contract_baseline,2025-12-30,460.0
one_contract_baseline,2025-12-31,190.0
one_contract_baseline,2026-01-02,1420.0
one_contract_baseline,2026-01-05,1160.0
one_contract_baseline,2026-01-06,-570.0
one_contract_baseline,2026-01-07,220.0
one_contract_baseline,2026-01-08,-990.0
one_contract_baseline,2026-01-09,1130.0
one_contract_baseline,2026-01-12,740.0
one_contract_baseline,2026-01-13,-150.0
one_contract_baseline,2026-01-14,1510.0
one_contract_baseline,2026-01-15,130.0
one_contract_baseline,2026-01-16,1710.0
one_contract_baseline,2026-01-20,1270.0
one_contract_baseline,2026-01-21,5600.0
one_contract_baseline,2026-01-22,1220.0
one_contract_baseline,2026-01-23,190.0
one_contract_baseline,2026-01-26,50.0
one_contract_baseline,2026-01-27,1570.0
one_contract_baseline,2026-01-28,1560.0
one_contract_baseline,2026-01-29,4300.0
one_contract_baseline,2026-01-30,-220.0
one_contract_baseline,2026-02-02,-10.0
one_contract_baseline,2026-02-03,2510.0
one_contract_baseline,2026-02-04,1740.0
one_contract_baseline,2026-02-05,3430.0
one_contract_baseline,2026-02-09,1480.0
one_contract_baseline,2026-02-10,260.0
one_contract_baseline,2026-02-11,2610.0
one_contract_baseline,2026-02-12,2400.0
one_contract_baseline,2026-02-13,4090.0
one_contract_baseline,2026-02-17,5580.0
one_contract_baseline,2026-02-18,-160.0
one_contract_baseline,2026-02-19,250.0
one_contract_baseline,2026-02-20,2480.0
one_contract_baseline,2026-02-23,2000.0
one_contract_baseline,2026-02-24,1830.0
one_contract_baseline,2026-02-25,-560.0
one_contract_baseline,2026-02-26,220.0
one_contract_baseline,2026-02-27,1220.0
one_contract_baseline,2026-03-02,1520.0
one_contract_baseline,2026-03-03,9270.0
one_contract_baseline,2026-03-04,-1980.0
one_contract_baseline,2026-03-05,4900.0
one_contract_baseline,2026-03-06,2010.0
one_contract_baseline,2026-03-09,1130.0
one_contract_baseline,2026-03-10,-470.0
one_contract_baseline,2026-03-11,-910.0
one_contract_baseline,2026-03-12,1330.0
one_contract_baseline,2026-03-13,740.0
one_contract_baseline,2026-03-16,-1140.0
one_contract_baseline,2026-03-17,200.0
one_contract_baseline,2026-03-18,2430.0
one_contract_baseline,2026-03-19,2230.0
one_contract_baseline,2026-03-20,2650.0
one_contract_baseline,2026-03-23,3790.0
one_contract_baseline,2026-03-24,2060.0
one_contract_baseline,2026-03-25,1910.0
one_contract_baseline,2026-03-26,130.0
one_contract_baseline,2026-03-27,1650.0
one_contract_baseline,2026-03-30,5380.0
one_contract_baseline,2026-03-31,2960.0
strict_exposure_ladder,2024-10-01,1340.0
strict_exposure_ladder,2024-10-03,2550.0
strict_exposure_ladder,2024-10-04,510.0
strict_exposure_ladder,2024-10-07,330.0
strict_exposure_ladder,2024-10-08,1040.0
strict_exposure_ladder,2024-10-10,630.0
strict_exposure_ladder,2024-10-11,2670.0
strict_exposure_ladder,2024-10-14,-930.0
strict_exposure_ladder,2024-10-15,670.0
strict_exposure_ladder,2024-10-16,930.0
strict_exposure_ladder,2024-10-17,310.0
strict_exposure_ladder,2024-10-18,1350.0
strict_exposure_ladder,2024-10-21,4340.0
strict_exposure_ladder,2024-10-22,-960.0
strict_exposure_ladder,2024-10-23,2060.0
strict_exposure_ladder,2024-10-24,-1260.0
strict_exposure_ladder,2024-10-25,5410.0
strict_exposure_ladder,2024-10-28,-390.0
strict_exposure_ladder,2024-10-29,1170.0
strict_exposure_ladder,2024-10-30,720.0
strict_exposure_ladder,2024-10-31,-1020.0
strict_exposure_ladder,2024-11-01,3440.0
strict_exposure_ladder,2024-11-04,120.0
strict_exposure_ladder,2024-11-05,3180.0
strict_exposure_ladder,2024-11-06,-130.0
strict_exposure_ladder,2024-11-07,440.0
strict_exposure_ladder,2024-11-08,-20.0
strict_exposure_ladder,2024-11-11,-160.0
strict_exposure_ladder,2024-11-12,870.0
strict_exposure_ladder,2024-11-13,2900.0
strict_exposure_ladder,2024-11-14,460.0
strict_exposure_ladder,2024-11-15,3440.0
strict_exposure_ladder,2024-11-18,3120.0
strict_exposure_ladder,2024-11-19,-1660.0
strict_exposure_ladder,2024-11-20,8600.0
strict_exposure_ladder,2024-11-21,14040.0
strict_exposure_ladder,2024-11-22,-1980.0
strict_exposure_ladder,2024-11-25,1770.0
strict_exposure_ladder,2024-11-26,-840.0
strict_exposure_ladder,2024-11-27,1590.0
strict_exposure_ladder,2024-11-29,1420.0
strict_exposure_ladder,2024-12-02,-560.0
strict_exposure_ladder,2024-12-03,-2010.0
strict_exposure_ladder,2024-12-04,-460.0
strict_exposure_ladder,2024-12-05,-580.0
strict_exposure_ladder,2024-12-06,190.0
strict_exposure_ladder,2024-12-09,70.0
strict_exposure_ladder,2024-12-10,290.0
strict_exposure_ladder,2024-12-11,-30.0
strict_exposure_ladder,2024-12-12,-2160.0
strict_exposure_ladder,2024-12-13,1220.0
strict_exposure_ladder,2024-12-16,670.0
strict_exposure_ladder,2024-12-17,2570.0
strict_exposure_ladder,2024-12-18,1100.0
strict_exposure_ladder,2024-12-19,-880.0
strict_exposure_ladder,2024-12-20,7920.0
strict_exposure_ladder,2024-12-23,5330.0
strict_exposure_ladder,2024-12-24,1100.0
strict_exposure_ladder,2024-12-26,780.0
strict_exposure_ladder,2024-12-27,11890.0
strict_exposure_ladder,2024-12-30,-2500.0
strict_exposure_ladder,2024-12-31,1780.0
strict_exposure_ladder,2025-07-01,1140.0
strict_exposure_ladder,2025-07-02,1380.0
strict_exposure_ladder,2025-07-03,1440.0
strict_exposure_ladder,2025-07-07,4650.0
strict_exposure_ladder,2025-07-08,3030.0
strict_exposure_ladder,2025-07-09,1690.0
strict_exposure_ladder,2025-07-10,2630.0
strict_exposure_ladder,2025-07-11,720.0
strict_exposure_ladder,2025-07-14,2450.0
strict_exposure_ladder,2025-07-15,4030.0
strict_exposure_ladder,2025-07-16,10520.0
strict_exposure_ladder,2025-07-17,3070.0
strict_exposure_ladder,2025-07-18,-180.0
strict_exposure_ladder,2025-07-21,1000.0
strict_exposure_ladder,2025-07-22,1860.0
strict_exposure_ladder,2025-07-23,-20.0
strict_exposure_ladder,2025-07-24,790.0
strict_exposure_ladder,2025-07-25,1220.0
strict_exposure_ladder,2025-07-28,1980.0
strict_exposure_ladder,2025-07-29,1620.0
strict_exposure_ladder,2025-07-30,6640.0
strict_exposure_ladder,2025-07-31,-2100.0
strict_exposure_ladder,2025-08-01,6100.0
strict_exposure_ladder,2025-08-04,1500.0
strict_exposure_ladder,2025-08-05,7790.0
strict_exposure_ladder,2025-08-06,7080.0
strict_exposure_ladder,2025-08-07,-2840.0
strict_exposure_ladder,2025-08-08,880.0
strict_exposure_ladder,2025-08-11,-1300.0
strict_exposure_ladder,2025-08-12,6300.0
strict_exposure_ladder,2025-08-13,2340.0
strict_exposure_ladder,2025-08-14,410.0
strict_exposure_ladder,2025-08-15,1310.0
strict_exposure_ladder,2025-08-18,-750.0
strict_exposure_ladder,2025-08-19,4410.0
strict_exposure_ladder,2025-08-20,-1820.0
strict_exposure_ladder,2025-08-21,4420.0
strict_exposure_ladder,2025-08-22,9880.0
strict_exposure_ladder,2025-08-25,1290.0
strict_exposure_ladder,2025-08-26,660.0
strict_exposure_ladder,2025-08-27,840.0
strict_exposure_ladder,2025-08-28,1200.0
strict_exposure_ladder,2025-08-29,1920.0
strict_exposure_ladder,2025-09-02,-1040.0
strict_exposure_ladder,2025-09-03,1100.0
strict_exposure_ladder,2025-09-04,4120.0
strict_exposure_ladder,2025-09-05,14000.0
strict_exposure_ladder,2025-09-08,3760.0
strict_exposure_ladder,2025-09-09,1110.0
strict_exposure_ladder,2025-09-10,-1320.0
strict_exposure_ladder,2025-09-11,3100.0
strict_exposure_ladder,2025-09-12,1630.0
strict_exposure_ladder,2025-09-15,1400.0
strict_exposure_ladder,2025-09-16,-700.0
strict_exposure_ladder,2025-09-17,12620.0
strict_exposure_ladder,2025-09-18,3570.0
strict_exposure_ladder,2025-09-19,1150.0
strict_exposure_ladder,2025-09-22,3760.0
strict_exposure_ladder,2025-09-23,4450.0
strict_exposure_ladder,2025-09-24,700.0
strict_exposure_ladder,2025-09-25,-3220.0
strict_exposure_ladder,2025-09-26,10330.0
strict_exposure_ladder,2025-09-29,1140.0
strict_exposure_ladder,2025-09-30,1710.0
strict_exposure_ladder,2025-10-01,-840.0
strict_exposure_ladder,2025-10-02,3870.0
strict_exposure_ladder,2025-10-03,5180.0
strict_exposure_ladder,2025-10-06,2490.0
strict_exposure_ladder,2025-10-07,1980.0
strict_exposure_ladder,2025-10-08,2630.0
strict_exposure_ladder,2025-10-09,1360.0
strict_exposure_ladder,2025-10-10,2190.0
strict_exposure_ladder,2025-10-13,5900.0
strict_exposure_ladder,2025-10-14,2250.0
strict_exposure_ladder,2025-10-15,7330.0
strict_exposure_ladder,2025-10-16,1640.0
strict_exposure_ladder,2025-10-17,-780.0
strict_exposure_ladder,2025-10-20,4450.0
strict_exposure_ladder,2025-10-21,2000.0
strict_exposure_ladder,2025-10-22,5640.0
strict_exposure_ladder,2025-10-23,3400.0
strict_exposure_ladder,2025-10-24,2870.0
strict_exposure_ladder,2025-10-27,1100.0
strict_exposure_ladder,2025-10-28,-960.0
strict_exposure_ladder,2025-10-29,13070.0
strict_exposure_ladder,2025-10-30,1620.0
strict_exposure_ladder,2025-10-31,5160.0
strict_exposure_ladder,2025-11-03,8210.0
strict_exposure_ladder,2025-11-04,3710.0
strict_exposure_ladder,2025-11-05,1700.0
strict_exposure_ladder,2025-11-06,1980.0
strict_exposure_ladder,2025-11-07,3220.0
strict_exposure_ladder,2025-11-10,-1140.0
strict_exposure_ladder,2025-11-11,-940.0
strict_exposure_ladder,2025-11-12,5270.0
strict_exposure_ladder,2025-11-13,8920.0
strict_exposure_ladder,2025-11-14,13320.0
strict_exposure_ladder,2025-11-17,2850.0
strict_exposure_ladder,2025-11-18,10480.0
strict_exposure_ladder,2025-11-19,9810.0
strict_exposure_ladder,2025-11-20,10340.0
strict_exposure_ladder,2025-11-21,15200.0
strict_exposure_ladder,2025-11-24,5610.0
strict_exposure_ladder,2025-11-25,-780.0
strict_exposure_ladder,2025-11-26,-860.0
strict_exposure_ladder,2025-11-28,90.0
strict_exposure_ladder,2025-12-01,4160.0
strict_exposure_ladder,2025-12-02,3730.0
strict_exposure_ladder,2025-12-03,3480.0
strict_exposure_ladder,2025-12-04,4360.0
strict_exposure_ladder,2025-12-05,3900.0
strict_exposure_ladder,2025-12-08,4790.0
strict_exposure_ladder,2025-12-09,480.0
strict_exposure_ladder,2025-12-10,5940.0
strict_exposure_ladder,2025-12-11,-3120.0
strict_exposure_ladder,2025-12-12,3250.0
strict_exposure_ladder,2025-12-15,2370.0
strict_exposure_ladder,2025-12-16,-1120.0
strict_exposure_ladder,2025-12-17,3440.0
strict_exposure_ladder,2025-12-18,-1880.0
strict_exposure_ladder,2025-12-19,1360.0
strict_exposure_ladder,2025-12-22,1950.0
strict_exposure_ladder,2025-12-23,2750.0
strict_exposure_ladder,2025-12-24,480.0
strict_exposure_ladder,2025-12-26,-840.0
strict_exposure_ladder,2025-12-29,660.0
strict_exposure_ladder,2025-12-30,-810.0
strict_exposure_ladder,2025-12-31,190.0
strict_exposure_ladder,2026-01-02,-1380.0
strict_exposure_ladder,2026-01-05,1160.0
strict_exposure_ladder,2026-01-06,-850.0
strict_exposure_ladder,2026-01-07,220.0
strict_exposure_ladder,2026-01-08,-940.0
strict_exposure_ladder,2026-01-09,-910.0
strict_exposure_ladder,2026-01-12,740.0
strict_exposure_ladder,2026-01-13,-1030.0
strict_exposure_ladder,2026-01-14,1510.0
strict_exposure_ladder,2026-01-15,-150.0
strict_exposure_ladder,2026-01-16,5150.0
strict_exposure_ladder,2026-01-20,2910.0
strict_exposure_ladder,2026-01-21,13180.0
strict_exposure_ladder,2026-01-22,2440.0
strict_exposure_ladder,2026-01-23,380.0
strict_exposure_ladder,2026-01-26,100.0
strict_exposure_ladder,2026-01-27,3140.0
strict_exposure_ladder,2026-01-28,3120.0
strict_exposure_ladder,2026-01-29,8430.0
strict_exposure_ladder,2026-01-30,-1240.0
strict_exposure_ladder,2026-02-02,-30.0
strict_exposure_ladder,2026-02-03,5630.0
strict_exposure_ladder,2026-02-04,-4050.0
strict_exposure_ladder,2026-02-05,3860.0
strict_exposure_ladder,2026-02-09,3160.0
strict_exposure_ladder,2026-02-10,520.0
strict_exposure_ladder,2026-02-11,4600.0
strict_exposure_ladder,2026-02-12,4800.0
strict_exposure_ladder,2026-02-13,8450.0
strict_exposure_ladder,2026-02-17,11160.0
strict_exposure_ladder,2026-02-18,-2010.0
strict_exposure_ladder,2026-02-19,700.0
strict_exposure_ladder,2026-02-20,7340.0
strict_exposure_ladder,2026-02-23,4250.0
strict_exposure_ladder,2026-02-24,5980.0
strict_exposure_ladder,2026-02-25,-910.0
strict_exposure_ladder,2026-02-26,-380.0
strict_exposure_ladder,2026-02-27,2440.0
strict_exposure_ladder,2026-03-02,-1740.0
strict_exposure_ladder,2026-03-03,18910.0
strict_exposure_ladder,2026-03-04,-3680.0
strict_exposure_ladder,2026-03-05,11070.0
strict_exposure_ladder,2026-03-06,4020.0
strict_exposure_ladder,2026-03-09,2260.0
strict_exposure_ladder,2026-03-10,-2060.0
strict_exposure_ladder,2026-03-11,-3240.0
strict_exposure_ladder,2026-03-12,1330.0
strict_exposure_ladder,2026-03-13,-1020.0
strict_exposure_ladder,2026-03-16,-1320.0
strict_exposure_ladder,2026-03-17,200.0
strict_exposure_ladder,2026-03-18,2430.0
strict_exposure_ladder,2026-03-19,4460.0
strict_exposure_ladder,2026-03-20,5370.0
strict_exposure_ladder,2026-03-23,9720.0
strict_exposure_ladder,2026-03-24,4870.0
strict_exposure_ladder,2026-03-25,-1040.0
strict_exposure_ladder,2026-03-26,570.0
strict_exposure_ladder,2026-03-27,4920.0
strict_exposure_ladder,2026-03-30,12210.0
strict_exposure_ladder,2026-03-31,7070.0
conservative_profit_ladder,2024-10-01,3910.0
conservative_profit_ladder,2024-10-02,2510.0
conservative_profit_ladder,2024-10-03,2550.0
conservative_profit_ladder,2024-10-04,-870.0
conservative_profit_ladder,2024-10-07,170.0
conservative_profit_ladder,2024-10-08,1040.0
conservative_profit_ladder,2024-10-09,1030.0
conservative_profit_ladder,2024-10-10,1260.0
conservative_profit_ladder,2024-10-11,5340.0
conservative_profit_ladder,2024-10-14,-1860.0
conservative_profit_ladder,2024-10-15,670.0
conservative_profit_ladder,2024-10-16,1860.0
conservative_profit_ladder,2024-10-17,360.0
conservative_profit_ladder,2024-10-18,1340.0
conservative_profit_ladder,2024-10-21,4340.0
conservative_profit_ladder,2024-10-22,-960.0
conservative_profit_ladder,2024-10-23,2340.0
conservative_profit_ladder,2024-10-24,-1260.0
conservative_profit_ladder,2024-10-25,6140.0
conservative_profit_ladder,2024-10-28,-360.0
conservative_profit_ladder,2024-10-29,1540.0
conservative_profit_ladder,2024-10-30,720.0
conservative_profit_ladder,2024-10-31,-2040.0
conservative_profit_ladder,2024-11-01,2270.0
conservative_profit_ladder,2024-11-04,120.0
conservative_profit_ladder,2024-11-05,2960.0
conservative_profit_ladder,2024-11-06,-130.0
conservative_profit_ladder,2024-11-07,440.0
conservative_profit_ladder,2024-11-08,-20.0
conservative_profit_ladder,2024-11-11,-160.0
conservative_profit_ladder,2024-11-12,1140.0
conservative_profit_ladder,2024-11-13,2900.0
conservative_profit_ladder,2024-11-14,460.0
conservative_profit_ladder,2024-11-15,3920.0
conservative_profit_ladder,2024-11-18,4680.0
conservative_profit_ladder,2024-11-19,-2490.0
conservative_profit_ladder,2024-11-20,8740.0
conservative_profit_ladder,2024-11-21,17130.0
conservative_profit_ladder,2024-11-22,-1980.0
conservative_profit_ladder,2024-11-25,1770.0
conservative_profit_ladder,2024-11-26,-1260.0
conservative_profit_ladder,2024-11-27,1920.0
conservative_profit_ladder,2024-11-29,2130.0
conservative_profit_ladder,2024-12-02,-840.0
conservative_profit_ladder,2024-12-03,-2010.0
conservative_profit_ladder,2024-12-04,-1850.0
conservative_profit_ladder,2024-12-05,-580.0
conservative_profit_ladder,2024-12-06,190.0
conservative_profit_ladder,2024-12-09,70.0
conservative_profit_ladder,2024-12-10,290.0
conservative_profit_ladder,2024-12-11,110.0
conservative_profit_ladder,2024-12-12,-1080.0
conservative_profit_ladder,2024-12-13,1220.0
conservative_profit_ladder,2024-12-16,670.0
conservative_profit_ladder,2024-12-17,3570.0
conservative_profit_ladder,2024-12-18,1650.0
conservative_profit_ladder,2024-12-19,-1320.0
conservative_profit_ladder,2024-12-20,12060.0
conservative_profit_ladder,2024-12-23,6510.0
conservative_profit_ladder,2024-12-24,1650.0
conservative_profit_ladder,2024-12-26,-780.0
conservative_profit_ladder,2024-12-27,16200.0
conservative_profit_ladder,2024-12-30,-3750.0
conservative_profit_ladder,2024-12-31,-900.0
conservative_profit_ladder,2025-07-01,960.0
conservative_profit_ladder,2025-07-02,690.0
conservative_profit_ladder,2025-07-03,490.0
conservative_profit_ladder,2025-07-07,4740.0
conservative_profit_ladder,2025-07-08,3030.0
conservative_profit_ladder,2025-07-09,2010.0
conservative_profit_ladder,2025-07-10,3060.0
conservative_profit_ladder,2025-07-11,1080.0
conservative_profit_ladder,2025-07-14,2610.0
conservative_profit_ladder,2025-07-15,4440.0
conservative_profit_ladder,2025-07-16,11820.0
conservative_profit_ladder,2025-07-17,3720.0
conservative_profit_ladder,2025-07-18,-270.0
conservative_profit_ladder,2025-07-21,1500.0
conservative_profit_ladder,2025-07-22,2550.0
conservative_profit_ladder,2025-07-23,-60.0
conservative_profit_ladder,2025-07-24,1080.0
conservative_profit_ladder,2025-07-25,1350.0
conservative_profit_ladder,2025-07-28,1980.0
conservative_profit_ladder,2025-07-29,1620.0
conservative_profit_ladder,2025-07-30,8250.0
conservative_profit_ladder,2025-07-31,-3150.0
conservative_profit_ladder,2025-08-01,7560.0
conservative_profit_ladder,2025-08-04,2250.0
conservative_profit_ladder,2025-08-05,8520.0
conservative_profit_ladder,2025-08-06,7530.0
conservative_profit_ladder,2025-08-07,-4260.0
conservative_profit_ladder,2025-08-08,1320.0
conservative_profit_ladder,2025-08-11,-1950.0
conservative_profit_ladder,2025-08-12,3350.0
conservative_profit_ladder,2025-08-13,2340.0
conservative_profit_ladder,2025-08-14,450.0
conservative_profit_ladder,2025-08-15,1560.0
conservative_profit_ladder,2025-08-18,-750.0
conservative_profit_ladder,2025-08-19,4410.0
conservative_profit_ladder,2025-08-20,-2730.0
conservative_profit_ladder,2025-08-21,6240.0
conservative_profit_ladder,2025-08-22,14820.0
conservative_profit_ladder,2025-08-25,1350.0
conservative_profit_ladder,2025-08-26,300.0
conservative_profit_ladder,2025-08-27,1080.0
conservative_profit_ladder,2025-08-28,1200.0
conservative_profit_ladder,2025-08-29,2730.0
conservative_profit_ladder,2025-09-02,-2430.0
conservative_profit_ladder,2025-09-03,1310.0
conservative_profit_ladder,2025-09-04,3870.0
conservative_profit_ladder,2025-09-05,15330.0
conservative_profit_ladder,2025-09-08,4140.0
conservative_profit_ladder,2025-09-09,1110.0
conservative_profit_ladder,2025-09-10,-1320.0
conservative_profit_ladder,2025-09-11,3840.0
conservative_profit_ladder,2025-09-12,1920.0
conservative_profit_ladder,2025-09-15,1410.0
conservative_profit_ladder,2025-09-16,-1050.0
conservative_profit_ladder,2025-09-17,14760.0
conservative_profit_ladder,2025-09-18,4710.0
conservative_profit_ladder,2025-09-19,1560.0
conservative_profit_ladder,2025-09-22,3930.0
conservative_profit_ladder,2025-09-23,4740.0
conservative_profit_ladder,2025-09-24,600.0
conservative_profit_ladder,2025-09-25,-4830.0
conservative_profit_ladder,2025-09-26,12990.0
conservative_profit_ladder,2025-09-29,1140.0
conservative_profit_ladder,2025-09-30,1860.0
conservative_profit_ladder,2025-10-01,-1020.0
conservative_profit_ladder,2025-10-02,3840.0
conservative_profit_ladder,2025-10-03,5640.0
conservative_profit_ladder,2025-10-06,3300.0
conservative_profit_ladder,2025-10-07,1980.0
conservative_profit_ladder,2025-10-08,3930.0
conservative_profit_ladder,2025-10-09,1230.0
conservative_profit_ladder,2025-10-10,2190.0
conservative_profit_ladder,2025-10-13,6120.0
conservative_profit_ladder,2025-10-14,3780.0
conservative_profit_ladder,2025-10-15,10380.0
conservative_profit_ladder,2025-10-16,2460.0
conservative_profit_ladder,2025-10-17,-1170.0
conservative_profit_ladder,2025-10-20,5460.0
conservative_profit_ladder,2025-10-21,3150.0
conservative_profit_ladder,2025-10-22,5730.0
conservative_profit_ladder,2025-10-23,4350.0
conservative_profit_ladder,2025-10-24,3240.0
conservative_profit_ladder,2025-10-27,1950.0
conservative_profit_ladder,2025-10-28,-960.0
conservative_profit_ladder,2025-10-29,17550.0
conservative_profit_ladder,2025-10-30,1860.0
conservative_profit_ladder,2025-10-31,7470.0
conservative_profit_ladder,2025-11-03,8790.0
conservative_profit_ladder,2025-11-04,5550.0
conservative_profit_ladder,2025-11-05,-810.0
conservative_profit_ladder,2025-11-06,2970.0
conservative_profit_ladder,2025-11-07,4830.0
conservative_profit_ladder,2025-11-10,-810.0
conservative_profit_ladder,2025-11-11,-1410.0
conservative_profit_ladder,2025-11-12,5270.0
conservative_profit_ladder,2025-11-13,-840.0
conservative_profit_ladder,2025-11-14,17340.0
conservative_profit_ladder,2025-11-17,2640.0
conservative_profit_ladder,2025-11-18,14340.0
conservative_profit_ladder,2025-11-19,11310.0
conservative_profit_ladder,2025-11-20,15510.0
conservative_profit_ladder,2025-11-21,22200.0
conservative_profit_ladder,2025-11-24,8100.0
conservative_profit_ladder,2025-11-25,-1170.0
conservative_profit_ladder,2025-11-26,-1290.0
conservative_profit_ladder,2025-11-28,90.0
conservative_profit_ladder,2025-12-01,4800.0
conservative_profit_ladder,2025-12-02,4560.0
conservative_profit_ladder,2025-12-03,5550.0
conservative_profit_ladder,2025-12-04,4320.0
conservative_profit_ladder,2025-12-05,4860.0
conservative_profit_ladder,2025-12-08,6090.0
conservative_profit_ladder,2025-12-09,750.0
conservative_profit_ladder,2025-12-10,8910.0
conservative_profit_ladder,2025-12-11,-4680.0
conservative_profit_ladder,2025-12-12,3960.0
conservative_profit_ladder,2025-12-15,2430.0
conservative_profit_ladder,2025-12-16,-1680.0
conservative_profit_ladder,2025-12-17,5160.0
conservative_profit_ladder,2025-12-18,-2820.0
conservative_profit_ladder,2025-12-19,-750.0
conservative_profit_ladder,2025-12-22,1830.0
conservative_profit_ladder,2025-12-23,3030.0
conservative_profit_ladder,2025-12-24,570.0
conservative_profit_ladder,2025-12-26,-840.0
conservative_profit_ladder,2025-12-29,660.0
conservative_profit_ladder,2025-12-30,-1110.0
conservative_profit_ladder,2025-12-31,190.0
conservative_profit_ladder,2026-01-02,-1570.0
conservative_profit_ladder,2026-01-05,1160.0
conservative_profit_ladder,2026-01-06,-1400.0
conservative_profit_ladder,2026-01-07,220.0
conservative_profit_ladder,2026-01-08,-940.0
conservative_profit_ladder,2026-01-09,-910.0
conservative_profit_ladder,2026-01-12,740.0
conservative_profit_ladder,2026-01-13,-1200.0
conservative_profit_ladder,2026-01-14,1510.0
conservative_profit_ladder,2026-01-15,390.0
conservative_profit_ladder,2026-01-16,5130.0
conservative_profit_ladder,2026-01-20,3810.0
conservative_profit_ladder,2026-01-21,16800.0
conservative_profit_ladder,2026-01-22,3660.0
conservative_profit_ladder,2026-01-23,570.0
conservative_profit_ladder,2026-01-26,150.0
conservative_profit_ladder,2026-01-27,4710.0
conservative_profit_ladder,2026-01-28,4680.0
conservative_profit_ladder,2026-01-29,12900.0
conservative_profit_ladder,2026-01-30,-1860.0
conservative_profit_ladder,2026-02-02,-30.0
conservative_profit_ladder,2026-02-03,7530.0
conservative_profit_ladder,2026-02-04,-4050.0
conservative_profit_ladder,2026-02-05,10290.0
conservative_profit_ladder,2026-02-09,4440.0
conservative_profit_ladder,2026-02-10,780.0
conservative_profit_ladder,2026-02-11,7830.0
conservative_profit_ladder,2026-02-12,7200.0
conservative_profit_ladder,2026-02-13,12270.0
conservative_profit_ladder,2026-02-17,16740.0
conservative_profit_ladder,2026-02-18,-2010.0
conservative_profit_ladder,2026-02-19,750.0
conservative_profit_ladder,2026-02-20,7440.0
conservative_profit_ladder,2026-02-23,6000.0
conservative_profit_ladder,2026-02-24,5490.0
conservative_profit_ladder,2026-02-25,-1680.0
conservative_profit_ladder,2026-02-26,660.0
conservative_profit_ladder,2026-02-27,3660.0
conservative_profit_ladder,2026-03-02,-2610.0
conservative_profit_ladder,2026-03-03,25570.0
conservative_profit_ladder,2026-03-04,-5520.0
conservative_profit_ladder,2026-03-05,14700.0
conservative_profit_ladder,2026-03-06,6030.0
conservative_profit_ladder,2026-03-09,3390.0
conservative_profit_ladder,2026-03-10,-3090.0
conservative_profit_ladder,2026-03-11,-4770.0
conservative_profit_ladder,2026-03-12,1330.0
conservative_profit_ladder,2026-03-13,-1020.0
conservative_profit_ladder,2026-03-16,-1320.0
conservative_profit_ladder,2026-03-17,200.0
conservative_profit_ladder,2026-03-18,2430.0
conservative_profit_ladder,2026-03-19,6690.0
conservative_profit_ladder,2026-03-20,7950.0
conservative_profit_ladder,2026-03-23,11370.0
conservative_profit_ladder,2026-03-24,6180.0
conservative_profit_ladder,2026-03-25,-1560.0
conservative_profit_ladder,2026-03-26,390.0
conservative_profit_ladder,2026-03-27,4950.0
conservative_profit_ladder,2026-03-30,16140.0
conservative_profit_ladder,2026-03-31,8880.0
recovery_lock_ladder,2024-10-01,4070.0
recovery_lock_ladder,2024-10-02,2510.0
recovery_lock_ladder,2024-10-03,2550.0
recovery_lock_ladder,2024-10-04,-870.0
recovery_lock_ladder,2024-10-07,170.0
recovery_lock_ladder,2024-10-08,1040.0
recovery_lock_ladder,2024-10-09,1030.0
recovery_lock_ladder,2024-10-10,630.0
recovery_lock_ladder,2024-10-11,2670.0
recovery_lock_ladder,2024-10-14,-930.0
recovery_lock_ladder,2024-10-15,670.0
recovery_lock_ladder,2024-10-16,930.0
recovery_lock_ladder,2024-10-17,180.0
recovery_lock_ladder,2024-10-18,670.0
recovery_lock_ladder,2024-10-21,2170.0
recovery_lock_ladder,2024-10-22,-480.0
recovery_lock_ladder,2024-10-23,1170.0
recovery_lock_ladder,2024-10-24,-630.0
recovery_lock_ladder,2024-10-25,3070.0
recovery_lock_ladder,2024-10-28,-360.0
recovery_lock_ladder,2024-10-29,1540.0
recovery_lock_ladder,2024-10-30,720.0
recovery_lock_ladder,2024-10-31,-2040.0
recovery_lock_ladder,2024-11-01,1720.0
recovery_lock_ladder,2024-11-04,120.0
recovery_lock_ladder,2024-11-05,2330.0
recovery_lock_ladder,2024-11-06,460.0
recovery_lock_ladder,2024-11-07,440.0
recovery_lock_ladder,2024-11-08,-20.0
recovery_lock_ladder,2024-11-11,-160.0
recovery_lock_ladder,2024-11-12,870.0
recovery_lock_ladder,2024-11-13,1930.0
recovery_lock_ladder,2024-11-14,460.0
recovery_lock_ladder,2024-11-15,3440.0
recovery_lock_ladder,2024-11-18,3120.0
recovery_lock_ladder,2024-11-19,-1660.0
recovery_lock_ladder,2024-11-20,6310.0
recovery_lock_ladder,2024-11-21,11420.0
recovery_lock_ladder,2024-11-22,-1320.0
recovery_lock_ladder,2024-11-25,1180.0
recovery_lock_ladder,2024-11-26,-840.0
recovery_lock_ladder,2024-11-27,1130.0
recovery_lock_ladder,2024-11-29,1420.0
recovery_lock_ladder,2024-12-02,-560.0
recovery_lock_ladder,2024-12-03,-1340.0
recovery_lock_ladder,2024-12-04,-460.0
recovery_lock_ladder,2024-12-05,-580.0
recovery_lock_ladder,2024-12-06,190.0
recovery_lock_ladder,2024-12-09,70.0
recovery_lock_ladder,2024-12-10,290.0
recovery_lock_ladder,2024-12-11,110.0
recovery_lock_ladder,2024-12-12,-1080.0
recovery_lock_ladder,2024-12-13,1220.0
recovery_lock_ladder,2024-12-16,670.0
recovery_lock_ladder,2024-12-17,2380.0
recovery_lock_ladder,2024-12-18,1100.0
recovery_lock_ladder,2024-12-19,-880.0
recovery_lock_ladder,2024-12-20,3900.0
recovery_lock_ladder,2024-12-23,4340.0
recovery_lock_ladder,2024-12-24,1100.0
recovery_lock_ladder,2024-12-26,780.0
recovery_lock_ladder,2024-12-27,11890.0
recovery_lock_ladder,2024-12-30,-3750.0
recovery_lock_ladder,2024-12-31,890.0
recovery_lock_ladder,2025-07-01,320.0
recovery_lock_ladder,2025-07-02,690.0
recovery_lock_ladder,2025-07-03,550.0
recovery_lock_ladder,2025-07-07,4520.0
recovery_lock_ladder,2025-07-08,3030.0
recovery_lock_ladder,2025-07-09,1750.0
recovery_lock_ladder,2025-07-10,3020.0
recovery_lock_ladder,2025-07-11,1140.0
recovery_lock_ladder,2025-07-14,2450.0
recovery_lock_ladder,2025-07-15,4440.0
recovery_lock_ladder,2025-07-16,11820.0
recovery_lock_ladder,2025-07-17,3310.0
recovery_lock_ladder,2025-07-18,-270.0
recovery_lock_ladder,2025-07-21,1250.0
recovery_lock_ladder,2025-07-22,2550.0
recovery_lock_ladder,2025-07-23,-60.0
recovery_lock_ladder,2025-07-24,1080.0
recovery_lock_ladder,2025-07-25,1220.0
recovery_lock_ladder,2025-07-28,1980.0
recovery_lock_ladder,2025-07-29,1620.0
recovery_lock_ladder,2025-07-30,7580.0
recovery_lock_ladder,2025-07-31,-3150.0
recovery_lock_ladder,2025-08-01,7620.0
recovery_lock_ladder,2025-08-04,1970.0
recovery_lock_ladder,2025-08-05,8520.0
recovery_lock_ladder,2025-08-06,7530.0
recovery_lock_ladder,2025-08-07,-4260.0
recovery_lock_ladder,2025-08-08,1320.0
recovery_lock_ladder,2025-08-11,-1950.0
recovery_lock_ladder,2025-08-12,2670.0
recovery_lock_ladder,2025-08-13,2340.0
recovery_lock_ladder,2025-08-14,450.0
recovery_lock_ladder,2025-08-15,1560.0
recovery_lock_ladder,2025-08-18,-750.0
recovery_lock_ladder,2025-08-19,4410.0
recovery_lock_ladder,2025-08-20,-1820.0
recovery_lock_ladder,2025-08-21,5690.0
recovery_lock_ladder,2025-08-22,14370.0
recovery_lock_ladder,2025-08-25,1350.0
recovery_lock_ladder,2025-08-26,300.0
recovery_lock_ladder,2025-08-27,840.0
recovery_lock_ladder,2025-08-28,1200.0
recovery_lock_ladder,2025-08-29,2500.0
recovery_lock_ladder,2025-09-02,-2430.0
recovery_lock_ladder,2025-09-03,1310.0
recovery_lock_ladder,2025-09-04,3870.0
recovery_lock_ladder,2025-09-05,15330.0
recovery_lock_ladder,2025-09-08,4140.0
recovery_lock_ladder,2025-09-09,1110.0
recovery_lock_ladder,2025-09-10,-1320.0
recovery_lock_ladder,2025-09-11,3840.0
recovery_lock_ladder,2025-09-12,1820.0
recovery_lock_ladder,2025-09-15,1410.0
recovery_lock_ladder,2025-09-16,-1050.0
recovery_lock_ladder,2025-09-17,14460.0
recovery_lock_ladder,2025-09-18,4480.0
recovery_lock_ladder,2025-09-19,1380.0
recovery_lock_ladder,2025-09-22,3930.0
recovery_lock_ladder,2025-09-23,4740.0
recovery_lock_ladder,2025-09-24,600.0
recovery_lock_ladder,2025-09-25,-4830.0
recovery_lock_ladder,2025-09-26,9040.0
recovery_lock_ladder,2025-09-29,1140.0
recovery_lock_ladder,2025-09-30,1860.0
recovery_lock_ladder,2025-10-01,-1020.0
recovery_lock_ladder,2025-10-02,3840.0
recovery_lock_ladder,2025-10-03,5640.0
recovery_lock_ladder,2025-10-06,3050.0
recovery_lock_ladder,2025-10-07,1980.0
recovery_lock_ladder,2025-10-08,2800.0
recovery_lock_ladder,2025-10-09,1360.0
recovery_lock_ladder,2025-10-10,2190.0
recovery_lock_ladder,2025-10-13,6120.0
recovery_lock_ladder,2025-10-14,2540.0
recovery_lock_ladder,2025-10-15,9040.0
recovery_lock_ladder,2025-10-16,2190.0
recovery_lock_ladder,2025-10-17,-1170.0
recovery_lock_ladder,2025-10-20,5170.0
recovery_lock_ladder,2025-10-21,3150.0
recovery_lock_ladder,2025-10-22,5730.0
recovery_lock_ladder,2025-10-23,4350.0
recovery_lock_ladder,2025-10-24,3240.0
recovery_lock_ladder,2025-10-27,1260.0
recovery_lock_ladder,2025-10-28,-960.0
recovery_lock_ladder,2025-10-29,17360.0
recovery_lock_ladder,2025-10-30,1860.0
recovery_lock_ladder,2025-10-31,6320.0
recovery_lock_ladder,2025-11-03,8790.0
recovery_lock_ladder,2025-11-04,5210.0
recovery_lock_ladder,2025-11-05,-810.0
recovery_lock_ladder,2025-11-06,2390.0
recovery_lock_ladder,2025-11-07,3880.0
recovery_lock_ladder,2025-11-10,-810.0
recovery_lock_ladder,2025-11-11,-1410.0
recovery_lock_ladder,2025-11-12,5270.0
recovery_lock_ladder,2025-11-13,12100.0
recovery_lock_ladder,2025-11-14,15950.0
recovery_lock_ladder,2025-11-17,-810.0
recovery_lock_ladder,2025-11-18,12630.0
recovery_lock_ladder,2025-11-19,9650.0
recovery_lock_ladder,2025-11-20,14990.0
recovery_lock_ladder,2025-11-21,20910.0
recovery_lock_ladder,2025-11-24,7670.0
recovery_lock_ladder,2025-11-25,-1170.0
recovery_lock_ladder,2025-11-26,-1290.0
recovery_lock_ladder,2025-11-28,90.0
recovery_lock_ladder,2025-12-01,4160.0
recovery_lock_ladder,2025-12-02,4560.0
recovery_lock_ladder,2025-12-03,4740.0
recovery_lock_ladder,2025-12-04,4320.0
recovery_lock_ladder,2025-12-05,4860.0
recovery_lock_ladder,2025-12-08,5170.0
recovery_lock_ladder,2025-12-09,750.0
recovery_lock_ladder,2025-12-10,8110.0
recovery_lock_ladder,2025-12-11,-3120.0
recovery_lock_ladder,2025-12-12,3250.0
recovery_lock_ladder,2025-12-15,2430.0
recovery_lock_ladder,2025-12-16,-1680.0
recovery_lock_ladder,2025-12-17,5160.0
recovery_lock_ladder,2025-12-18,-1880.0
recovery_lock_ladder,2025-12-19,-750.0
recovery_lock_ladder,2025-12-22,1170.0
recovery_lock_ladder,2025-12-23,3030.0
recovery_lock_ladder,2025-12-24,570.0
recovery_lock_ladder,2025-12-26,-840.0
recovery_lock_ladder,2025-12-29,660.0
recovery_lock_ladder,2025-12-30,-1110.0
recovery_lock_ladder,2025-12-31,190.0
recovery_lock_ladder,2026-01-02,-1570.0
recovery_lock_ladder,2026-01-05,1160.0
recovery_lock_ladder,2026-01-06,-1400.0
recovery_lock_ladder,2026-01-07,220.0
recovery_lock_ladder,2026-01-08,-940.0
recovery_lock_ladder,2026-01-09,-910.0
recovery_lock_ladder,2026-01-12,740.0
recovery_lock_ladder,2026-01-13,-1030.0
recovery_lock_ladder,2026-01-14,1510.0
recovery_lock_ladder,2026-01-15,-30.0
recovery_lock_ladder,2026-01-16,5150.0
recovery_lock_ladder,2026-01-20,2670.0
recovery_lock_ladder,2026-01-21,16800.0
recovery_lock_ladder,2026-01-22,3660.0
recovery_lock_ladder,2026-01-23,570.0
recovery_lock_ladder,2026-01-26,150.0
recovery_lock_ladder,2026-01-27,4430.0
recovery_lock_ladder,2026-01-28,3120.0
recovery_lock_ladder,2026-01-29,12900.0
recovery_lock_ladder,2026-01-30,-1240.0
recovery_lock_ladder,2026-02-02,-30.0
recovery_lock_ladder,2026-02-03,7030.0
recovery_lock_ladder,2026-02-04,-4050.0
recovery_lock_ladder,2026-02-05,10030.0
recovery_lock_ladder,2026-02-09,4440.0
recovery_lock_ladder,2026-02-10,780.0
recovery_lock_ladder,2026-02-11,7830.0
recovery_lock_ladder,2026-02-12,7200.0
recovery_lock_ladder,2026-02-13,11000.0
recovery_lock_ladder,2026-02-17,12960.0
recovery_lock_ladder,2026-02-18,-2010.0
recovery_lock_ladder,2026-02-19,630.0
recovery_lock_ladder,2026-02-20,7440.0
recovery_lock_ladder,2026-02-23,6000.0
recovery_lock_ladder,2026-02-24,5490.0
recovery_lock_ladder,2026-02-25,-910.0
recovery_lock_ladder,2026-02-26,660.0
recovery_lock_ladder,2026-02-27,2690.0
recovery_lock_ladder,2026-03-02,-2610.0
recovery_lock_ladder,2026-03-03,24500.0
recovery_lock_ladder,2026-03-04,-3680.0
recovery_lock_ladder,2026-03-05,10090.0
recovery_lock_ladder,2026-03-06,4100.0
recovery_lock_ladder,2026-03-09,3750.0
recovery_lock_ladder,2026-03-10,-3090.0
recovery_lock_ladder,2026-03-11,-4770.0
recovery_lock_ladder,2026-03-12,1330.0
recovery_lock_ladder,2026-03-13,-1020.0
recovery_lock_ladder,2026-03-16,-1320.0
recovery_lock_ladder,2026-03-17,200.0
recovery_lock_ladder,2026-03-18,2430.0
recovery_lock_ladder,2026-03-19,6280.0
recovery_lock_ladder,2026-03-20,6120.0
recovery_lock_ladder,2026-03-23,11370.0
recovery_lock_ladder,2026-03-24,5670.0
recovery_lock_ladder,2026-03-25,-1040.0
recovery_lock_ladder,2026-03-26,570.0
recovery_lock_ladder,2026-03-27,5560.0
recovery_lock_ladder,2026-03-30,15670.0
recovery_lock_ladder,2026-03-31,8880.0
